term_id,preferred_label,definition,source_ontology,dominant_physical_phase,is_water_based,concert_unit_route,review_status
AMH:0000001,plasma,Blood plasma used as an analytical matrix.,AMH,liquid,TRUE,aqueous,reviewed
AMH:0000002,serum,Blood serum used as an analytical matrix.,AMH,liquid,TRUE,aqueous,reviewed
AMH:0000003,leachate,A liquid that has percolated through or drained from another material.,AMH,liquid,TRUE,aqueous,reviewed
AMH:0000004,freshwater sediment,Sediment collected from a freshwater environment.,AMH,solid,FALSE,solid,reviewed
AMH:0000005,marine sediment,Sediment collected from a marine environment.,AMH,solid,FALSE,solid,reviewed
AMH:0000006,non-aqueous liquid,A liquid analytical matrix whose primary phase is not water.,AMH,__ENVHARMONIZER_MISSING__,FALSE,__ENVHARMONIZER_MISSING__,reviewed
AMH:0000007,dmso,Dimethyl sulfoxide used as an analytical matrix or vehicle.,AMH,liquid,FALSE,__ENVHARMONIZER_MISSING__,reviewed
AMH:0000008,acetone,Acetone used as an analytical matrix or vehicle.,AMH,liquid,FALSE,__ENVHARMONIZER_MISSING__,reviewed
AMH:0000009,ethanol,Ethanol used as an analytical matrix or vehicle.,AMH,liquid,FALSE,__ENVHARMONIZER_MISSING__,reviewed
AMH:0000010,methanol,Methanol used as an analytical matrix or vehicle.,AMH,liquid,FALSE,__ENVHARMONIZER_MISSING__,reviewed
AMH:0000011,corn oil,Corn oil used as an analytical matrix or vehicle.,AMH,liquid,FALSE,__ENVHARMONIZER_MISSING__,reviewed
AMH:0000012,olive oil,Olive oil used as an analytical matrix or vehicle.,AMH,liquid,FALSE,__ENVHARMONIZER_MISSING__,reviewed
AMH:0000013,propylene glycol,Propylene glycol used as an analytical matrix or vehicle.,AMH,liquid,FALSE,__ENVHARMONIZER_MISSING__,reviewed
AMH:0000014,gasoline,A petroleum-derived fuel used as an analytical matrix.,AMH,liquid,FALSE,__ENVHARMONIZER_MISSING__,reviewed
AMH:0000015,mud,A naturally mixed water and fine mineral or organic solid material treated as one matrix.,AMH,solid,FALSE,solid,reviewed
AMH:0000016,emulsion,A liquid mixture in which droplets of one liquid are dispersed in another.,AMH,liquid,FALSE,__ENVHARMONIZER_MISSING__,reviewed
AMH:0000017,distilled water,Water purified by distillation.,AMH,liquid,TRUE,aqueous,reviewed
AMH:0000018,deionized water,Water from which ions have been removed.,AMH,liquid,TRUE,aqueous,reviewed
AMH:0000019,milli-q water,Ultrapure laboratory water described by the reported Milli-Q designation.,AMH,liquid,TRUE,aqueous,reviewed
AMH:0000020,runoff,Water flowing over land after precipitation or release.,AMH,liquid,TRUE,aqueous,reviewed
AMH:0000021,suspended solids,Solid particles retained as the analyzed fraction of a suspension.,AMH,solid,FALSE,solid,reviewed
AMH:0000022,particulate matter,Particulate material analyzed as a solid fraction.,AMH,solid,FALSE,solid,reviewed
AMH:0000023,clean air,Air described as clean or contaminant-free by the source method.,AMH,gas,FALSE,air,reviewed
AMH:0000024,vapor,A gas-phase analytical matrix reported as vapor.,AMH,gas,FALSE,air,reviewed
AMH:0000025,aerosol,An aerosol analyzed through a gas-route compatibility workflow.,AMH,gas,FALSE,air,reviewed
AMH:0000026,solid analytical matrix,A source matrix reported only as solid without further material identity.,AMH,solid,FALSE,solid,reviewed
AMH:0000027,vehicle,A formulation vehicle reported as the analytical matrix.,AMH,liquid,FALSE,__ENVHARMONIZER_MISSING__,reviewed
AMH:0000028,biological fluid,A water-based fluid derived from an organism and used as an analytical matrix.,AMH,liquid,TRUE,aqueous,reviewed
AMH:0000029,lake water,Fresh water collected from a lake.,AMH,liquid,TRUE,aqueous,reviewed
AMH:0000030,oil,An oil reported without enough evidence for a more specific material term.,AMH,liquid,FALSE,__ENVHARMONIZER_MISSING__,reviewed
AMH:0000031,tissue,Animal or plant tissue used as an analytical matrix.,AMH,solid,FALSE,solid,reviewed
AMH:0000032,food,Food or feed material used as an analytical matrix.,AMH,solid,FALSE,solid,reviewed
AMH:0000033,indoor air,Air within an enclosed building or structure used as an analytical matrix.,AMH,gas,FALSE,air,reviewed
AMH:0000034,urine,Urine used as an analytical matrix.,AMH,liquid,TRUE,aqueous,reviewed
AMH:0000035,liver,Liver tissue used as an analytical matrix.,AMH,solid,FALSE,solid,reviewed
AMH:0000036,kidney,Kidney tissue used as an analytical matrix.,AMH,solid,FALSE,solid,reviewed
AMH:0000037,muscle,Muscle tissue used as an analytical matrix.,AMH,solid,FALSE,solid,reviewed
AMH:0000038,fuel,A refined petroleum or biofuel liquid used as an analytical matrix.,AMH,liquid,FALSE,__ENVHARMONIZER_MISSING__,reviewed
AMH:0000039,adipose tissue,Fat tissue used as an analytical matrix.,AMH,solid,FALSE,solid,reviewed
AMH:0000040,brain,Brain tissue used as an analytical matrix.,AMH,solid,FALSE,solid,reviewed
AMH:0000041,feces,Fecal material used as an analytical matrix.,AMH,solid,FALSE,solid,reviewed
AMH:0000042,polymeric material,A polymer or plastic material used as an analytical matrix.,AMH,solid,FALSE,solid,reviewed
AMH:0000043,cannabis,Cannabis plant material used as an analytical matrix.,AMH,solid,FALSE,solid,reviewed
AMH:0000044,textile,A textile or fabric product analyzed for its chemical content.,AMH,solid,FALSE,solid,reviewed
AMH:0000049,analytical matrix,A material or organism analyzed by an AMOS method.,AMH,__ENVHARMONIZER_MISSING__,FALSE,__ENVHARMONIZER_MISSING__,reviewed
AMH:0000050,body-derived material,A whole organism or material derived from an organism and analyzed by an AMOS method.,AMH,__ENVHARMONIZER_MISSING__,FALSE,__ENVHARMONIZER_MISSING__,reviewed
ENVO:00000003,mine tailing,Mine tailings are the materials left over after the process of separating the valuable fraction from the uneconomic fraction (gangue) of an ore.,ENVO,__ENVHARMONIZER_MISSING__,FALSE,__ENVHARMONIZER_MISSING__,upstream
ENVO:00000134,permafrost,An environmental material which is 1) composed primarily of soil or rock and included ice or organic material and 2) at or below the freezing point of water for two or more years.,ENVO,__ENVHARMONIZER_MISSING__,FALSE,__ENVHARMONIZER_MISSING__,upstream
ENVO:00000194,scree,"Broken rock that appears at the bottom of crags, mountain cliffs or valley shoulders.",ENVO,__ENVHARMONIZER_MISSING__,FALSE,__ENVHARMONIZER_MISSING__,upstream
ENVO:00000338,vomit material,"A bodily fluid material which is composed primarily of vomit, a bodily fluid consisting of the expulsed contents of the stomach of an organism disgorged through the mouth or nose.",ENVO,__ENVHARMONIZER_MISSING__,FALSE,__ENVHARMONIZER_MISSING__,upstream
ENVO:00000546,lake sediment,"Lake sediment is sediment which covers the bottom of a lake. Lake sediments are comprised mainly of clastic material (sediment of clay, silt, and sand sizes), organic debris, chemical precipitates, or combinations of these.",ENVO,__ENVHARMONIZER_MISSING__,FALSE,__ENVHARMONIZER_MISSING__,upstream
ENVO:00001995,rock,A rock is a naturally occurring solid aggregate of one or more minerals or mineraloids.,ENVO,__ENVHARMONIZER_MISSING__,FALSE,__ENVHARMONIZER_MISSING__,upstream
ENVO:00001998,soil,"An environmental material which is primarily composed of minerals, varying proportions of sand, silt, and clay, organic material such as humus, interstitial gases, liquids, and a broad range of resident micro- and macroorganisms.",ENVO,solid,FALSE,solid,upstream
ENVO:00002001,waste water,Water that has been adversely affected in quality by anthropogenic influence.,ENVO,liquid,TRUE,aqueous,upstream
ENVO:00002003,fecal material,"An excreta material which is composed primarily of feces, an excreta consisting of waste products expelled from an animal's digestive tract through the anus (or cloaca) during defecation.",ENVO,__ENVHARMONIZER_MISSING__,FALSE,__ENVHARMONIZER_MISSING__,upstream
ENVO:00002005,air,"The mixture of gases (roughly (by molar content/volume: 78% nitrogen, 20.95% oxygen, 0.93% argon, 0.038% carbon dioxide, trace amounts of other gases, and a variable amount (average around 1%) of water vapor) that surrounds the planet Earth.",ENVO,gas,FALSE,air,upstream
ENVO:00002006,liquid water,An environmental material primarily composed of dihydrogen oxide in its liquid form.,ENVO,liquid,TRUE,aqueous,upstream
ENVO:00002007,sediment,Particulate environmental material which is formed as a result of the transport and deposition of particles by flowing liquid.,ENVO,solid,FALSE,solid,upstream
ENVO:00002008,dust,Particulate environmental material with diameters less than 500 micrometers.,ENVO,solid,FALSE,solid,upstream
ENVO:00002010,saline water,Water which contains a significant concentration of dissolved salts.,ENVO,__ENVHARMONIZER_MISSING__,FALSE,__ENVHARMONIZER_MISSING__,upstream
ENVO:00002011,fresh water,"Water which has a low concentration of dissolved solutes, particularly that of sodium chloride.",ENVO,liquid,TRUE,aqueous,upstream
ENVO:00002012,hypersaline water,"Water which contains a highly increased concentration of dissolved salts, surpassing the average salinity of seawater.",ENVO,__ENVHARMONIZER_MISSING__,FALSE,__ENVHARMONIZER_MISSING__,upstream
ENVO:00002013,igneous rock,Rock formed from molten magma.,ENVO,__ENVHARMONIZER_MISSING__,FALSE,__ENVHARMONIZER_MISSING__,upstream
ENVO:00002014,plutonic rock,An igneous rock that results from the crystallization of a magma below the surface of the Earth.,ENVO,__ENVHARMONIZER_MISSING__,FALSE,__ENVHARMONIZER_MISSING__,upstream
ENVO:00002015,volcanic rock,An igneous rock that results from magma reaching the surface either as lava or fragmental ejecta.,ENVO,__ENVHARMONIZER_MISSING__,FALSE,__ENVHARMONIZER_MISSING__,upstream
ENVO:00002016,sedimentary rock,"A rock formed by deposition of either clastic sediments, organic matter, or chemical precipitates (evaporites), followed by compaction of the particulate matter and cementation during diagenesis.",ENVO,__ENVHARMONIZER_MISSING__,FALSE,__ENVHARMONIZER_MISSING__,upstream
ENVO:00002017,metamorphic rock,A rock formed by subjecting any rock type (including previously-formed metamorphic rock) to different temperature and pressure conditions than those in which the original rock was formed. These temperatures and pressures are always higher than those at the Earth's surface and must be sufficiently high so as to change the original minerals into other mineral types or else into other forms of the same minerals (e.g. by recrystallisation).,ENVO,__ENVHARMONIZER_MISSING__,FALSE,__ENVHARMONIZER_MISSING__,upstream
ENVO:00002018,sewage,"Wastewater that is contaminated with feces or urine,",ENVO,__ENVHARMONIZER_MISSING__,FALSE,__ENVHARMONIZER_MISSING__,upstream
ENVO:00002019,brackish water,Water which has a higher salinity than fresh water but a lower salinity than marine water.,ENVO,__ENVHARMONIZER_MISSING__,FALSE,__ENVHARMONIZER_MISSING__,upstream
ENVO:00002040,wood,__ENVHARMONIZER_MISSING__,ENVO,__ENVHARMONIZER_MISSING__,FALSE,__ENVHARMONIZER_MISSING__,upstream
ENVO:00002042,surface water,Water that is found on the surface of an astronomical object.,ENVO,liquid,TRUE,aqueous,upstream
ENVO:00002044,sludge,"The residual semi-solid material left from domestic or industrial processes, or wastewater treatment processes.",ENVO,solid,FALSE,solid,upstream
ENVO:00002045,anaerobic sediment,Sediment characterised by the absence of oxygen.,ENVO,__ENVHARMONIZER_MISSING__,FALSE,__ENVHARMONIZER_MISSING__,upstream
ENVO:00002046,activated sludge,__ENVHARMONIZER_MISSING__,ENVO,__ENVHARMONIZER_MISSING__,FALSE,__ENVHARMONIZER_MISSING__,upstream
ENVO:00002047,urine material,"An excreta material which is composed primarily of urine, a liquid excreta containing water and waste products made by the kidneys, stored in the bladder, and leaves the body through the urethra.",ENVO,__ENVHARMONIZER_MISSING__,FALSE,__ENVHARMONIZER_MISSING__,upstream
ENVO:00002053,limestone,A sedimentary rock which is composed primarily of calcium carbonate in the form of calcite or aragnoite.,ENVO,__ENVHARMONIZER_MISSING__,FALSE,__ENVHARMONIZER_MISSING__,upstream
ENVO:00002054,chalk,"Limestone which is soft, white, and porous.",ENVO,__ENVHARMONIZER_MISSING__,FALSE,__ENVHARMONIZER_MISSING__,upstream
ENVO:00002055,sandstone,A sedimentary rock composed mainly of sand-size mineral or rock grains.,ENVO,__ENVHARMONIZER_MISSING__,FALSE,__ENVHARMONIZER_MISSING__,upstream
ENVO:00002056,shale,"A fine-grained sedimentary rock whose original constituents were clays or muds. It is characterized by thin laminae breaking with an irregular curving fracture, often splintery and usually parallel to the often-indistinguishable bedding plane.",ENVO,__ENVHARMONIZER_MISSING__,FALSE,__ENVHARMONIZER_MISSING__,upstream
ENVO:00002057,raw primary sludge,__ENVHARMONIZER_MISSING__,ENVO,__ENVHARMONIZER_MISSING__,FALSE,__ENVHARMONIZER_MISSING__,upstream
ENVO:00002058,secondary sludge,__ENVHARMONIZER_MISSING__,ENVO,__ENVHARMONIZER_MISSING__,FALSE,__ENVHARMONIZER_MISSING__,upstream
ENVO:00002059,biosolids,"A treated form of sludge, sometimes used as a fertilizer in agriculture.",ENVO,__ENVHARMONIZER_MISSING__,FALSE,__ENVHARMONIZER_MISSING__,upstream
ENVO:00002060,oil sludge,"A solid or gel in motor oil caused by the oil gelling or solidifying, usually at temperatures lower than 100deg C.",ENVO,__ENVHARMONIZER_MISSING__,FALSE,__ENVHARMONIZER_MISSING__,upstream
ENVO:00002113,deep marine sediment,"Sediment that accumulates in the flat or very gently sloping areas of the deep ocean basin floor. The three main types of deep marine sediment, also known as pelagic sediment, are siliceous oozes, calcareous oozes, and red clays.",ENVO,__ENVHARMONIZER_MISSING__,FALSE,__ENVHARMONIZER_MISSING__,upstream
ENVO:00002114,chemically enriched sediment,Sediment which has increased levels of one or more chemical compounds.,ENVO,__ENVHARMONIZER_MISSING__,FALSE,__ENVHARMONIZER_MISSING__,upstream
ENVO:00002115,petroleum enriched sediment,Organically enriched sediment which has increased levels of petroleum.,ENVO,__ENVHARMONIZER_MISSING__,FALSE,__ENVHARMONIZER_MISSING__,upstream
ENVO:00002116,contaminated soil,A portion of contaminated soil is a portion of soil with elevated levels of some contaminant.,ENVO,__ENVHARMONIZER_MISSING__,FALSE,__ENVHARMONIZER_MISSING__,upstream
ENVO:00002117,creosote contaminated soil,Soil which has elevated concentrations of creosote.,ENVO,__ENVHARMONIZER_MISSING__,FALSE,__ENVHARMONIZER_MISSING__,upstream
ENVO:00002118,sea sand,__ENVHARMONIZER_MISSING__,ENVO,__ENVHARMONIZER_MISSING__,FALSE,__ENVHARMONIZER_MISSING__,upstream
ENVO:00002122,arsenic-rich mud,Mud which has elevated concentrations of arsenic.,ENVO,__ENVHARMONIZER_MISSING__,FALSE,__ENVHARMONIZER_MISSING__,upstream
ENVO:00002127,stream sediment,__ENVHARMONIZER_MISSING__,ENVO,__ENVHARMONIZER_MISSING__,FALSE,__ENVHARMONIZER_MISSING__,upstream
ENVO:00002129,anaerobic sludge,__ENVHARMONIZER_MISSING__,ENVO,__ENVHARMONIZER_MISSING__,FALSE,__ENVHARMONIZER_MISSING__,upstream
ENVO:00002133,anaerobic mud,Mud which has no or neglible concentrations of dissolved oxygen.,ENVO,__ENVHARMONIZER_MISSING__,FALSE,__ENVHARMONIZER_MISSING__,upstream
ENVO:00002134,anaerobic stream sediment,__ENVHARMONIZER_MISSING__,ENVO,__ENVHARMONIZER_MISSING__,FALSE,__ENVHARMONIZER_MISSING__,upstream
ENVO:00002135,treated wood,__ENVHARMONIZER_MISSING__,ENVO,__ENVHARMONIZER_MISSING__,FALSE,__ENVHARMONIZER_MISSING__,upstream
ENVO:00002136,arsenate treated wood,__ENVHARMONIZER_MISSING__,ENVO,__ENVHARMONIZER_MISSING__,FALSE,__ENVHARMONIZER_MISSING__,upstream
ENVO:00002138,beach sand,__ENVHARMONIZER_MISSING__,ENVO,__ENVHARMONIZER_MISSING__,FALSE,__ENVHARMONIZER_MISSING__,upstream
ENVO:00002141,leachate,"The liquid produced when water percolates through any permeable material. It can contain either dissolved or suspended material, or usually both.",ENVO,__ENVHARMONIZER_MISSING__,FALSE,__ENVHARMONIZER_MISSING__,upstream
ENVO:00002142,borax leachate,__ENVHARMONIZER_MISSING__,ENVO,__ENVHARMONIZER_MISSING__,FALSE,__ENVHARMONIZER_MISSING__,upstream
ENVO:00002145,chromate contaminated soil,Soil which has elevated concentrations of chromate.,ENVO,__ENVHARMONIZER_MISSING__,FALSE,__ENVHARMONIZER_MISSING__,upstream
ENVO:00002146,xylene contaminated soil,Soil which has elevated concentrations of xylene.,ENVO,__ENVHARMONIZER_MISSING__,FALSE,__ENVHARMONIZER_MISSING__,upstream
ENVO:00002147,coal mine lake sediment,Coal mine lake sediment is lake sediment which covers the bottom of a coal mine lake.,ENVO,__ENVHARMONIZER_MISSING__,FALSE,__ENVHARMONIZER_MISSING__,upstream
ENVO:00002148,coarse beach sand,__ENVHARMONIZER_MISSING__,ENVO,__ENVHARMONIZER_MISSING__,FALSE,__ENVHARMONIZER_MISSING__,upstream
ENVO:00002149,sea water,Water which has physicochemical properties that have been determined by the processes occuring in a sea or ocean.,ENVO,liquid,TRUE,aqueous,upstream
ENVO:00002150,coastal sea water,Coastal sea water is sea water that is adjacent to a coast.,ENVO,__ENVHARMONIZER_MISSING__,FALSE,__ENVHARMONIZER_MISSING__,upstream
ENVO:00002154,radioactive sediment,__ENVHARMONIZER_MISSING__,ENVO,__ENVHARMONIZER_MISSING__,FALSE,__ENVHARMONIZER_MISSING__,upstream
ENVO:00002155,high-level radioactive sediment,__ENVHARMONIZER_MISSING__,ENVO,__ENVHARMONIZER_MISSING__,FALSE,__ENVHARMONIZER_MISSING__,upstream
ENVO:00002158,ditch water,__ENVHARMONIZER_MISSING__,ENVO,__ENVHARMONIZER_MISSING__,FALSE,__ENVHARMONIZER_MISSING__,upstream
ENVO:00002159,drilling bore water,__ENVHARMONIZER_MISSING__,ENVO,__ENVHARMONIZER_MISSING__,FALSE,__ENVHARMONIZER_MISSING__,upstream
ENVO:00002160,estuarine mud,Mud which is part of an estuary.,ENVO,__ENVHARMONIZER_MISSING__,FALSE,__ENVHARMONIZER_MISSING__,upstream
ENVO:00002164,fossil material,A solid environmental material which is formed by the replacement of organic substances (including those in soils and sediments) with mineral material.,ENVO,__ENVHARMONIZER_MISSING__,FALSE,__ENVHARMONIZER_MISSING__,upstream
ENVO:00002170,compost,Manure which has been derived from the aerobically decomposed remnants of organic materials.,ENVO,__ENVHARMONIZER_MISSING__,FALSE,__ENVHARMONIZER_MISSING__,upstream
ENVO:00002171,hay compost,__ENVHARMONIZER_MISSING__,ENVO,__ENVHARMONIZER_MISSING__,FALSE,__ENVHARMONIZER_MISSING__,upstream
ENVO:00002176,contaminated sludge,__ENVHARMONIZER_MISSING__,ENVO,__ENVHARMONIZER_MISSING__,FALSE,__ENVHARMONIZER_MISSING__,upstream
ENVO:00002177,"1,4-dioxane contaminated sludge",__ENVHARMONIZER_MISSING__,ENVO,__ENVHARMONIZER_MISSING__,FALSE,__ENVHARMONIZER_MISSING__,upstream
ENVO:00002179,intertidal sediment,__ENVHARMONIZER_MISSING__,ENVO,__ENVHARMONIZER_MISSING__,FALSE,__ENVHARMONIZER_MISSING__,upstream
ENVO:00002180,naphthalene enriched sediment,Organically enriched sediment which has increased levels of naphthalene.,ENVO,__ENVHARMONIZER_MISSING__,FALSE,__ENVHARMONIZER_MISSING__,upstream
ENVO:00002182,nitrobenzene enriched sediment,Organically enriched sediment which has increased levels of nitrobenzene.,ENVO,__ENVHARMONIZER_MISSING__,FALSE,__ENVHARMONIZER_MISSING__,upstream
ENVO:00002186,contaminated water,__ENVHARMONIZER_MISSING__,ENVO,__ENVHARMONIZER_MISSING__,FALSE,__ENVHARMONIZER_MISSING__,upstream
ENVO:00002191,animal litter,Straw or other material strewn in an animal's enclosure (e.g. a stable) for it to sleep on and to absorb its faeces and urine.,ENVO,__ENVHARMONIZER_MISSING__,FALSE,__ENVHARMONIZER_MISSING__,upstream
ENVO:00002192,poultry litter,__ENVHARMONIZER_MISSING__,ENVO,__ENVHARMONIZER_MISSING__,FALSE,__ENVHARMONIZER_MISSING__,upstream
ENVO:00002193,pulp-bleaching waste water,__ENVHARMONIZER_MISSING__,ENVO,__ENVHARMONIZER_MISSING__,FALSE,__ENVHARMONIZER_MISSING__,upstream
ENVO:00002194,oil field production water,__ENVHARMONIZER_MISSING__,ENVO,__ENVHARMONIZER_MISSING__,FALSE,__ENVHARMONIZER_MISSING__,upstream
ENVO:00002200,sea ice,Water ice which has formed by the freezing of sea water.,ENVO,__ENVHARMONIZER_MISSING__,FALSE,__ENVHARMONIZER_MISSING__,upstream
ENVO:00002201,cis-dichloroethane contaminated sediment,Organically enriched sediment which has increased levels of cis-dichloroethane.,ENVO,__ENVHARMONIZER_MISSING__,FALSE,__ENVHARMONIZER_MISSING__,upstream
ENVO:00002202,organically enriched sediment,Chemically-enriched sediment which has increased levels of organic compounds.,ENVO,__ENVHARMONIZER_MISSING__,FALSE,__ENVHARMONIZER_MISSING__,upstream
ENVO:00002203,inorganically enriched sediment,Chemically-enriched sediment which has increased levels of inorganic compounds.,ENVO,__ENVHARMONIZER_MISSING__,FALSE,__ENVHARMONIZER_MISSING__,upstream
ENVO:00002206,coal mine waste material,__ENVHARMONIZER_MISSING__,ENVO,__ENVHARMONIZER_MISSING__,FALSE,__ENVHARMONIZER_MISSING__,upstream
ENVO:00002207,self-heating coal mine waste material,__ENVHARMONIZER_MISSING__,ENVO,__ENVHARMONIZER_MISSING__,FALSE,__ENVHARMONIZER_MISSING__,upstream
ENVO:00002209,saline lake sediment,Saline lake sediment is sediment which covers the bottom of a saline lake.,ENVO,__ENVHARMONIZER_MISSING__,FALSE,__ENVHARMONIZER_MISSING__,upstream
ENVO:00002212,thermophilic granular sludge,__ENVHARMONIZER_MISSING__,ENVO,__ENVHARMONIZER_MISSING__,FALSE,__ENVHARMONIZER_MISSING__,upstream
ENVO:00002223,oligotrophic water,Water which has very low concentrations of nutrients.,ENVO,__ENVHARMONIZER_MISSING__,FALSE,__ENVHARMONIZER_MISSING__,upstream
ENVO:00002224,eutrophic water,Water with a high nutrient level.,ENVO,__ENVHARMONIZER_MISSING__,FALSE,__ENVHARMONIZER_MISSING__,upstream
ENVO:00002225,mesotrophic water,Water with a nutrient level intermediate between eutrophic and oligotrophic.,ENVO,__ENVHARMONIZER_MISSING__,FALSE,__ENVHARMONIZER_MISSING__,upstream
ENVO:00002228,pond water,__ENVHARMONIZER_MISSING__,ENVO,__ENVHARMONIZER_MISSING__,FALSE,__ENVHARMONIZER_MISSING__,upstream
ENVO:00002229,arenosol,"Arenosols are sandy soils, including both soils developed in residual sands after in situ weathering of usually quartz-rich sediments or rock, and soils developed in recently deposited sands such as dunes in deserts and beach lands.",ENVO,__ENVHARMONIZER_MISSING__,FALSE,__ENVHARMONIZER_MISSING__,upstream
ENVO:00002230,anthrosol,"Anthrosols comprise soils that have been modified profoundly through human activities, such as addition of organic materials or household wastes, irrigation and cultivation.",ENVO,__ENVHARMONIZER_MISSING__,FALSE,__ENVHARMONIZER_MISSING__,upstream
ENVO:00002231,alisol,"Alisols are soils that have a higher clay content in the subsoil than in the topsoil as a result of pedogenetic processes (especially clay migration) leading to an argic subsoil horizon. Alisols have a low base saturation at certain depths and high-activity clays throughout the argic horizon. They lack the albeluvic tonguing as in Albeluvisols. They occur predominantly in humid tropical, humid subtropical and warm temperate regions.",ENVO,__ENVHARMONIZER_MISSING__,FALSE,__ENVHARMONIZER_MISSING__,upstream
ENVO:00002232,andosol,"Andosols are soils that develop in volcanic ejecta or glasses under almost any climate (except under hyperarid climate conditions). However, Andosols may also develop in other silicate-rich materials under acid weathering in humid and perhumid climates.",ENVO,__ENVHARMONIZER_MISSING__,FALSE,__ENVHARMONIZER_MISSING__,upstream
ENVO:00002233,albeluvisol,"Albeluvisols are soils that have, beginning within 1 m of the soil surface, a clay illuviation horizon with an irregular or broken upper boundary resulting in tonguing of bleached soil material into the illuviation horizon.",ENVO,__ENVHARMONIZER_MISSING__,FALSE,__ENVHARMONIZER_MISSING__,upstream
ENVO:00002234,acrisol,Acrisols are soils that have a higher clay content in the subsoil than in the topsoil as a result of pedogenetic processes (especially clay migration) leading to an argic subsoil horizon. Acrisols have in certain depths a low base saturation and low-activity clays.,ENVO,__ENVHARMONIZER_MISSING__,FALSE,__ENVHARMONIZER_MISSING__,upstream
ENVO:00002235,cambisol,"Cambisols combine soils with at least an incipient subsurface soil formation. Transformation of parent material is evident from structure formation and mostly brownish discoloration, increasing clay percentage, and/or carbonate removal.",ENVO,__ENVHARMONIZER_MISSING__,FALSE,__ENVHARMONIZER_MISSING__,upstream
ENVO:00002236,cryosol,"Cryosols comprise mineral soils formed in a permafrost environment. Where water is present, it occurs primarily in the form of ice. Cryogenic processes are the dominant soil-forming processes.",ENVO,__ENVHARMONIZER_MISSING__,FALSE,__ENVHARMONIZER_MISSING__,upstream
ENVO:00002237,chernozem,Chernozems are soils with a thick black surface layer that is rich in organic matter.,ENVO,__ENVHARMONIZER_MISSING__,FALSE,__ENVHARMONIZER_MISSING__,upstream
ENVO:00002238,durisol,"Durisols are associated mainly with old surfaces in arid and semi-arid environments and accommodate very shallow to moderately deep, moderately well- to well-drained soils that contain cemented secondary silica (SiO2) within 100 cm of the soil surface.",ENVO,__ENVHARMONIZER_MISSING__,FALSE,__ENVHARMONIZER_MISSING__,upstream
ENVO:00002239,calcisol,Calcisols are soils in which there is substantial secondary accumulation of lime. Calcisols are common in highly calcareous parent materials and widespread in arid and semi-arid environments.,ENVO,__ENVHARMONIZER_MISSING__,FALSE,__ENVHARMONIZER_MISSING__,upstream
ENVO:00002240,kastanozem,"Kastanozems are dry grassland soils, among them the zonal soils of the short-grass steppe belt, south of the Eurasian tall-grass steppe belt with Chernozems. Kastanozems have a similar profile to that of Chernozems but the humus-rich surface horizon is thinner and not as dark as that of the Chernozems and they show more prominent accumulation of secondary carbonates.",ENVO,__ENVHARMONIZER_MISSING__,FALSE,__ENVHARMONIZER_MISSING__,upstream
ENVO:00002241,leptosol,Leptosols are very shallow soils over continuous rock and soils that are extremely gravelly and/or stony. Leptosols are azonal soils and particularly common in mountainous regions.,ENVO,__ENVHARMONIZER_MISSING__,FALSE,__ENVHARMONIZER_MISSING__,upstream
ENVO:00002242,lixisol,Lixisols are soils that have a higher clay content in the subsoil than in the topsoil as a result of pedogenetic processes (especially clay migration) leading to an argic subsoil horizon. Lixisols have a high base saturation and low-activity clays at certain depths.,ENVO,__ENVHARMONIZER_MISSING__,FALSE,__ENVHARMONIZER_MISSING__,upstream
ENVO:00002243,histosol,"Histosols comprise soils formed in organic material. These vary from soils developed in predominantly moss peat in boreal, arctic and subarctic regions, via moss peat, reeds/ sedge peat (fen) and forest peat in temperate regions to mangrove peat and swamp forest peat in the humid tropics. Histosols are found at all altitudes, but the vast majority occurs in lowlands.",ENVO,__ENVHARMONIZER_MISSING__,FALSE,__ENVHARMONIZER_MISSING__,upstream
ENVO:00002244,gleysol,"Gleysols are wetland soils that, unless drained, are saturated with groundwater for long enough periods to develop a characteristic gleyic colour pattern. This pattern is essentially made up of reddish, brownish or yellowish colours at ped surfaces and/or in the upper soil layer or layers, in combination with greyish/bluish colours inside the peds and/or deeper in the soil.",ENVO,__ENVHARMONIZER_MISSING__,FALSE,__ENVHARMONIZER_MISSING__,upstream
ENVO:00002245,gypsisol,Gypsisols are soils with substantial secondary accumulation of gypsum (calcium sulfate). These soils are found in the driest parts of the arid climate zone.,ENVO,__ENVHARMONIZER_MISSING__,FALSE,__ENVHARMONIZER_MISSING__,upstream
ENVO:00002246,ferralsol,"Ferralsols represent the classical, deeply weathered, red or yellow soils of the humid tropics. These soils have diffuse horizon boundaries, a clay assemblage dominated by low-activity clays (mainly kaolinite) and a high content of sesquioxides.",ENVO,__ENVHARMONIZER_MISSING__,FALSE,__ENVHARMONIZER_MISSING__,upstream
ENVO:00002247,nitisol,"Nitisols are deep, well-drained, red, tropical soils with diffuse horizon boundaries and a subsurface horizon with more than 30 percent clay and moderate to strong angular blocky structure elements that easily fall apart into characteristic shiny, polyhedric (nutty) elements. Weathering is relatively advanced but Nitisols are far more productive than most other red, tropical soils.",ENVO,__ENVHARMONIZER_MISSING__,FALSE,__ENVHARMONIZER_MISSING__,upstream
ENVO:00002248,luvisol,Luvisols are soils that have a higher clay content in the subsoil than in the topsoil as a result of pedogenetic processes (especially clay migration) leading to an argic subsoil horizon. Luvisols have high-activity clays throughout the argic horizon and a high base saturation at certain depths.,ENVO,__ENVHARMONIZER_MISSING__,FALSE,__ENVHARMONIZER_MISSING__,upstream
ENVO:00002249,phaeozem,"Phaeozems accommodate soils of relatively wet grassland and forest regions in moderately continental climates. Phaeozems are much like Chernozems and Kastanozems but are leached more intensively. Consequently, they have dark, humus rich surface horizons that, in comparison with Chernozems and Kastanozems, are less rich in bases. Phaeozems may or may not have secondary carbonates but have a high base saturation in the upper metre of the soil.",ENVO,__ENVHARMONIZER_MISSING__,FALSE,__ENVHARMONIZER_MISSING__,upstream
ENVO:00002250,plinthosol,"Plinthosols are soils with plinthite, petroplinthite or pisoliths. Plinthite is an Fe-rich (in some cases also Mn-rich), humus-poor mixture of kaolinitic clay (and other products of strong weathering such as gibbsite) with quartz and other constituents that changes irreversibly to a layer with hard nodules, a hardpan or irregular aggregates on exposure to repeated wetting and drying. Petroplinthite is a continuous, fractured or broken sheet of connected, strongly cemented to indurated nodules or mottles. Pisoliths are discrete strongly cemented to indurated nodules. Both petroplinthite and pisoliths develop from plinthite by hardening.",ENVO,__ENVHARMONIZER_MISSING__,FALSE,__ENVHARMONIZER_MISSING__,upstream
ENVO:00002251,planosol,"Planosols are soils with a light-coloured, surface horizon that shows signs of periodic water stagnation and abruptly overlies a dense, slowly permeable subsoil with significantly more clay than the surface horizon.",ENVO,__ENVHARMONIZER_MISSING__,FALSE,__ENVHARMONIZER_MISSING__,upstream
ENVO:00002252,solonchak,Solonchaks are soils that have a high concentration of soluble salts at some time in the year. Solonchaks are largely confined to the arid and semi-arid climate zones and to coastal regions in all climates.,ENVO,__ENVHARMONIZER_MISSING__,FALSE,__ENVHARMONIZER_MISSING__,upstream
ENVO:00002253,umbrisol,Umbrisols are soils in which organic matter has accumulated within the mineral surface soil (in most cases with low base saturation) to the extent that it significantly affects the behaviour and utilization of the soil.,ENVO,__ENVHARMONIZER_MISSING__,FALSE,__ENVHARMONIZER_MISSING__,upstream
ENVO:00002254,vertisol,"A soil in which there is a high content of expansive clay known as montmorillonite that forms deep cracks in drier seasons or years. Alternate shrinking and swelling causes self-mulching, where the soil material consistently mixes itself, causing vertisols to have an extremely deep A horizon and no B horizon.",ENVO,__ENVHARMONIZER_MISSING__,FALSE,__ENVHARMONIZER_MISSING__,upstream
ENVO:00002255,solonetz,"Solonetz are soils with a dense, strongly structured, clayey subsurface horizon that has a high proportion of adsorbed Na and/or Mg ions. Solonetz that contain free soda (Na2CO3) are strongly alkaline (field pH > 8.5).",ENVO,__ENVHARMONIZER_MISSING__,FALSE,__ENVHARMONIZER_MISSING__,upstream
ENVO:00002256,regosol,"Regosols form a taxonomic remnant group containing all soils that could not be accommodated in any of the other RSGs. In practice, Regosols are very weakly developed mineral soils in unconsolidated materials that do not have a mollic or umbric horizon, are not very shallow or very rich in gravels (Leptosols), sandy (Arenosols) or with fluvic materials (Fluvisols). Regosols are extensive in eroding lands, particularly in arid and semi-arid areas and in mountainous terrain.",ENVO,__ENVHARMONIZER_MISSING__,FALSE,__ENVHARMONIZER_MISSING__,upstream
ENVO:00002257,podzol,"Podzols are soils with a typically ash-grey upper subsurface horizon, bleached by loss of organic matter and iron oxides, on top of a dark accumulation horizon with brown, reddish or black illuviated humus and/or reddish Fe compounds. Podzols occur in humid areas in the boreal and temperate zones and locally also in the tropics.",ENVO,__ENVHARMONIZER_MISSING__,FALSE,__ENVHARMONIZER_MISSING__,upstream
ENVO:00002258,loam,"A soil which is composed of approximately equal proportions of sand and silt, with a smaller proportion of clay.",ENVO,__ENVHARMONIZER_MISSING__,FALSE,__ENVHARMONIZER_MISSING__,upstream
ENVO:00002259,agricultural soil,Soil which is part of an ecosystem used for agricultural activities.,ENVO,__ENVHARMONIZER_MISSING__,FALSE,__ENVHARMONIZER_MISSING__,upstream
ENVO:00002260,dune soil,Soil which is part of some dune.,ENVO,__ENVHARMONIZER_MISSING__,FALSE,__ENVHARMONIZER_MISSING__,upstream
ENVO:00002261,forest soil,A portion of soil which is found in a forested area.,ENVO,__ENVHARMONIZER_MISSING__,FALSE,__ENVHARMONIZER_MISSING__,upstream
ENVO:00002262,clay soil,Soil which is primarily composed of clay.,ENVO,__ENVHARMONIZER_MISSING__,FALSE,__ENVHARMONIZER_MISSING__,upstream
ENVO:00002263,garden soil,A portion of soil which is found in a garden.,ENVO,__ENVHARMONIZER_MISSING__,FALSE,__ENVHARMONIZER_MISSING__,upstream
ENVO:00002264,waste material,A material which is not the desired output of a process and which is typically the input of a process which removes it from its producer (e.g. a disposal process).,ENVO,__ENVHARMONIZER_MISSING__,FALSE,__ENVHARMONIZER_MISSING__,upstream
ENVO:00002266,chicken breeding waste material,__ENVHARMONIZER_MISSING__,ENVO,__ENVHARMONIZER_MISSING__,FALSE,__ENVHARMONIZER_MISSING__,upstream
ENVO:00002267,industrial waste material,"Industrial wastes are liquid, solid and gaseous wastes originating from the manufacture of specific products.",ENVO,__ENVHARMONIZER_MISSING__,FALSE,__ENVHARMONIZER_MISSING__,upstream
ENVO:00002273,fluvisol,"Fluvisols accommodate genetically young, azonal soils in alluvial deposits.",ENVO,__ENVHARMONIZER_MISSING__,FALSE,__ENVHARMONIZER_MISSING__,upstream
ENVO:00002274,stagnosol,"Stagnosols are soils with a perched water table showing redoximorphic features caused by surface water. Stagnosols are periodically wet and mottled in the topsoil and subsoil, with or without concretions and/or bleaching.",ENVO,__ENVHARMONIZER_MISSING__,FALSE,__ENVHARMONIZER_MISSING__,upstream
ENVO:00002275,technosol,"Technosols are soils whose properties and pedogenesis are dominated by their technical origin. They contain a significant amount of artefacts (something in the soil recognizably made or extracted from the earth by humans), or are sealed by technic hard rock (material created by humans, having properties unlike natural rock). They include soils from wastes (landfills, sludge, cinders, mine spoils and ashes), pavements with their underlying unconsolidated materials, soils with geomembranes and constructed soils in human-made materials.",ENVO,__ENVHARMONIZER_MISSING__,FALSE,__ENVHARMONIZER_MISSING__,upstream
ENVO:00002276,animal waste material,__ENVHARMONIZER_MISSING__,ENVO,__ENVHARMONIZER_MISSING__,FALSE,__ENVHARMONIZER_MISSING__,upstream
ENVO:00002869,hay,"Hay is grass, legumes or other herbaceous plants that have been cut, dried, and stored for use as animal fodder, particularly for grazing livestock such as cattle, horses, goats, and sheep.",ENVO,__ENVHARMONIZER_MISSING__,FALSE,__ENVHARMONIZER_MISSING__,upstream
ENVO:00002870,adobe,"A natural building material mode from sand, clay, water, and some kind of fibrous or organic material (sticks, straw, and/or manure).",ENVO,__ENVHARMONIZER_MISSING__,FALSE,__ENVHARMONIZER_MISSING__,upstream
ENVO:00002871,alluvial soil,Soil which has been eroded and influenced by flowing water and redeposited in a non-marine setting.,ENVO,__ENVHARMONIZER_MISSING__,FALSE,__ENVHARMONIZER_MISSING__,upstream
ENVO:00002872,bagasse,The biomass remaining after sugarcane stalks are crushed to extract their juice.,ENVO,__ENVHARMONIZER_MISSING__,FALSE,__ENVHARMONIZER_MISSING__,upstream
ENVO:00002873,organic waste material,__ENVHARMONIZER_MISSING__,ENVO,__ENVHARMONIZER_MISSING__,FALSE,__ENVHARMONIZER_MISSING__,upstream
ENVO:00002875,oil contaminated soil,Soil which has elevated concentrations of oil.,ENVO,__ENVHARMONIZER_MISSING__,FALSE,__ENVHARMONIZER_MISSING__,upstream
ENVO:00002982,clay,"Particulate environmental material which 1) is composed primarily of clay particles, with only minor proportions of other materials, 2) demonstrates plasticity when wet, and 3) is capable of hardening when dried or fired.",ENVO,__ENVHARMONIZER_MISSING__,FALSE,__ENVHARMONIZER_MISSING__,upstream
ENVO:00002983,fuel oil,"An oil which 1) is liquid at room temperature (approximately 20 degrees Celsius) 2) is intended to be burned in a furnace or boiler for the generation of heat or used in an engine for the generation of power, 3) is obtained from petroleum distillation, either as a distillate or a residue, 4) composed of long hydrocarbon chains, particularly alkanes, cycloalkanes and aromatics.",ENVO,__ENVHARMONIZER_MISSING__,FALSE,__ENVHARMONIZER_MISSING__,upstream
ENVO:00002984,petroleum,"A naturally occurring flammable liquid consisting of a complex mixture of hydrocarbons of various molecular weights and other liquid organic compounds, that are found in geologic formations beneath the planetary surfaces.",ENVO,__ENVHARMONIZER_MISSING__,FALSE,__ENVHARMONIZER_MISSING__,upstream
ENVO:00002985,oil,"A nonpolar, hydrophobic, and lipophilic material which is a viscous liquid at ambient temperatures (about 20 degrees Celsius) or slightly warmer.",ENVO,__ENVHARMONIZER_MISSING__,FALSE,__ENVHARMONIZER_MISSING__,upstream
ENVO:00003030,silage,"A fermented, high-moisture forage that can be fed to ruminants.",ENVO,__ENVHARMONIZER_MISSING__,FALSE,__ENVHARMONIZER_MISSING__,upstream
ENVO:00003031,animal manure,Manure which is derived from the waste products of animals.,ENVO,__ENVHARMONIZER_MISSING__,FALSE,__ENVHARMONIZER_MISSING__,upstream
ENVO:00003032,fresh animal manure,__ENVHARMONIZER_MISSING__,ENVO,__ENVHARMONIZER_MISSING__,FALSE,__ENVHARMONIZER_MISSING__,upstream
ENVO:00003033,mushroom compost,"A compost which generally consists of a combination of wheat straw, dried blood, horse manure and ground chalk, composted together and is the residual compost waste generated by industrial mushroom production.",ENVO,__ENVHARMONIZER_MISSING__,FALSE,__ENVHARMONIZER_MISSING__,upstream
ENVO:00003044,brine,Water saturated or nearly saturated with salt (NaCl).,ENVO,__ENVHARMONIZER_MISSING__,FALSE,__ENVHARMONIZER_MISSING__,upstream
ENVO:00003045,bacon curing brine,__ENVHARMONIZER_MISSING__,ENVO,__ENVHARMONIZER_MISSING__,FALSE,__ENVHARMONIZER_MISSING__,upstream
ENVO:00003064,drinking water,Drinking water is water which may be consumed by humans with no adverse effects on their health.,ENVO,liquid,TRUE,aqueous,upstream
ENVO:00003065,distilled water,__ENVHARMONIZER_MISSING__,ENVO,__ENVHARMONIZER_MISSING__,FALSE,__ENVHARMONIZER_MISSING__,upstream
ENVO:00003071,grass silage,__ENVHARMONIZER_MISSING__,ENVO,__ENVHARMONIZER_MISSING__,FALSE,__ENVHARMONIZER_MISSING__,upstream
ENVO:00003074,manufactured product,"A material entity that has been processed by humans or their technology in any way, including intermediate products as well as final products.",ENVO,__ENVHARMONIZER_MISSING__,FALSE,__ENVHARMONIZER_MISSING__,upstream
ENVO:00003081,metal contaminated soil,Soil which has elevated concentrations of metals.,ENVO,__ENVHARMONIZER_MISSING__,FALSE,__ENVHARMONIZER_MISSING__,upstream
ENVO:00003082,enriched soil,A portion of enriched soil is a portion of soil with elevated levels of some material entity.,ENVO,__ENVHARMONIZER_MISSING__,FALSE,__ENVHARMONIZER_MISSING__,upstream
ENVO:00003083,sarcosine enriched soil,A portion of sarcosine enriched soil is a portion of soil with elevated levels of sarcosine.,ENVO,__ENVHARMONIZER_MISSING__,FALSE,__ENVHARMONIZER_MISSING__,upstream
ENVO:00003084,trimethylamine enriched soil,A portion of trimethylamine enriched soil is a portion of soil with elevated levels of trimethylamine.,ENVO,__ENVHARMONIZER_MISSING__,FALSE,__ENVHARMONIZER_MISSING__,upstream
ENVO:00003085,skatole enriched soil,A portion of skatole enriched soil is a portion of soil with elevated levels of skatole.,ENVO,__ENVHARMONIZER_MISSING__,FALSE,__ENVHARMONIZER_MISSING__,upstream
ENVO:00003086,ethanol enriched soil,A portion of ethanol enriched soil is a portion of soil with elevated levels of ethanol.,ENVO,__ENVHARMONIZER_MISSING__,FALSE,__ENVHARMONIZER_MISSING__,upstream
ENVO:00003087,acetamide enriched soil,A portion of acetamide enriched soil is a portion of soil with elevated levels of acetamide.,ENVO,__ENVHARMONIZER_MISSING__,FALSE,__ENVHARMONIZER_MISSING__,upstream
ENVO:00003088,pantothenate enriched soil,A portion of pantothenate enriched soil is a portion of soil with elevated levels of pantothenate.,ENVO,__ENVHARMONIZER_MISSING__,FALSE,__ENVHARMONIZER_MISSING__,upstream
ENVO:00003089,testosterone enriched soil,A portion of testosterone enriched soil is a portion of soil with elevated levels of testosterone.,ENVO,__ENVHARMONIZER_MISSING__,FALSE,__ENVHARMONIZER_MISSING__,upstream
ENVO:00003090,kynurenate enriched soil,A portion of kynurenate enriched soil is a portion of soil with elevated levels of kynurenate.,ENVO,__ENVHARMONIZER_MISSING__,FALSE,__ENVHARMONIZER_MISSING__,upstream
ENVO:00003091,threonine enriched soil,A portion of threonine enriched soil is a portion of soil with elevated levels of threonine.,ENVO,__ENVHARMONIZER_MISSING__,FALSE,__ENVHARMONIZER_MISSING__,upstream
ENVO:00003092,salicylate enriched soil,A portion of salicylate enriched soil is a portion of soil with elevated levels of salicylate.,ENVO,__ENVHARMONIZER_MISSING__,FALSE,__ENVHARMONIZER_MISSING__,upstream
ENVO:00003093,poly-beta-hydroxybutyrate enriched soil,A portion of poly-beta-hydroxybutyrate enriched soil is a portion of soil with elevated levels of poly-beta-hydroxybutyrate.,ENVO,__ENVHARMONIZER_MISSING__,FALSE,__ENVHARMONIZER_MISSING__,upstream
ENVO:00003094,L-(+)-tartrate enriched soil,A portion of L-(+)-tartrate enriched soil is a portion of soil with elevated levels of L-(+)-tartrate.,ENVO,__ENVHARMONIZER_MISSING__,FALSE,__ENVHARMONIZER_MISSING__,upstream
ENVO:00003095,quinate enriched soil,A portion of quinate enriched soil is a portion of soil with elevated levels of quinate.,ENVO,__ENVHARMONIZER_MISSING__,FALSE,__ENVHARMONIZER_MISSING__,upstream
ENVO:00003096,tap water,__ENVHARMONIZER_MISSING__,ENVO,__ENVHARMONIZER_MISSING__,FALSE,__ENVHARMONIZER_MISSING__,upstream
ENVO:00003097,bore hole water,__ENVHARMONIZER_MISSING__,ENVO,__ENVHARMONIZER_MISSING__,FALSE,__ENVHARMONIZER_MISSING__,upstream
ENVO:00003859,horse manure,__ENVHARMONIZER_MISSING__,ENVO,__ENVHARMONIZER_MISSING__,FALSE,__ENVHARMONIZER_MISSING__,upstream
ENVO:00003860,pig manure,Manure which is primarily composed of pig feces.,ENVO,__ENVHARMONIZER_MISSING__,FALSE,__ENVHARMONIZER_MISSING__,upstream
ENVO:00003869,straw,"An agricultural byproduct, the dry stalk of a cereal plant, after the nutrient grain or seed has been removed.",ENVO,__ENVHARMONIZER_MISSING__,FALSE,__ENVHARMONIZER_MISSING__,upstream
ENVO:00003870,rice straw,__ENVHARMONIZER_MISSING__,ENVO,__ENVHARMONIZER_MISSING__,FALSE,__ENVHARMONIZER_MISSING__,upstream
ENVO:00003884,farmyard manure,__ENVHARMONIZER_MISSING__,ENVO,__ENVHARMONIZER_MISSING__,FALSE,__ENVHARMONIZER_MISSING__,upstream
ENVO:00003900,rye grass silage,__ENVHARMONIZER_MISSING__,ENVO,__ENVHARMONIZER_MISSING__,FALSE,__ENVHARMONIZER_MISSING__,upstream
ENVO:00003903,aviation fuel,__ENVHARMONIZER_MISSING__,ENVO,__ENVHARMONIZER_MISSING__,FALSE,__ENVHARMONIZER_MISSING__,upstream
ENVO:00003908,poultry deep litter,__ENVHARMONIZER_MISSING__,ENVO,__ENVHARMONIZER_MISSING__,FALSE,__ENVHARMONIZER_MISSING__,upstream
ENVO:00003914,chalk soil,Soil which has increased levels of chalk.,ENVO,__ENVHARMONIZER_MISSING__,FALSE,__ENVHARMONIZER_MISSING__,upstream
ENVO:00003927,stable manure,__ENVHARMONIZER_MISSING__,ENVO,__ENVHARMONIZER_MISSING__,FALSE,__ENVHARMONIZER_MISSING__,upstream
ENVO:00003930,scum,A layer of impurities that accumulates at the surface of a liquid (especially water or molten metal).,ENVO,__ENVHARMONIZER_MISSING__,FALSE,__ENVHARMONIZER_MISSING__,upstream
ENVO:00003965,anaerobic digester sludge,__ENVHARMONIZER_MISSING__,ENVO,__ENVHARMONIZER_MISSING__,FALSE,__ENVHARMONIZER_MISSING__,upstream
ENVO:00003978,potato silage,__ENVHARMONIZER_MISSING__,ENVO,__ENVHARMONIZER_MISSING__,FALSE,__ENVHARMONIZER_MISSING__,upstream
ENVO:00003982,travertine,Limestone which is deposited from the water of mineral springs or streams saturated with calcium carbonate.,ENVO,__ENVHARMONIZER_MISSING__,FALSE,__ENVHARMONIZER_MISSING__,upstream
ENVO:00005738,foamy environmental material,An environmental material which has the quality of a foam.,ENVO,__ENVHARMONIZER_MISSING__,FALSE,__ENVHARMONIZER_MISSING__,upstream
ENVO:00005739,sea foam,"A foamy environmental material which 1) is created by the agitation of seawater, 2) whose stability depends on the content of the seawater.",ENVO,__ENVHARMONIZER_MISSING__,FALSE,__ENVHARMONIZER_MISSING__,upstream
ENVO:00005740,paddy field soil,Soil which is part of a paddy field.,ENVO,__ENVHARMONIZER_MISSING__,FALSE,__ENVHARMONIZER_MISSING__,upstream
ENVO:00005741,alpine soil,Soil which is part of an alpine environment.,ENVO,__ENVHARMONIZER_MISSING__,FALSE,__ENVHARMONIZER_MISSING__,upstream
ENVO:00005742,arable soil,Soil which is capable of supporting the growth of crops.,ENVO,__ENVHARMONIZER_MISSING__,FALSE,__ENVHARMONIZER_MISSING__,upstream
ENVO:00005743,roadside soil,A portion of soil which is found in a roadside area.,ENVO,__ENVHARMONIZER_MISSING__,FALSE,__ENVHARMONIZER_MISSING__,upstream
ENVO:00005744,allotment garden soil,Soil which is part of an allotment garden.,ENVO,__ENVHARMONIZER_MISSING__,FALSE,__ENVHARMONIZER_MISSING__,upstream
ENVO:00005746,savanna soil,A portion of soil which is found in a savanna.,ENVO,__ENVHARMONIZER_MISSING__,FALSE,__ENVHARMONIZER_MISSING__,upstream
ENVO:00005747,compost soil,Soil which is derived from compost.,ENVO,__ENVHARMONIZER_MISSING__,FALSE,__ENVHARMONIZER_MISSING__,upstream
ENVO:00005748,dry soil,Soil which has little to no water content and in which minerals and other soluble chemical entities have either bonded or become adsorbed to sold particles due to insufficient water availability.,ENVO,__ENVHARMONIZER_MISSING__,FALSE,__ENVHARMONIZER_MISSING__,upstream
ENVO:00005749,farm soil,A portion of soil which is part of a cropland or a rangeland biome.,ENVO,__ENVHARMONIZER_MISSING__,FALSE,__ENVHARMONIZER_MISSING__,upstream
ENVO:00005750,grassland soil,A portion of soil which is found in a grassland.,ENVO,__ENVHARMONIZER_MISSING__,FALSE,__ENVHARMONIZER_MISSING__,upstream
ENVO:00005751,jungle soil,Soil which is part of a densely forested area subject to tropical climate patterns.,ENVO,__ENVHARMONIZER_MISSING__,FALSE,__ENVHARMONIZER_MISSING__,upstream
ENVO:00005752,sawah soil,"Soil which is part of a sawah, a wet or irrigated rice field.",ENVO,__ENVHARMONIZER_MISSING__,FALSE,__ENVHARMONIZER_MISSING__,upstream
ENVO:00005753,urea enriched soil,A portion of urea enriched soil is a portion of soil with elevated levels of urea.,ENVO,__ENVHARMONIZER_MISSING__,FALSE,__ENVHARMONIZER_MISSING__,upstream
ENVO:00005754,fertilized soil,Soil which has been amended with fertilizers.,ENVO,__ENVHARMONIZER_MISSING__,FALSE,__ENVHARMONIZER_MISSING__,upstream
ENVO:00005755,field soil,Soil which is part of an agricultural field.,ENVO,__ENVHARMONIZER_MISSING__,FALSE,__ENVHARMONIZER_MISSING__,upstream
ENVO:00005756,lawn soil,Soil which is formulated to promote the growth of grasses or other plants used to establish managed areas of vegetation.,ENVO,__ENVHARMONIZER_MISSING__,FALSE,__ENVHARMONIZER_MISSING__,upstream
ENVO:00005757,bacteria enriched soil,A portion of bacteria enriched soil is a portion of soil with elevated bacterial abundance.,ENVO,__ENVHARMONIZER_MISSING__,FALSE,__ENVHARMONIZER_MISSING__,upstream
ENVO:00005758,alluvial swamp soil,A portion of alluvial soil which is part of a swamp ecosystem.,ENVO,__ENVHARMONIZER_MISSING__,FALSE,__ENVHARMONIZER_MISSING__,upstream
ENVO:00005759,alluvial paddy field soil,Alluvial soil whichi is part of a paddy field.,ENVO,__ENVHARMONIZER_MISSING__,FALSE,__ENVHARMONIZER_MISSING__,upstream
ENVO:00005760,burned soil,Soil which has been transformed through a combustion process.,ENVO,__ENVHARMONIZER_MISSING__,FALSE,__ENVHARMONIZER_MISSING__,upstream
ENVO:00005761,meadow soil,Soil which is part of a meadow.,ENVO,__ENVHARMONIZER_MISSING__,FALSE,__ENVHARMONIZER_MISSING__,upstream
ENVO:00005762,chloropicrin enriched soil,A portion of chloropicrin enriched soil is a portion of soil with elevated levels of chloropicrin.,ENVO,__ENVHARMONIZER_MISSING__,FALSE,__ENVHARMONIZER_MISSING__,upstream
ENVO:00005763,humus-rich acidic ash soil,"Soil which 1) has increased levels of humus, 2) has low pH levels, 3) has increased levels of mineral ash.",ENVO,__ENVHARMONIZER_MISSING__,FALSE,__ENVHARMONIZER_MISSING__,upstream
ENVO:00005764,pond soil,Soil which is adjacent to a pond.,ENVO,__ENVHARMONIZER_MISSING__,FALSE,__ENVHARMONIZER_MISSING__,upstream
ENVO:00005765,frozen compost soil,Compost soil which is frozen.,ENVO,__ENVHARMONIZER_MISSING__,FALSE,__ENVHARMONIZER_MISSING__,upstream
ENVO:00005766,limed soil,Soil which has been amended with mineral additives to increase its pH.,ENVO,__ENVHARMONIZER_MISSING__,FALSE,__ENVHARMONIZER_MISSING__,upstream
ENVO:00005767,manured soil,"Soil which has, as a part, a portion of either fresh or processed animal manure.",ENVO,__ENVHARMONIZER_MISSING__,FALSE,__ENVHARMONIZER_MISSING__,upstream
ENVO:00005768,orchid soil,"Soil which has properties to which plants in the Family Orchidaceae have adapted, including increased levels of aeration and drainage.",ENVO,__ENVHARMONIZER_MISSING__,FALSE,__ENVHARMONIZER_MISSING__,upstream
ENVO:00005769,mountain forest soil,Soil which is part of a forest growing on a mountain.,ENVO,__ENVHARMONIZER_MISSING__,FALSE,__ENVHARMONIZER_MISSING__,upstream
ENVO:00005770,beech forest soil,Soil which is part of a forest whose communites of arborescent plants are dominated the genus Fagus.,ENVO,__ENVHARMONIZER_MISSING__,FALSE,__ENVHARMONIZER_MISSING__,upstream
ENVO:00005771,muddy soil,"Soil which is composed of a large proportion of mud, thus having properties resembling mud.",ENVO,__ENVHARMONIZER_MISSING__,FALSE,__ENVHARMONIZER_MISSING__,upstream
ENVO:00005772,orchard soil,Soil in which trees from an orchard grow.,ENVO,__ENVHARMONIZER_MISSING__,FALSE,__ENVHARMONIZER_MISSING__,upstream
ENVO:00005773,pasture soil,"Soil which is found in a pasture and in which vegetation, such as the grass used for the grazing of ungulates, grows.",ENVO,__ENVHARMONIZER_MISSING__,FALSE,__ENVHARMONIZER_MISSING__,upstream
ENVO:00005774,peat soil,A histosol which is formed by the decomposition of vegetation or organic matter.,ENVO,__ENVHARMONIZER_MISSING__,FALSE,__ENVHARMONIZER_MISSING__,upstream
ENVO:00005775,salt contaminated soil,Soil which has elevated concentrations of sodium chloride.,ENVO,__ENVHARMONIZER_MISSING__,FALSE,__ENVHARMONIZER_MISSING__,upstream
ENVO:00005776,peaty paddy field soil,Paddy field soil which has increased levels of peat.,ENVO,__ENVHARMONIZER_MISSING__,FALSE,__ENVHARMONIZER_MISSING__,upstream
ENVO:00005777,steppe soil,A portion of soil which is found in a steppe.,ENVO,__ENVHARMONIZER_MISSING__,FALSE,__ENVHARMONIZER_MISSING__,upstream
ENVO:00005778,tropical soil,Soil which is part of a tropical environment.,ENVO,__ENVHARMONIZER_MISSING__,FALSE,__ENVHARMONIZER_MISSING__,upstream
ENVO:00005779,vegetable garden soil,Garden soil which is part of a garden used for the cultivation of vegetables.,ENVO,__ENVHARMONIZER_MISSING__,FALSE,__ENVHARMONIZER_MISSING__,upstream
ENVO:00005780,greenhouse soil,A portion of soil which is found in a greenhouse.,ENVO,__ENVHARMONIZER_MISSING__,FALSE,__ENVHARMONIZER_MISSING__,upstream
ENVO:00005781,heat stressed soil,"Soil which is has been heated such that its chemical, physical, or biological properties are destabilised.",ENVO,__ENVHARMONIZER_MISSING__,FALSE,__ENVHARMONIZER_MISSING__,upstream
ENVO:00005782,ornithogenic soil,Soil which is formed from avian fecal matter.,ENVO,__ENVHARMONIZER_MISSING__,FALSE,__ENVHARMONIZER_MISSING__,upstream
ENVO:00005783,leafy wood soil,Soil which is part of a woodland dominated by leafy trees.,ENVO,__ENVHARMONIZER_MISSING__,FALSE,__ENVHARMONIZER_MISSING__,upstream
ENVO:00005784,spruce forest soil,Soil which is part of a forest whose communites of arborescent plants are dominated the genus Picea.,ENVO,__ENVHARMONIZER_MISSING__,FALSE,__ENVHARMONIZER_MISSING__,upstream
ENVO:00005786,upland soil,Soil which is part of some elevated land.,ENVO,__ENVHARMONIZER_MISSING__,FALSE,__ENVHARMONIZER_MISSING__,upstream
ENVO:00005787,eucalyptus forest soil,Soil which is part of a forest whose communites of arborescent plants are dominated the genus Eucalyptus.,ENVO,__ENVHARMONIZER_MISSING__,FALSE,__ENVHARMONIZER_MISSING__,upstream
ENVO:00005788,rubber plantation soil,__ENVHARMONIZER_MISSING__,ENVO,__ENVHARMONIZER_MISSING__,FALSE,__ENVHARMONIZER_MISSING__,upstream
ENVO:00005789,bluegrass field soil,Bluegrass field soil is a soil which is found in a field of Kentucky Bluegrass (Poa pratensis).,ENVO,__ENVHARMONIZER_MISSING__,FALSE,__ENVHARMONIZER_MISSING__,upstream
ENVO:00005790,red soil,"Soil which has 1) low concentrations of nutrients and humus, 2) low water retention capacity, 3) textural variation from sand to clay, 4) a porous and friable structure, and 5) low concentrations of soluble salts.",ENVO,__ENVHARMONIZER_MISSING__,FALSE,__ENVHARMONIZER_MISSING__,upstream
ENVO:00005791,sterile water,Sterile water is water which does not contain lliving organisms.,ENVO,__ENVHARMONIZER_MISSING__,FALSE,__ENVHARMONIZER_MISSING__,upstream
ENVO:00005792,underground water,Water which has physicochemical properties determined by processes which occur beneath the planetary crust.,ENVO,__ENVHARMONIZER_MISSING__,FALSE,__ENVHARMONIZER_MISSING__,upstream
ENVO:00005793,muddy water,__ENVHARMONIZER_MISSING__,ENVO,__ENVHARMONIZER_MISSING__,FALSE,__ENVHARMONIZER_MISSING__,upstream
ENVO:00005794,water scum,__ENVHARMONIZER_MISSING__,ENVO,__ENVHARMONIZER_MISSING__,FALSE,__ENVHARMONIZER_MISSING__,upstream
ENVO:00005795,marine mud,Mud which is part of a marine ecosystem.,ENVO,__ENVHARMONIZER_MISSING__,FALSE,__ENVHARMONIZER_MISSING__,upstream
ENVO:00005796,marine sludge,__ENVHARMONIZER_MISSING__,ENVO,__ENVHARMONIZER_MISSING__,FALSE,__ENVHARMONIZER_MISSING__,upstream
ENVO:00005797,lake bottom mud,Mud which constitutes the bed of a lake.,ENVO,__ENVHARMONIZER_MISSING__,FALSE,__ENVHARMONIZER_MISSING__,upstream
ENVO:00005798,acid dune sand,__ENVHARMONIZER_MISSING__,ENVO,__ENVHARMONIZER_MISSING__,FALSE,__ENVHARMONIZER_MISSING__,upstream
ENVO:00005799,rocky sand,__ENVHARMONIZER_MISSING__,ENVO,__ENVHARMONIZER_MISSING__,FALSE,__ENVHARMONIZER_MISSING__,upstream
ENVO:00005800,desert sand,Sand which is part of a desert.,ENVO,__ENVHARMONIZER_MISSING__,FALSE,__ENVHARMONIZER_MISSING__,upstream
ENVO:00005802,bulk soil,Soil that is not penetrated by the root systems of plants.,ENVO,__ENVHARMONIZER_MISSING__,FALSE,__ENVHARMONIZER_MISSING__,upstream
ENVO:00010483,environmental material,A material entity which other material entities in an environmental system are primarily or partially composed of.,ENVO,__ENVHARMONIZER_MISSING__,FALSE,__ENVHARMONIZER_MISSING__,upstream
ENVO:00010505,aerosol,Airborne solid particles (also called dust or particulate matter (PM)) or liquid droplets.,ENVO,__ENVHARMONIZER_MISSING__,FALSE,__ENVHARMONIZER_MISSING__,upstream
ENVO:00010506,emulsion,A mixture of two immiscible (unblendable) substances. One substance (the dispersed phase) is dispersed in the other (the continuous phase).,ENVO,__ENVHARMONIZER_MISSING__,FALSE,__ENVHARMONIZER_MISSING__,upstream
ENVO:00010623,dolomite,"A sedimentary carbonate rock and a mineral, both composed of calcium magnesium carbonate CaMg(CO3)2 found in crystals.",ENVO,__ENVHARMONIZER_MISSING__,FALSE,__ENVHARMONIZER_MISSING__,upstream
ENVO:0010001,anthropogenic environmental material,Anthropogenic material in or on which organisms may live.,ENVO,__ENVHARMONIZER_MISSING__,FALSE,__ENVHARMONIZER_MISSING__,upstream
ENVO:0010003,agricultural environmental material,__ENVHARMONIZER_MISSING__,ENVO,__ENVHARMONIZER_MISSING__,FALSE,__ENVHARMONIZER_MISSING__,upstream
ENVO:01000000,humus,"Organic matter in soil which has reached a point of stability, where it will break down no further and might, if conditions do not change, remain essentially as it is for centuries, or millennia.",ENVO,__ENVHARMONIZER_MISSING__,FALSE,__ENVHARMONIZER_MISSING__,upstream
ENVO:01000001,mud,"An environmental material which is a liquid or semi-liquid mixture of water and some combination of soil, silt, and clay particles.",ENVO,__ENVHARMONIZER_MISSING__,FALSE,__ENVHARMONIZER_MISSING__,upstream
ENVO:01000016,silt,Particulate environmental material which is primarily composed of silt particles.,ENVO,__ENVHARMONIZER_MISSING__,FALSE,__ENVHARMONIZER_MISSING__,upstream
ENVO:01000017,sand,Particulate environmental material which is composed primarily of particles of sand with only minor proportions of other substances.,ENVO,__ENVHARMONIZER_MISSING__,FALSE,__ENVHARMONIZER_MISSING__,upstream
ENVO:01000018,gravel,An environmental material which is composed primarily of pieces of gravel.,ENVO,__ENVHARMONIZER_MISSING__,FALSE,__ENVHARMONIZER_MISSING__,upstream
ENVO:01000060,particulate environmental material,An environmental material which is composed primarily of particles.,ENVO,__ENVHARMONIZER_MISSING__,FALSE,__ENVHARMONIZER_MISSING__,upstream
ENVO:01000063,planktonic material,A portion of planktonic material is a portion of environmental material primarily composed of plankton.,ENVO,__ENVHARMONIZER_MISSING__,FALSE,__ENVHARMONIZER_MISSING__,upstream
ENVO:01000070,terrigenous sediment,"Sediment comprised of weathered continental rocks, wind blown dust, volcanic ash or other terrestrial material.",ENVO,__ENVHARMONIZER_MISSING__,FALSE,__ENVHARMONIZER_MISSING__,upstream
ENVO:01000082,biogenous sediment,"Biogenous sediment is derived from living organisms, typically planktonic organisms possessing shells, frustules or coccoliths.",ENVO,__ENVHARMONIZER_MISSING__,FALSE,__ENVHARMONIZER_MISSING__,upstream
ENVO:01000110,hydrogenous sediment,Hydrogenous sediment is derived from solutes that precipitate out of sea water by a variety of chemical reactions. These are typically less abundant than other sediment types.,ENVO,__ENVHARMONIZER_MISSING__,FALSE,__ENVHARMONIZER_MISSING__,upstream
ENVO:01000111,cosmogenous sediment,Cosmogenous sediment is derived from extraterrestrial dust and debris in the form of meteorites and similar entities.,ENVO,__ENVHARMONIZER_MISSING__,FALSE,__ENVHARMONIZER_MISSING__,upstream
ENVO:01000112,polymetallic nodule,"Polymetallic nodules, also called manganese nodules, are rock concretions on the sea bottom formed of concentric layers of iron and manganese hydroxides around a core. Nodules vary in size from tiny particles visible only under a microscope to large pellets more than 20 centimetres (8 in) across. However, most nodules are between 5 and 10 cm in diameter.",ENVO,__ENVHARMONIZER_MISSING__,FALSE,__ENVHARMONIZER_MISSING__,upstream
ENVO:01000113,suspended sediment,"Suspended sediment, or suspended load, is the term for the particles settle  slowly enough to be carried in flowing water (such as a stream or coastal area) either without touching the bed or while only intermittently touching it. These particles are generally of the fine sand, silt and clay size, although larger particles may be carried as well depending on the intensity of the flow.",ENVO,__ENVHARMONIZER_MISSING__,FALSE,__ENVHARMONIZER_MISSING__,upstream
ENVO:01000114,boulder sediment,Sediment characterised by an average particle diameter greater than 256 mm.,ENVO,__ENVHARMONIZER_MISSING__,FALSE,__ENVHARMONIZER_MISSING__,upstream
ENVO:01000115,cobble sediment,Sediment characterised by an average particle diameter between 64 and 256 mm.,ENVO,__ENVHARMONIZER_MISSING__,FALSE,__ENVHARMONIZER_MISSING__,upstream
ENVO:01000116,pebble sediment,Sediment characterised by an average particle diameter between 4 and 32 mm.,ENVO,__ENVHARMONIZER_MISSING__,FALSE,__ENVHARMONIZER_MISSING__,upstream
ENVO:01000117,granular sediment,Sediment characterised by an average particle diameter between 2 and 4 mm.,ENVO,__ENVHARMONIZER_MISSING__,FALSE,__ENVHARMONIZER_MISSING__,upstream
ENVO:01000118,sandy sediment,Sediment characterised by an average particle diameter between 62.5 micrometers and 2 mm.,ENVO,__ENVHARMONIZER_MISSING__,FALSE,__ENVHARMONIZER_MISSING__,upstream
ENVO:01000119,silty sediment,Sediment characterised by an average particle diameter between 3.9 and 62.5 micrometers.,ENVO,__ENVHARMONIZER_MISSING__,FALSE,__ENVHARMONIZER_MISSING__,upstream
ENVO:01000120,clay sediment,Sediment characterised by an average particle diameter between 1 and 3.9 micrometers.,ENVO,__ENVHARMONIZER_MISSING__,FALSE,__ENVHARMONIZER_MISSING__,upstream
ENVO:01000121,colloidal sediment,Sediment characterised by an average particle diameter below 1 micrometer.,ENVO,__ENVHARMONIZER_MISSING__,FALSE,__ENVHARMONIZER_MISSING__,upstream
ENVO:01000131,mesophilic sediment,Sediment characterised by a temperature of 15-45 degrees Celsius and high-to-low oxygenation. Often impacted by hydrothermal fluid flows.,ENVO,__ENVHARMONIZER_MISSING__,FALSE,__ENVHARMONIZER_MISSING__,upstream
ENVO:01000132,thermophilic sediment,Sediment characterised by a temperature of 45-75 degrees Celsius and low to no oxygen content. Often impacted by hydrothermal fluid flows.,ENVO,__ENVHARMONIZER_MISSING__,FALSE,__ENVHARMONIZER_MISSING__,upstream
ENVO:01000133,hyperthermophilic sediment,Sediment characterised by a temperature of 80-125 degrees Celsius and no oxygen content. Often impacted by hydrothermal fluid flows.,ENVO,__ENVHARMONIZER_MISSING__,FALSE,__ENVHARMONIZER_MISSING__,upstream
ENVO:01000134,hydrothermal fluid,High temperature water ejected from hydrothermal vents and laden with dissolved metals and minerals as a result of percolation through crustal rocks.,ENVO,__ENVHARMONIZER_MISSING__,FALSE,__ENVHARMONIZER_MISSING__,upstream
ENVO:01000135,nitrate-reducing sediment,Sediment hosting and characterised by active nitrate reducing microbial communities.,ENVO,__ENVHARMONIZER_MISSING__,FALSE,__ENVHARMONIZER_MISSING__,upstream
ENVO:01000151,manganese-reducing sediment,Sediment hosting and characterised by active manganese reducing microbial communities.,ENVO,__ENVHARMONIZER_MISSING__,FALSE,__ENVHARMONIZER_MISSING__,upstream
ENVO:01000152,iron-reducing sediment,Sediment hosting and characterised by active iron reducing microbial communities.,ENVO,__ENVHARMONIZER_MISSING__,FALSE,__ENVHARMONIZER_MISSING__,upstream
ENVO:01000153,sulphate-reducing sediment,Sediment hosting and characterised by active sulphate reducing microbial communities.,ENVO,__ENVHARMONIZER_MISSING__,FALSE,__ENVHARMONIZER_MISSING__,upstream
ENVO:01000154,carbon dioxide-reducing sediment,Sediment hosting and characterised by active carbon dioxide reducing microbial communities.,ENVO,__ENVHARMONIZER_MISSING__,FALSE,__ENVHARMONIZER_MISSING__,upstream
ENVO:01000155,organic material,Environmental material derived from living organisms and composed primarily of one or more biomacromolecules.,ENVO,__ENVHARMONIZER_MISSING__,FALSE,__ENVHARMONIZER_MISSING__,upstream
ENVO:01000156,biofilm material,"Material derived from a biofilm, an aggregate of microorganisms in which cells adhere to each other and/or to a surface. These adherent cells are frequently embedded within a self-produced matrix of extracellular polymeric substance (EPS). Biofilm EPS, which is also referred to as slime, is a polymeric conglomeration generally composed of extracellular DNA, proteins, and polysaccharides in various configurations.",ENVO,__ENVHARMONIZER_MISSING__,FALSE,__ENVHARMONIZER_MISSING__,upstream
ENVO:01000157,microbial mat material,"Material derived from a microbial mat, a multi-layered sheet of micro-organisms, mainly bacteria and archaea. Microbial mats create a wide range of internal chemical environments.",ENVO,__ENVHARMONIZER_MISSING__,FALSE,__ENVHARMONIZER_MISSING__,upstream
ENVO:01000158,marine snow,Marine snow is a continuous shower of mostly organic detritus falling from the upper layers of the water column. Its origin lies in activities within the productive photic zone.,ENVO,__ENVHARMONIZER_MISSING__,FALSE,__ENVHARMONIZER_MISSING__,upstream
ENVO:01000173,anoxic water,Water which lacks dissolved oxygen.,ENVO,__ENVHARMONIZER_MISSING__,FALSE,__ENVHARMONIZER_MISSING__,upstream
ENVO:01000231,lava,"Lava is a mixture of molten or semi-molten rock, volatiles, and solids which has extruded beyond a planetary crust.",ENVO,__ENVHARMONIZER_MISSING__,FALSE,__ENVHARMONIZER_MISSING__,upstream
ENVO:01000232,felsic lava,"Felsic lava is lava which is high in silica (> 69 percent by weight), aluminium, potassium, sodium, and calcium, forming a polymerized liquid rich in feldspar and quartz. Felsic lava has a  higher viscosity than other magma types. Felsic magmas can erupt at temperatures as low as 650 to 750 °C. Unusually hot (>950 °C) rhyolite lavas, however, may flow for distances of many tens of kilometres",ENVO,__ENVHARMONIZER_MISSING__,FALSE,__ENVHARMONIZER_MISSING__,upstream
ENVO:01000233,intermediate lava,"Intermediate lava is lava which, relative to felsic lava, is lower in aluminium and silica (between 52 and 63 percent by weight), and usually somewhat richer in magnesium and iron. The temperature of intermediate lava ranges from 750 to 950 degrees Celsius, destroying polymerized bonds and promoting more fluid behaviour relative to felsic lavas and also a greater tendency to form phenocrysts. Higher iron and magnesium tends to manifest as a darker groundmass, and also occasionally amphibole or pyroxene phenocrysts.",ENVO,__ENVHARMONIZER_MISSING__,FALSE,__ENVHARMONIZER_MISSING__,upstream
ENVO:01000234,mafic lava,"Mafic lava is lava which, relative to other lava types other than ultramafic lava, has a  high ferromagnesian content and low aluminium and silica content, with silca making up between 45 and 52 percent of its weight.",ENVO,__ENVHARMONIZER_MISSING__,FALSE,__ENVHARMONIZER_MISSING__,upstream
ENVO:01000235,ultramafic lava,"Lava which, relative to other lava types, has very high magnesium oxide content and less than 45 percent silica by weight.",ENVO,__ENVHARMONIZER_MISSING__,FALSE,__ENVHARMONIZER_MISSING__,upstream
ENVO:01000236,basalt,Basalt is a volcanic rock which is formed by the rapid cooling of basaltic lava.,ENVO,__ENVHARMONIZER_MISSING__,FALSE,__ENVHARMONIZER_MISSING__,upstream
ENVO:01000256,mineral material,"A mineral material is an environmental material which is primarily composed of some substance that is naturally occurring, solid and stable at room temperature, representable by a chemical formula, usually abiogenic, and that has an ordered atomic structure.",ENVO,__ENVHARMONIZER_MISSING__,FALSE,__ENVHARMONIZER_MISSING__,upstream
ENVO:01000266,water vapour,Water vapour is a vapour which is the gas phase of water.,ENVO,__ENVHARMONIZER_MISSING__,FALSE,__ENVHARMONIZER_MISSING__,upstream
ENVO:01000268,atmospheric water vapour,Atmospheric water vapour is water vapour that is part of an atmosphere.,ENVO,__ENVHARMONIZER_MISSING__,FALSE,__ENVHARMONIZER_MISSING__,upstream
ENVO:01000269,siltstone,"A sedimentary rock which is composed mainly of silt. This rock has a grainsize in the silt range, finer than sandstone and coarser than claystones.",ENVO,__ENVHARMONIZER_MISSING__,FALSE,__ENVHARMONIZER_MISSING__,upstream
ENVO:01000270,claystone,A clastic sedimentary rock which is composed primarily of clay sized particles.,ENVO,__ENVHARMONIZER_MISSING__,FALSE,__ENVHARMONIZER_MISSING__,upstream
ENVO:01000271,clastic sedimentary rock,"Clastic sedimentary rocks are sedimentary rocks that are composed of silicate minerals and rock fragments that were transported by moving fluids. Clastic rocks are composed largely of quartz, feldspar, rock (lithic) fragments, clay minerals, and mica; numerous other minerals may be present as accessories and may be important locally.",ENVO,__ENVHARMONIZER_MISSING__,FALSE,__ENVHARMONIZER_MISSING__,upstream
ENVO:01000272,mudstone,A mudstone is a clastic sedimentary rock which contains a mixture of at least one third of silt- and one third of clay-sized particles.,ENVO,__ENVHARMONIZER_MISSING__,FALSE,__ENVHARMONIZER_MISSING__,upstream
ENVO:01000273,lime mudstone,Lime mudstone is a limestone which is primarily composed of either clay-size or both silt-size and clay-size detrital (transported) carbonate grains.,ENVO,__ENVHARMONIZER_MISSING__,FALSE,__ENVHARMONIZER_MISSING__,upstream
ENVO:01000274,slate,"Slate is a metamorphic rock which is fine-grained, foliated, homogeneous, Slates are derived from clastic sedimentary rocks.",ENVO,__ENVHARMONIZER_MISSING__,FALSE,__ENVHARMONIZER_MISSING__,upstream
ENVO:01000277,water ice,Ice which is formed from water.,ENVO,__ENVHARMONIZER_MISSING__,FALSE,__ENVHARMONIZER_MISSING__,upstream
ENVO:01000301,estuarine water,Brackish water which is part of an estuary.,ENVO,__ENVHARMONIZER_MISSING__,FALSE,__ENVHARMONIZER_MISSING__,upstream
ENVO:01000349,root matter,An organic material primarily composed of a portion of plant root.,ENVO,__ENVHARMONIZER_MISSING__,FALSE,__ENVHARMONIZER_MISSING__,upstream
ENVO:01000350,autoclaved sand,Autoclaved sand is sand that has been sterlised by exposure to high pressure saturated steam at at least 121 degrees Celsius.,ENVO,__ENVHARMONIZER_MISSING__,FALSE,__ENVHARMONIZER_MISSING__,upstream
ENVO:01000356,granite,"A portion of granite is a portion of igneous  rock which  is intrusive, felsic, granular, and phaneritic.",ENVO,__ENVHARMONIZER_MISSING__,FALSE,__ENVHARMONIZER_MISSING__,upstream
ENVO:01000357,alkaline water,A portion of alkaline water is a portion of water with a pH greater than 7.,ENVO,__ENVHARMONIZER_MISSING__,FALSE,__ENVHARMONIZER_MISSING__,upstream
ENVO:01000358,acidic water,A portion of acidic water is a portion of water with a pH less than 7.,ENVO,__ENVHARMONIZER_MISSING__,FALSE,__ENVHARMONIZER_MISSING__,upstream
ENVO:01000371,agricultural waste material,"Agricultural waste is waste produced as a result of various agricultural operations. It includes manure and other wastes from farms, poultry houses and slaughterhouses; harvest waste; fertilizer run- off from fields; pesticides that enter into water, air or soils; and salt and silt drained from fields.",ENVO,__ENVHARMONIZER_MISSING__,FALSE,__ENVHARMONIZER_MISSING__,upstream
ENVO:01000372,household waste material,Household waste refers to waste material usually generated in the residential environment. Waste with similar characteristics may be generated in other economic activities and can thus be treated and disposed of together with household waste.,ENVO,__ENVHARMONIZER_MISSING__,FALSE,__ENVHARMONIZER_MISSING__,upstream
ENVO:01000373,biological waste material,"Biological waste is waste containing mostly natural organic materials (remains of plants, animal excrement, biological sludge from waste-water treatment plants and so forth).",ENVO,__ENVHARMONIZER_MISSING__,FALSE,__ENVHARMONIZER_MISSING__,upstream
ENVO:01000405,respirable suspended particulate matter,A portion of respirable suspended particulate matter is a form of particulate matter composed primarily of solid particles each with a diameter of 10 micrometers or less.,ENVO,__ENVHARMONIZER_MISSING__,FALSE,__ENVHARMONIZER_MISSING__,upstream
ENVO:01000406,snow,Snow is an environmental material which is primarily composed of flakes of crystalline water ice.,ENVO,__ENVHARMONIZER_MISSING__,FALSE,__ENVHARMONIZER_MISSING__,upstream
ENVO:01000415,fine respirable suspended particulate matter,A portion of fine respirable suspended particulate matter is a form of particulate matter composed primarily of solid particles each with a diameter of 2.5 micrometers or less.,ENVO,__ENVHARMONIZER_MISSING__,FALSE,__ENVHARMONIZER_MISSING__,upstream
ENVO:01000416,ultrafine respirable suspended particulate matter,A portion of fine respirable suspended particulate matter is a form of particulate matter composed primarily of solid particles each with a diameter of  100 nanometers or less.,ENVO,__ENVHARMONIZER_MISSING__,FALSE,__ENVHARMONIZER_MISSING__,upstream
ENVO:01000427,carbon nanotube enriched soil,A portion of carbon nanotube enriched soil is a portion of soil with elevated levels of carbon nanotubes.,ENVO,__ENVHARMONIZER_MISSING__,FALSE,__ENVHARMONIZER_MISSING__,upstream
ENVO:01000436,waterborne particulate matter,Particulate environmental material in which small portions of solid material are surrounded by water.,ENVO,__ENVHARMONIZER_MISSING__,FALSE,__ENVHARMONIZER_MISSING__,upstream
ENVO:01000441,andesite,"Andesite is an extrusive igneous, volcanic rock, of intermediate composition, with aphanitic to porphyritic texture.",ENVO,__ENVHARMONIZER_MISSING__,FALSE,__ENVHARMONIZER_MISSING__,upstream
ENVO:01000442,dacite,"Dacite is an igneous, volcanic rock. It has an aphanitic to porphyritic texture and is intermediate in composition between andesite and rhyolite.  Dacite consists mostly of plagioclase feldspar with biotite, hornblende, and pyroxene (augite and/or enstatite). It has quartz as rounded, corroded phenocrysts, or as an element of the ground-mass. The plagioclase ranges from oligoclase to andesine and labradorite. Sanidine occurs, although in small proportions, in some dacites, and when abundant gives rise to rocks that form transitions to the rhyolites.",ENVO,__ENVHARMONIZER_MISSING__,FALSE,__ENVHARMONIZER_MISSING__,upstream
ENVO:01000444,dacitic lava,Lava which is high in silica and low in alkali metal oxides.,ENVO,__ENVHARMONIZER_MISSING__,FALSE,__ENVHARMONIZER_MISSING__,upstream
ENVO:01000451,atmospheric carbon dioxide,Atmospheric carbon dioxide is an environmental material composed of carbon dioxide in its gaseous form present in an atmosphere.,ENVO,__ENVHARMONIZER_MISSING__,FALSE,__ENVHARMONIZER_MISSING__,upstream
ENVO:01000458,concrete,Concrete is a composite material composed of an aggregate bonded together with a fluid cement which hardens over time.,ENVO,__ENVHARMONIZER_MISSING__,FALSE,__ENVHARMONIZER_MISSING__,upstream
ENVO:01000459,asphalt concrete,Asphaltic concrete is a concrete which uses refined asphalt as a cement.,ENVO,__ENVHARMONIZER_MISSING__,FALSE,__ENVHARMONIZER_MISSING__,upstream
ENVO:01000460,asphalt,"Asphalt also known as bitumen is a sticky, black, and highly viscous liquid or semi-solid form of petroleum.",ENVO,__ENVHARMONIZER_MISSING__,FALSE,__ENVHARMONIZER_MISSING__,upstream
ENVO:01000461,refined asphalt,"Refined asphalt is a sticky, black, and highly viscous liquid or semi-solid with a boiling point above 500 degrees Celsius, obtained from the fractional distillation of crude oil.",ENVO,__ENVHARMONIZER_MISSING__,FALSE,__ENVHARMONIZER_MISSING__,upstream
ENVO:01000462,masonry cement,Masonry cement is a substance used in construction that has the disposition to set and harden and thus may be used to bind materials together.,ENVO,__ENVHARMONIZER_MISSING__,FALSE,__ENVHARMONIZER_MISSING__,upstream
ENVO:01000463,hydraulic cement,"Hydraulic cement is a masonry cement which contains activated aluminium silicates or pozzolans, such as fly ash, allowing it to set in wet conditions or underwater.",ENVO,__ENVHARMONIZER_MISSING__,FALSE,__ENVHARMONIZER_MISSING__,upstream
ENVO:01000464,non-hydraulic cement,Non-hydraulic cement is a cement which sets by reacting with carbon dioxide in the air and will not set in wet conditions or underwater. It is susceptible to attack by aggresive chemicals after setting.,ENVO,__ENVHARMONIZER_MISSING__,FALSE,__ENVHARMONIZER_MISSING__,upstream
ENVO:01000473,thatch,"Thatch is material composed of dry vegetation such as straw, water reed, sedge (Cladium mariscus), rushes, or heather.",ENVO,__ENVHARMONIZER_MISSING__,FALSE,__ENVHARMONIZER_MISSING__,upstream
ENVO:01000474,brick material,"A portion of brick material is a material derived from a brick which is composed of  kneaded clay-bearing soil, expanded clay aggregate, sand and lime, or concrete that has been fire-hardened or air-dried.",ENVO,__ENVHARMONIZER_MISSING__,FALSE,__ENVHARMONIZER_MISSING__,upstream
ENVO:01000476,plaster,"Plaster is a building material which has the disposition to harden when it reacts with water, liberating heat through crystallization. Plaster is manufactured as a dry powder and is mixed with water to form a paste when used.",ENVO,__ENVHARMONIZER_MISSING__,FALSE,__ENVHARMONIZER_MISSING__,upstream
ENVO:01000477,gypsum plaster,Gypsum plaster is a plaster which is formed by partially dehydrating gypsum by heating it to approximately 150 degrees Celsius and grinding the product into a powder. Gypsum anhydride - formed by heating gypsum above 200 degrees Celsius - may also be used as plaster.,ENVO,__ENVHARMONIZER_MISSING__,FALSE,__ENVHARMONIZER_MISSING__,upstream
ENVO:01000478,cement plaster,__ENVHARMONIZER_MISSING__,ENVO,__ENVHARMONIZER_MISSING__,FALSE,__ENVHARMONIZER_MISSING__,upstream
ENVO:01000479,lime plaster,Lime plaster is a plaster which is primarily composed of calcium hydroxide and an inert filler (such as sand). Coversion of the calcium hydroxide to calcium carbonate through a reaction with carbon dioxide in the air causes the plaster to set.,ENVO,__ENVHARMONIZER_MISSING__,FALSE,__ENVHARMONIZER_MISSING__,upstream
ENVO:01000480,glass,Glass is an amorphous (non-crystalline) solid which is often transparent.,ENVO,__ENVHARMONIZER_MISSING__,FALSE,__ENVHARMONIZER_MISSING__,upstream
ENVO:01000481,silica-based glass,"Silica-based glass is a glass composed primarily of silicon dioxide, the primary constituent of sand.",ENVO,__ENVHARMONIZER_MISSING__,FALSE,__ENVHARMONIZER_MISSING__,upstream
ENVO:01000482,soda-lime glass,"Soda-lime glass is a silica-based glass which is composed of approximately 75% silicon dioxide, with sodium oxide and calcium oxide consituting most of its remaining composition.",ENVO,__ENVHARMONIZER_MISSING__,FALSE,__ENVHARMONIZER_MISSING__,upstream
ENVO:01000483,flat glass,"Flat glass is a soda-lime glass which is composed of approximately 73% silicon dioxide (silica), 14% sodium oxide, 9% calcium oxide, 4% magnesium oxide, 0.15% aluminium oxide, 0.03% potassium oxide, 0.02% titanum dioxide, and 0.01% iron III oxide.",ENVO,__ENVHARMONIZER_MISSING__,FALSE,__ENVHARMONIZER_MISSING__,upstream
ENVO:01000484,container glass,"Container glass is a soda-lime glass which is composed of approximately 74% silicon dioxide (silica), 13% sodium oxide, 10.5% calcium oxide, 1.3% aluminium oxide, 0.3% potassium oxide, 0.2% sulphur trioxide, 0.2% magnesium oxide,  0.04% iron III oxide, and 0.01%  titanum dioxide.",ENVO,__ENVHARMONIZER_MISSING__,FALSE,__ENVHARMONIZER_MISSING__,upstream
ENVO:01000485,quartz glass,Quartz glass is a glass which is composed of silica in amorphous (non-crystalline) form.,ENVO,__ENVHARMONIZER_MISSING__,FALSE,__ENVHARMONIZER_MISSING__,upstream
ENVO:01000508,salt material,__ENVHARMONIZER_MISSING__,ENVO,__ENVHARMONIZER_MISSING__,FALSE,__ENVHARMONIZER_MISSING__,upstream
ENVO:01000537,atmospheric ozone,Atmospheric ozone is an environmental material primarily composed of ozone in its gaseous form and present in an atmosphere.,ENVO,__ENVHARMONIZER_MISSING__,FALSE,__ENVHARMONIZER_MISSING__,upstream
ENVO:01000551,paraffin oil,"A fuel oil which is 1) composed primarily of alkanes having between 5-15 carbon atoms with the general formula CnH2n+2, 2) is generally odorless or has only a slight odor, 3) produces only small amounts of soot relative to other fuel oils, 4) is highly refined.",ENVO,__ENVHARMONIZER_MISSING__,FALSE,__ENVHARMONIZER_MISSING__,upstream
ENVO:01000552,natural gas,"Natural gas is a hydrocarbon gas mixture consisting primarily of methane, but commonly includes varying amounts of other higher alkanes and sometimes a usually lesser percentage of carbon dioxide, nitrogen, and/or hydrogen sulfide. Natural gas is a fossil fuel formed when layers of buried plants and gases are exposed to intense heat and pressure over thousands of years.",ENVO,__ENVHARMONIZER_MISSING__,FALSE,__ENVHARMONIZER_MISSING__,upstream
ENVO:01000553,liquefied petroleum gas,"Liquified petroleum gas or liquid petroleum gas (LPG or LP gas), also referred to as simply propane or butane, are flammable mixtures of hydrocarbon gases used as fuel in heating appliances, cooking equipment, and vehicles.",ENVO,__ENVHARMONIZER_MISSING__,FALSE,__ENVHARMONIZER_MISSING__,upstream
ENVO:01000554,hydrocarbon gas,A gas that is primarily composed of hydrocarbon molecules.,ENVO,__ENVHARMONIZER_MISSING__,FALSE,__ENVHARMONIZER_MISSING__,upstream
ENVO:01000555,compressed natural gas,"Compressed natural gas is a natural gas stored at high pressures, typically 20–25 Megapascals.",ENVO,__ENVHARMONIZER_MISSING__,FALSE,__ENVHARMONIZER_MISSING__,upstream
ENVO:01000556,biogas,"Biogas is a mixture of different gases produced by the breakdown of organic matter in the absence of oxygen,  is primarily composed of methane and carbon dioxide, and may have small amounts of hydrogen sulfide, water, and siloxanes.",ENVO,__ENVHARMONIZER_MISSING__,FALSE,__ENVHARMONIZER_MISSING__,upstream
ENVO:01000557,liquefied natural gas,"Liquefied natural gas (LNG) is natural gas (predominantly methane, CH4) that has been converted to liquid form for ease of storage or transport. It takes up about 1/600th the volume of natural gas in the gaseous state. It is odorless, colorless, non-toxic and non-corrosive. LNG achieves a higher reduction in volume than compressed natural gas (CNG) so that the (volumetric) energy density of LNG is 2.4 times greater than that of CNG or 60 percent of that of diesel fuel.",ENVO,__ENVHARMONIZER_MISSING__,FALSE,__ENVHARMONIZER_MISSING__,upstream
ENVO:01000558,liquefied hydrocarbon gas,__ENVHARMONIZER_MISSING__,ENVO,__ENVHARMONIZER_MISSING__,FALSE,__ENVHARMONIZER_MISSING__,upstream
ENVO:01000559,compressed biogas,Compressed biogas is biogas stored at increased pressures.,ENVO,__ENVHARMONIZER_MISSING__,FALSE,__ENVHARMONIZER_MISSING__,upstream
ENVO:01000560,charcoal,"Charcoal is a light, black residue, consisting of carbon and any remaining ash, obtained by removing water and other volatile constituents from animal and vegetation substances. Charcoal is usually produced by slow pyrolysis, the heating of wood or other substances in the absence of oxygen.",ENVO,__ENVHARMONIZER_MISSING__,FALSE,__ENVHARMONIZER_MISSING__,upstream
ENVO:01000575,wax,A wax is an environmental material which is primarily composed of lipids or other organic compounds that consist of long alkyl chains. Waxes are are malleable near ambient temperatures and melt at approximately 45 degrees Celsius.,ENVO,__ENVHARMONIZER_MISSING__,FALSE,__ENVHARMONIZER_MISSING__,upstream
ENVO:01000599,river water,__ENVHARMONIZER_MISSING__,ENVO,__ENVHARMONIZER_MISSING__,FALSE,__ENVHARMONIZER_MISSING__,upstream
ENVO:01000600,rainwater,Rainwater is liquid water which has precipitated in the form of droplets through the condensation of atmospheric water vapour.,ENVO,__ENVHARMONIZER_MISSING__,FALSE,__ENVHARMONIZER_MISSING__,upstream
ENVO:01000628,plant litter,"Leaf litter is dead plant material, such as leaves, bark, needles, and twigs, that has fallen to the ground.",ENVO,__ENVHARMONIZER_MISSING__,FALSE,__ENVHARMONIZER_MISSING__,upstream
ENVO:01000637,outer space,"Outer space is a hard vacuum containing a low density of particles, predominantly a plasma of hydrogen and helium as well as electromagnetic radiation, magnetic fields, neutrinos, dust and cosmic rays that exists between celestial bodies.",ENVO,__ENVHARMONIZER_MISSING__,FALSE,__ENVHARMONIZER_MISSING__,upstream
ENVO:01000648,magma,"Magma is a mixture of molten or semi-molten rock, volatiles, and solids that is found beneath the uppermost solid layer of a planetary body. Besides molten rock, magma may also contain suspended crystals, dissolved gas and sometimes gas bubbles.",ENVO,__ENVHARMONIZER_MISSING__,FALSE,__ENVHARMONIZER_MISSING__,upstream
ENVO:01000660,tephra,"Tephra is fragmental material produced by a volcanic eruption regardless of composition, fragment size or emplacement mechanism.",ENVO,__ENVHARMONIZER_MISSING__,FALSE,__ENVHARMONIZER_MISSING__,upstream
ENVO:01000661,tuff,Tuff is a type of rock made of volcanic ash ejected from a vent during a volcanic eruption.,ENVO,__ENVHARMONIZER_MISSING__,FALSE,__ENVHARMONIZER_MISSING__,upstream
ENVO:01000662,scoria,"Scoria is a highly vesicular, dark colored volcanic rock that may or may not contain crystals.",ENVO,__ENVHARMONIZER_MISSING__,FALSE,__ENVHARMONIZER_MISSING__,upstream
ENVO:01000663,pumice,"Pumice is a volcanic rock that consists of highly vesicular rough textured volcanic glass, which may or may not contain crystals.",ENVO,__ENVHARMONIZER_MISSING__,FALSE,__ENVHARMONIZER_MISSING__,upstream
ENVO:01000676,contaminated air,Contaminated air is air which has sufficient concentrations of environmental pollutants such that it may adversely affect a given ecosystem.,ENVO,__ENVHARMONIZER_MISSING__,FALSE,__ENVHARMONIZER_MISSING__,upstream
ENVO:01000681,sodium chloride salt,A mineral material composed primarily of sodium chloride.,ENVO,__ENVHARMONIZER_MISSING__,FALSE,__ENVHARMONIZER_MISSING__,upstream
ENVO:01000701,volcanic ash,"Volcanic ash is an environmental material which consists of fragments of pulverized rock, minerals, and volcanic glass, created during volcanic eruptions and measuring less than 2 millimetres in diameter. Volcanic ash is formed during explosive volcanic eruptions, phreatomagmatic eruptions and during transport in pyroclastic density currents.",ENVO,__ENVHARMONIZER_MISSING__,FALSE,__ENVHARMONIZER_MISSING__,upstream
ENVO:01000722,meltwater,"Meltwater is the water released by the melting of snow or ice, including glacial ice, tabular icebergs and ice shelves over oceans.",ENVO,__ENVHARMONIZER_MISSING__,FALSE,__ENVHARMONIZER_MISSING__,upstream
ENVO:01000751,bedrock,A lithified mass of rock that lies under the loose softer material (regolith) at the surface of the Earth or other terrestrial planet.,ENVO,__ENVHARMONIZER_MISSING__,FALSE,__ENVHARMONIZER_MISSING__,upstream
ENVO:01000770,carbon dioxide emission,A volume of carbon dioxide gas emitted by a carbon dioxide emission process.,ENVO,__ENVHARMONIZER_MISSING__,FALSE,__ENVHARMONIZER_MISSING__,upstream
ENVO:01000789,flame,"A portion of gas which is emitted by a fire or other exothermic reaction, is of increased temperature, and typically emits light in the visible range.",ENVO,__ENVHARMONIZER_MISSING__,FALSE,__ENVHARMONIZER_MISSING__,upstream
ENVO:01000790,hydrocarbon flame,A flame which is produced by the combustion of hydrocarbon fuel.,ENVO,__ENVHARMONIZER_MISSING__,FALSE,__ENVHARMONIZER_MISSING__,upstream
ENVO:01000797,gaseous environmental material,A material entity which is composed of one or more chemical entities and has neither independent shape nor volume but tends to expand indefinitely.,ENVO,__ENVHARMONIZER_MISSING__,FALSE,__ENVHARMONIZER_MISSING__,upstream
ENVO:01000798,plasma,"A material entity which is composed of a volume of unbound positive and negative particles in roughly equal numbers, conducts electricity, and possesses internal magnetic fields.",ENVO,__ENVHARMONIZER_MISSING__,FALSE,__ENVHARMONIZER_MISSING__,upstream
ENVO:01000813,astronomical body part,A material part of an astronomical body.,ENVO,__ENVHARMONIZER_MISSING__,FALSE,__ENVHARMONIZER_MISSING__,upstream
ENVO:01000814,solid environmental material,An environmental material which is in a solid state.,ENVO,__ENVHARMONIZER_MISSING__,FALSE,__ENVHARMONIZER_MISSING__,upstream
ENVO:01000815,liquid environmental material,An environmental material which is in a liquid state.,ENVO,__ENVHARMONIZER_MISSING__,FALSE,__ENVHARMONIZER_MISSING__,upstream
ENVO:01000828,humid air,Air which has increased levels of water vapour.,ENVO,__ENVHARMONIZER_MISSING__,FALSE,__ENVHARMONIZER_MISSING__,upstream
ENVO:01000829,water vapour saturated air,Air which has a partial pressure of water vapour equal or near equal to its equilibrium vapor pressure at a given temperature.,ENVO,__ENVHARMONIZER_MISSING__,FALSE,__ENVHARMONIZER_MISSING__,upstream
ENVO:01000838,smoke,__ENVHARMONIZER_MISSING__,ENVO,__ENVHARMONIZER_MISSING__,FALSE,__ENVHARMONIZER_MISSING__,upstream
ENVO:01000842,smog,A fog which is intermixed with smoke or other combustion products and their derivatives.,ENVO,__ENVHARMONIZER_MISSING__,FALSE,__ENVHARMONIZER_MISSING__,upstream
ENVO:01000844,fog,A visible mass of cloud water droplets or ice crystals suspended in the air at or near the surface of an astronomical body.,ENVO,__ENVHARMONIZER_MISSING__,FALSE,__ENVHARMONIZER_MISSING__,upstream
ENVO:01000845,crystal,"A solid material whose constituents, such as atoms, molecules or ions, are arranged in a highly ordered microscopic structure, forming a crystal lattice that extends in all directions.",ENVO,__ENVHARMONIZER_MISSING__,FALSE,__ENVHARMONIZER_MISSING__,upstream
ENVO:01000846,water ice crystal,A crystal which is primarily composed of water ice.,ENVO,__ENVHARMONIZER_MISSING__,FALSE,__ENVHARMONIZER_MISSING__,upstream
ENVO:01000847,hair ice,"A type of water ice that forms on dead wood with the assistance of the fungus Exidiopsis effusa and takes the shape of fine, silky hair.",ENVO,__ENVHARMONIZER_MISSING__,FALSE,__ENVHARMONIZER_MISSING__,upstream
ENVO:01000850,clathrate material,A material which is primarily composed of a substance arranged as a lattice which can trap or contain other molecules.,ENVO,__ENVHARMONIZER_MISSING__,FALSE,__ENVHARMONIZER_MISSING__,upstream
ENVO:01000851,methane clathrate,"A clathrate material in which a large amount of methane is trapped within a crystal structure of water, forming a solid similar to ice.",ENVO,__ENVHARMONIZER_MISSING__,FALSE,__ENVHARMONIZER_MISSING__,upstream
ENVO:01000853,marl,Marl is a mass of calcium carbonate derived from mollusk shells and mixed with silt and clay.,ENVO,__ENVHARMONIZER_MISSING__,FALSE,__ENVHARMONIZER_MISSING__,upstream
ENVO:01000872,ballast water,Ballast water is water contained in the ballast tanks of sea-going vessels.,ENVO,__ENVHARMONIZER_MISSING__,FALSE,__ENVHARMONIZER_MISSING__,upstream
ENVO:01000939,time crystal,An open system in non-equilibrium with its environment that exhibits time translation symmetry breaking.,ENVO,__ENVHARMONIZER_MISSING__,FALSE,__ENVHARMONIZER_MISSING__,upstream
ENVO:01000940,fissure water,Water which is partially contained within a fissure or a geological fracture.,ENVO,__ENVHARMONIZER_MISSING__,FALSE,__ENVHARMONIZER_MISSING__,upstream
ENVO:01000962,diatomite,"A sedimentary rock which is primarily composed of the fossilized, siliceous remains of diatoms mixed with varying amounts of other clays and minerals.",ENVO,__ENVHARMONIZER_MISSING__,FALSE,__ENVHARMONIZER_MISSING__,upstream
ENVO:01000964,industrial wastewater,Wastewater which is produced by industrial activity and which contains chemical contaminants other than those associated with urine and fecal matter.,ENVO,__ENVHARMONIZER_MISSING__,FALSE,__ENVHARMONIZER_MISSING__,upstream
ENVO:01001004,groundwater,"Underground water which is located in pore spaces found in rock or unconsolidated deposits such as soil, clay, or gravel.",ENVO,liquid,TRUE,aqueous,upstream
ENVO:01001018,hypereutrophic water,Water which has a very high concentration of nutrients.,ENVO,__ENVHARMONIZER_MISSING__,FALSE,__ENVHARMONIZER_MISSING__,upstream
ENVO:01001028,sediment permeated by freshwater,Sediment which has its porespace filled by water which has very low levels of sodium chloride and/or other salts.,ENVO,__ENVHARMONIZER_MISSING__,FALSE,__ENVHARMONIZER_MISSING__,upstream
ENVO:01001036,sediment permeated by saline water,Sediment which has its porespace filled by water with increased levels of sodium chloride and other salts.,ENVO,__ENVHARMONIZER_MISSING__,FALSE,__ENVHARMONIZER_MISSING__,upstream
ENVO:01001037,slightly saline water,"Water which contains a slightly increased concentration of dissolved salts, relative to their concentration in freshwater.",ENVO,__ENVHARMONIZER_MISSING__,FALSE,__ENVHARMONIZER_MISSING__,upstream
ENVO:01001038,moderately saline water,"Water which contains a moderately increased concentration of dissolved salts, relative to their concentration in freshwater.",ENVO,__ENVHARMONIZER_MISSING__,FALSE,__ENVHARMONIZER_MISSING__,upstream
ENVO:01001039,highly saline water,"Water which contains a highly increased concentration of dissolved salts, relative to their concentration in freshwater.",ENVO,__ENVHARMONIZER_MISSING__,FALSE,__ENVHARMONIZER_MISSING__,upstream
ENVO:01001059,mock community culture,A cell culture which is composed of a microbial community of known composition.,ENVO,__ENVHARMONIZER_MISSING__,FALSE,__ENVHARMONIZER_MISSING__,upstream
ENVO:01001060,single strain cell culture,A cell culture which is composed of a single population of bacterial or archaeal cells.,ENVO,__ENVHARMONIZER_MISSING__,FALSE,__ENVHARMONIZER_MISSING__,upstream
ENVO:01001063,oxic water,Water which has an appreciable concentration of dissolved oxygen.,ENVO,__ENVHARMONIZER_MISSING__,FALSE,__ENVHARMONIZER_MISSING__,upstream
ENVO:01001064,hypoxic water,Water which has low levels of dissolved oxygen.,ENVO,__ENVHARMONIZER_MISSING__,FALSE,__ENVHARMONIZER_MISSING__,upstream
ENVO:01001069,metallic material,A material which is composed primarily of one or more pure metals and which shows their properties.,ENVO,__ENVHARMONIZER_MISSING__,FALSE,__ENVHARMONIZER_MISSING__,upstream
ENVO:01001088,aerosolised liquids,An aerosol which has non-gaseous parts that are primarily composed of liquid droplets.,ENVO,__ENVHARMONIZER_MISSING__,FALSE,__ENVHARMONIZER_MISSING__,upstream
ENVO:01001089,aerosolised solids,An aerosol which has non-gaseous parts that are primarily composed of solid particles.,ENVO,__ENVHARMONIZER_MISSING__,FALSE,__ENVHARMONIZER_MISSING__,upstream
ENVO:01001103,detritus,An organic material which is primarily composed of dead particulate matter.,ENVO,__ENVHARMONIZER_MISSING__,FALSE,__ENVHARMONIZER_MISSING__,upstream
ENVO:01001113,forage material,"Material which is primarily conposed of the vegetation present in tended pastures: mainly grasses, with an interspersion of legumes and other forbs.",ENVO,__ENVHARMONIZER_MISSING__,FALSE,__ENVHARMONIZER_MISSING__,upstream
ENVO:01001116,bovine dairy liquid manure,"Manure which has been collected directly or indirectly from dairy cattle, as from flushing of manure from concrete feed lanes, free stalls, and milking facilities.",ENVO,__ENVHARMONIZER_MISSING__,FALSE,__ENVHARMONIZER_MISSING__,upstream
ENVO:01001117,poultry manure,Manure which is composed primarily of the feces of poultry.,ENVO,__ENVHARMONIZER_MISSING__,FALSE,__ENVHARMONIZER_MISSING__,upstream
ENVO:01001118,heat-treated animal manure,Manure which has been subjected to heat treatment for solidification and/or sterilization purposes.,ENVO,__ENVHARMONIZER_MISSING__,FALSE,__ENVHARMONIZER_MISSING__,upstream
ENVO:01001119,composted animal manure,Manure which has been subjected to a natural process of 'rotting' or decomposition of its organic matter content by microorganisms under controlled conditions.,ENVO,__ENVHARMONIZER_MISSING__,FALSE,__ENVHARMONIZER_MISSING__,upstream
ENVO:01001121,plant matter,"Organic material which is primarily composed of plant structures, living or dead.",ENVO,__ENVHARMONIZER_MISSING__,FALSE,__ENVHARMONIZER_MISSING__,upstream
ENVO:01001125,ice,An ice is an environmental material which is either frozen or which is maintained in a solid state by gravitational forces or pressure.,ENVO,__ENVHARMONIZER_MISSING__,FALSE,__ENVHARMONIZER_MISSING__,upstream
ENVO:01001126,astrogeological ice,An astrogeological volatile which is composed primarily of chemical compounds with freezing points above an approximate threshold of 100 Kelvin.,ENVO,__ENVHARMONIZER_MISSING__,FALSE,__ENVHARMONIZER_MISSING__,upstream
ENVO:01001138,carbon dioxide ice,Ice which is primarily composed of carbon dioxide.,ENVO,__ENVHARMONIZER_MISSING__,FALSE,__ENVHARMONIZER_MISSING__,upstream
ENVO:01001139,methane ice,Ice which is primarily composed of methane.,ENVO,__ENVHARMONIZER_MISSING__,FALSE,__ENVHARMONIZER_MISSING__,upstream
ENVO:01001140,ammonia ice,Ice which is primarily composed of ammonia.,ENVO,__ENVHARMONIZER_MISSING__,FALSE,__ENVHARMONIZER_MISSING__,upstream
ENVO:01001141,carbon monoxide ice,Ice which is primarily composed of carbon monoxide.,ENVO,__ENVHARMONIZER_MISSING__,FALSE,__ENVHARMONIZER_MISSING__,upstream
ENVO:01001154,volatile astrogeological material,"A material which is composed primarily of chemical elements and compounds with relatively low boiling points, equilibrium condensation temperatures below 1300 Kelvin, and which are part of the crust or atmosphere of a moon or planet.",ENVO,__ENVHARMONIZER_MISSING__,FALSE,__ENVHARMONIZER_MISSING__,upstream
ENVO:01001155,astrogeological gas,An astrogeological volatile which is composed primarily of chemical compounds with boiling points around those of hydrogen and helium.,ENVO,__ENVHARMONIZER_MISSING__,FALSE,__ENVHARMONIZER_MISSING__,upstream
ENVO:01001156,refractory astrogeological material,A material which is composed primarily of chemical elements and compounds which have equilibrium condensation temperatures above approximately 1300 Kelvin and which are part of the crust or atmosphere of a moon or planet.,ENVO,__ENVHARMONIZER_MISSING__,FALSE,__ENVHARMONIZER_MISSING__,upstream
ENVO:01001185,acidic soil,"Soil which has increased levels of molecules or ions capable of donating a hydron (proton or hydrogen ion) to other chemical entities, or, alternatively, capable of forming covalent bonds with other chemicals via the acceptance of an electron pair, resulting in a bulk pH measurement of less than 7.",ENVO,__ENVHARMONIZER_MISSING__,FALSE,__ENVHARMONIZER_MISSING__,upstream
ENVO:01001186,acidic volcanic ash,"Volcanic ash which has increased levels of molecules or ions capable of donating a hydron (proton or hydrogen ion) to other chemical entities, or, alternatively, capable of forming covalent bonds with other chemicals via the acceptance of an electron pair, resulting in a bulk pH measurement of less than 7.",ENVO,__ENVHARMONIZER_MISSING__,FALSE,__ENVHARMONIZER_MISSING__,upstream
ENVO:01001189,algal material,__ENVHARMONIZER_MISSING__,ENVO,__ENVHARMONIZER_MISSING__,FALSE,__ENVHARMONIZER_MISSING__,upstream
ENVO:01001190,brown sea ice,"Sea ice which has a brown colouration, either due to 1) the presence of pigments which are or were contained in the members of ecological assemblages, such as algal communities, living or trapped within the ice or 2) due to the presence of trapped sediments.",ENVO,__ENVHARMONIZER_MISSING__,FALSE,__ENVHARMONIZER_MISSING__,upstream
ENVO:01001202,alluvium,Soil or sediment which has been eroded and influenced by flowing water and redeposited in a non-marine setting.,ENVO,__ENVHARMONIZER_MISSING__,FALSE,__ENVHARMONIZER_MISSING__,upstream
ENVO:01001203,alluvial sediment,Sediment which has been transported by flowing water and redeposited in a non-marine setting.,ENVO,__ENVHARMONIZER_MISSING__,FALSE,__ENVHARMONIZER_MISSING__,upstream
ENVO:01001204,alluvial deposit,A rock which is formed as a result of the lithification of alluvium.,ENVO,__ENVHARMONIZER_MISSING__,FALSE,__ENVHARMONIZER_MISSING__,upstream
ENVO:01001231,kerogen,Organic material which is in a solid phase and contained in sedimentary rock.,ENVO,__ENVHARMONIZER_MISSING__,FALSE,__ENVHARMONIZER_MISSING__,upstream
ENVO:01001232,sapropelic kerogen,"Kerogen which cotains alginite, amorphous organic matter, cyanobacteria, freshwater algae, and land plant resins, thus having a hydrogen to carbon ratio above 1.25, and oxygen to carbon ratio below 0.15, readily produces liquid hydrocarbons, has reduced concentrations of aromatic structures, and primarily derived from proteins and lipids.",ENVO,__ENVHARMONIZER_MISSING__,FALSE,__ENVHARMONIZER_MISSING__,upstream
ENVO:01001233,labile kerogen,Kerogen from which heavy hydrocarbons (such as oils) are derived following chemical break down.,ENVO,__ENVHARMONIZER_MISSING__,FALSE,__ENVHARMONIZER_MISSING__,upstream
ENVO:01001234,recalcitrant kerogen,Kerogen from which light hydrocarbons (such as hydrocarbon gases) are derived following chemical break down.,ENVO,__ENVHARMONIZER_MISSING__,FALSE,__ENVHARMONIZER_MISSING__,upstream
ENVO:01001235,planktonic kerogen,"Kerogen which is enriched in sulfur compounds, has a hydrogen to carbon ratio under 1.25, an oxygen to carbon ratio between 0.03 and 0.18, derives into mixtures of hydrocarbon gas and oil, and derives from marine organic materials (primarily lipids) which are formed in reducing environments.",ENVO,__ENVHARMONIZER_MISSING__,FALSE,__ENVHARMONIZER_MISSING__,upstream
ENVO:01001236,sulfrous kerogen,Planktonic kerogen which has high concentrations of sulfur compounds.,ENVO,__ENVHARMONIZER_MISSING__,FALSE,__ENVHARMONIZER_MISSING__,upstream
ENVO:01001237,humic kerogen,"Kerogen which derives from land plants, resembles wood or coral in structure, has a hydrogen to carbon ratio under 1, an oxygen to carbon ratio between 0.03 to 0.3, and which primarily produces coal or hydrocarbon gas on degradation.",ENVO,__ENVHARMONIZER_MISSING__,FALSE,__ENVHARMONIZER_MISSING__,upstream
ENVO:01001238,residual kerogen,Kerogen which has a hydrogen to carbon ratio less than  0.5 and primarily composed of polycyclic aromatic hydrocarbons.,ENVO,__ENVHARMONIZER_MISSING__,FALSE,__ENVHARMONIZER_MISSING__,upstream
ENVO:01001257,saline shrimp pond water,Saline water which is derived from sea water and used during the cultivation of crustaceans.,ENVO,__ENVHARMONIZER_MISSING__,FALSE,__ENVHARMONIZER_MISSING__,upstream
ENVO:01001258,vog,"A fog which is composed of liquid aerosols and gases derived from volcanic gas emissions (primarily sulfur oxides), formed when sulfur-bearing gases react with sunlight, oxygen, and moisture in an atmosphere.",ENVO,__ENVHARMONIZER_MISSING__,FALSE,__ENVHARMONIZER_MISSING__,upstream
ENVO:01001267,stormwater,Water which accumulates on a solid surface during precipitation events and snow/ice melt.,ENVO,__ENVHARMONIZER_MISSING__,FALSE,__ENVHARMONIZER_MISSING__,upstream
ENVO:01001268,urban stormwater,Stormwater which accumulates in an urban ecosystem.,ENVO,__ENVHARMONIZER_MISSING__,FALSE,__ENVHARMONIZER_MISSING__,upstream
ENVO:01001270,rural stormwater,Stormwater which accumulates in a rural ecosystem.,ENVO,__ENVHARMONIZER_MISSING__,FALSE,__ENVHARMONIZER_MISSING__,upstream
ENVO:01001282,silica dust,Dust which is composed primarily of slicon dioxide.,ENVO,__ENVHARMONIZER_MISSING__,FALSE,__ENVHARMONIZER_MISSING__,upstream
ENVO:01001283,aluminium dust,Dust which is primarily composed of aluminium particles.,ENVO,__ENVHARMONIZER_MISSING__,FALSE,__ENVHARMONIZER_MISSING__,upstream
ENVO:01001284,barium dust,Dust which is primarily composed of barium particles.,ENVO,__ENVHARMONIZER_MISSING__,FALSE,__ENVHARMONIZER_MISSING__,upstream
ENVO:01001285,talc dust,Dust which is primarily composed of hydrated magnesium silicate (talc) particles.,ENVO,__ENVHARMONIZER_MISSING__,FALSE,__ENVHARMONIZER_MISSING__,upstream
ENVO:01001286,slate dust,Dust which is primarily composed of slate particles.,ENVO,__ENVHARMONIZER_MISSING__,FALSE,__ENVHARMONIZER_MISSING__,upstream
ENVO:01001288,kaolin dust,Dust which is primarily composed of kaolinite particles.,ENVO,__ENVHARMONIZER_MISSING__,FALSE,__ENVHARMONIZER_MISSING__,upstream
ENVO:01001391,gill tissue material,__ENVHARMONIZER_MISSING__,ENVO,__ENVHARMONIZER_MISSING__,FALSE,__ENVHARMONIZER_MISSING__,upstream
ENVO:01001392,mussel gill tissue material,__ENVHARMONIZER_MISSING__,ENVO,__ENVHARMONIZER_MISSING__,FALSE,__ENVHARMONIZER_MISSING__,upstream
ENVO:01001393,Bathymodiolus gill tissue material,__ENVHARMONIZER_MISSING__,ENVO,__ENVHARMONIZER_MISSING__,FALSE,__ENVHARMONIZER_MISSING__,upstream
ENVO:01001395,necromass,"Biomass which is composed primarily of dead organisms, their parts, or their organic derivatives.",ENVO,__ENVHARMONIZER_MISSING__,FALSE,__ENVHARMONIZER_MISSING__,upstream
ENVO:01001396,abyssal clay,Clay which is part of an abyssal plain.,ENVO,__ENVHARMONIZER_MISSING__,FALSE,__ENVHARMONIZER_MISSING__,upstream
ENVO:01001397,ultisol,"A soil which has high mineral content and which contain no calcareous material, have less than 10% weatherable minerals its surface layer, and have less than 35% base saturation throughout its volume.",ENVO,__ENVHARMONIZER_MISSING__,FALSE,__ENVHARMONIZER_MISSING__,upstream
ENVO:01001402,haze,"An aersolised mass of dust, smoke, or other dry particulates which scatters visible light thus obsscuring visibility through an atmosphere.",ENVO,__ENVHARMONIZER_MISSING__,FALSE,__ENVHARMONIZER_MISSING__,upstream
ENVO:01001458,mist,"A visible mass of water droplets or ice crystals suspended in the air at or near a planetary surface, formed when humid air cools rapidly.",ENVO,__ENVHARMONIZER_MISSING__,FALSE,__ENVHARMONIZER_MISSING__,upstream
ENVO:01001511,freshwater ice,__ENVHARMONIZER_MISSING__,ENVO,__ENVHARMONIZER_MISSING__,FALSE,__ENVHARMONIZER_MISSING__,upstream
ENVO:01001512,congelation sea ice,Sea ice which 1) has formed on the submerged surface (i.e. the base) of an existing mass of sea ice and 2) is composed of columnar crystals due to the downward growth of the crystals into the water.,ENVO,__ENVHARMONIZER_MISSING__,FALSE,__ENVHARMONIZER_MISSING__,upstream
ENVO:01001513,permafrost congelation ice,Water ice which has formed in a mass of permafrost.,ENVO,__ENVHARMONIZER_MISSING__,FALSE,__ENVHARMONIZER_MISSING__,upstream
ENVO:01001514,congelation ice in a fresh water body,Freshwater ice which forms downward from the surface of a freshwater water body and is transparent due to a reduced number of air bubbles trapped in its mass.,ENVO,__ENVHARMONIZER_MISSING__,FALSE,__ENVHARMONIZER_MISSING__,upstream
ENVO:01001515,freshwater congelation ice,Freshwater ice which forms on a solid substrate through the freezing of freshwater.,ENVO,__ENVHARMONIZER_MISSING__,FALSE,__ENVHARMONIZER_MISSING__,upstream
ENVO:01001516,ice cave congelation ice,Freshwater congelation ice which has formed on a solid substrate in an ice cave.,ENVO,__ENVHARMONIZER_MISSING__,FALSE,__ENVHARMONIZER_MISSING__,upstream
ENVO:01001523,frazil,"Small, needle-like (spicules), plate-like, or discoid crystals derived from nearly pure fresh water, suspended in a water body.",ENVO,__ENVHARMONIZER_MISSING__,FALSE,__ENVHARMONIZER_MISSING__,upstream
ENVO:01001525,hard-frozen soil,"Frozen soil which is firmly cemented by water ice, is subject to brittle failure, and exhibits practically no consolidation under load.",ENVO,__ENVHARMONIZER_MISSING__,FALSE,__ENVHARMONIZER_MISSING__,upstream
ENVO:01001526,frozen soil,Soil which is below the freezing point of water.,ENVO,__ENVHARMONIZER_MISSING__,FALSE,__ENVHARMONIZER_MISSING__,upstream
ENVO:01001527,plastic-frozen soil,"Frozen soil which is cemented by water ice but has viscous properties due to its high, unfrozen water content and therefore will compress and deform under load.",ENVO,__ENVHARMONIZER_MISSING__,FALSE,__ENVHARMONIZER_MISSING__,upstream
ENVO:01001528,friable-frozen soil,"Frozen soil which has very low total water content and is not cemented by ice; its compressibility is the same as that of unfrozen soils having the same composition, total water content and density.",ENVO,__ENVHARMONIZER_MISSING__,FALSE,__ENVHARMONIZER_MISSING__,upstream
ENVO:01001557,water-body-derived ice,Ice which has formed as the result of freezing of water which was part of a water body.,ENVO,__ENVHARMONIZER_MISSING__,FALSE,__ENVHARMONIZER_MISSING__,upstream
ENVO:01001560,colloidal suspension,"An environmental material which is primarily composed of a dispersed phase of insoluable particles, approximately between 1 nanometer and 1 micrometer in maximum dimension, distributed throughout a material acting as a medium of suspension.",ENVO,__ENVHARMONIZER_MISSING__,FALSE,__ENVHARMONIZER_MISSING__,upstream
ENVO:01001561,gel,"An environmental material which is solid, jelly-like, and exhibits no flow when in steady state material and which contains liquid dispersed in and held in place by cross-linked structures of a solid medium.",ENVO,__ENVHARMONIZER_MISSING__,FALSE,__ENVHARMONIZER_MISSING__,upstream
ENVO:01001562,hydrogel,"A gel which is primarily composed of a network of polymer chains that are hydrophilic, sometimes found as a colloidal gel in which water is the dispersion medium.",ENVO,__ENVHARMONIZER_MISSING__,FALSE,__ENVHARMONIZER_MISSING__,upstream
ENVO:01001563,quicksand,"Particulate environmental material which 1) is primarily composed of a fine, granular material such as sand, silt, or clay suspended in and saturated by water and 2) readily liquefies when weight is applied, losing strength and permitting objects to sink until their weight and buoyancy offset the weight of the displaced quicksand.",ENVO,__ENVHARMONIZER_MISSING__,FALSE,__ENVHARMONIZER_MISSING__,upstream
ENVO:01001608,kerosene oil,"A fuel oil which 1) is derived from petroleum oil, 2) has a strong odor, 3) produces large quantities of soot relative to other fuel oils, 4) is less refined than fuel oils such as paraffin.",ENVO,__ENVHARMONIZER_MISSING__,FALSE,__ENVHARMONIZER_MISSING__,upstream
ENVO:01001614,ice-bearing permafrost,Permafrost which contains inclusions of water-based ice.,ENVO,__ENVHARMONIZER_MISSING__,FALSE,__ENVHARMONIZER_MISSING__,upstream
ENVO:01001616,bare soil,Soil which is directly exposed to the atmosphere - with no intervening layer of plant life or other cover - and thus the effects of weathering and erosion.,ENVO,__ENVHARMONIZER_MISSING__,FALSE,__ENVHARMONIZER_MISSING__,upstream
ENVO:01001638,frost-susceptible soil,Soil in which segregated ice will form (causing frost heave) under the required conditions of moisture supply and temperature.,ENVO,__ENVHARMONIZER_MISSING__,FALSE,__ENVHARMONIZER_MISSING__,upstream
ENVO:01001644,material primarily composed of biogenic carbonates,__ENVHARMONIZER_MISSING__,ENVO,__ENVHARMONIZER_MISSING__,FALSE,__ENVHARMONIZER_MISSING__,upstream
ENVO:01001646,amorphous solid,A solid material which does not have a regularly organised internal structure.,ENVO,__ENVHARMONIZER_MISSING__,FALSE,__ENVHARMONIZER_MISSING__,upstream
ENVO:01001647,colloid suspended in a hydrosphere,A colloidal suspension which is dispersed through a part of a hydrosphere.,ENVO,__ENVHARMONIZER_MISSING__,FALSE,__ENVHARMONIZER_MISSING__,upstream
ENVO:01001648,suspended colloidal sediment,Colloidal sediment which is suspended in a part of the hydrosphere.,ENVO,__ENVHARMONIZER_MISSING__,FALSE,__ENVHARMONIZER_MISSING__,upstream
ENVO:01001649,heavy fraction material,An environmental material which is denser than bromoform.,ENVO,__ENVHARMONIZER_MISSING__,FALSE,__ENVHARMONIZER_MISSING__,upstream
ENVO:01001650,light fraction material,An environmental material which is less dense than bromoform.,ENVO,__ENVHARMONIZER_MISSING__,FALSE,__ENVHARMONIZER_MISSING__,upstream
ENVO:01001651,particulate matter in a hydrosphere,Waterborne particulate matter which is part of a hydrosphere.,ENVO,__ENVHARMONIZER_MISSING__,FALSE,__ENVHARMONIZER_MISSING__,upstream
ENVO:01001652,atmospheric aerosol,An aerosol that is suspended in an atmosphere.,ENVO,__ENVHARMONIZER_MISSING__,FALSE,__ENVHARMONIZER_MISSING__,upstream
ENVO:01001820,cultured organic material,__ENVHARMONIZER_MISSING__,ENVO,__ENVHARMONIZER_MISSING__,FALSE,__ENVHARMONIZER_MISSING__,upstream
ENVO:01001821,hydrothermally-influenced sediment,"Sediment through which hydrothermally modified fluids flow, altering its properties through interaction with their own.",ENVO,__ENVHARMONIZER_MISSING__,FALSE,__ENVHARMONIZER_MISSING__,upstream
ENVO:01001841,volcanic soil,An andosol which derives its silica content from glass and tephra ejected during a volcanic eruption.,ENVO,__ENVHARMONIZER_MISSING__,FALSE,__ENVHARMONIZER_MISSING__,upstream
ENVO:01001845,hoar,Frost which is composed of interlocking ice crystals formed by vapour transfer (sublimation followed by deposition) of water vapour on some surface.,ENVO,__ENVHARMONIZER_MISSING__,FALSE,__ENVHARMONIZER_MISSING__,upstream
ENVO:01001846,depth hoar,"Hoar which is usually cup-shaped and facetted and which forms within dry, low-density snow beneath the snow surface.",ENVO,__ENVHARMONIZER_MISSING__,FALSE,__ENVHARMONIZER_MISSING__,upstream
ENVO:01001847,hoarfrost,__ENVHARMONIZER_MISSING__,ENVO,__ENVHARMONIZER_MISSING__,FALSE,__ENVHARMONIZER_MISSING__,upstream
ENVO:01001848,rime,"Water ice which 1) has a white or milky and opaque appearance, 2) has a granular texture, and 3) is formed as a result of the deposition and rapid freezing of supercooled water drops as they make contact with an exposed object.",ENVO,__ENVHARMONIZER_MISSING__,FALSE,__ENVHARMONIZER_MISSING__,upstream
ENVO:01001849,glaze,__ENVHARMONIZER_MISSING__,ENVO,__ENVHARMONIZER_MISSING__,FALSE,__ENVHARMONIZER_MISSING__,upstream
ENVO:01001850,frost,An environmental material which is primarily composed of minute ice crystals forming a fuzzy layer over a cold surface by direct deposition of water vapor.,ENVO,__ENVHARMONIZER_MISSING__,FALSE,__ENVHARMONIZER_MISSING__,upstream
ENVO:01001869,fracking liquid,A liquid environmental material which is composed primarily of water ammended with thickening agents and proppants.,ENVO,__ENVHARMONIZER_MISSING__,FALSE,__ENVHARMONIZER_MISSING__,upstream
ENVO:01001876,graupel,Snow which is composed of heavily rimed particles typically 2 to 5 millimeters in diameter (0.1 to 0.2 inch).,ENVO,__ENVHARMONIZER_MISSING__,FALSE,__ENVHARMONIZER_MISSING__,upstream
ENVO:01001882,surface hoar,"Hoar which a) forms on surfaces, b) occurs when the temperature of the surface is colder than the air above and colder than the frost point of that air.",ENVO,__ENVHARMONIZER_MISSING__,FALSE,__ENVHARMONIZER_MISSING__,upstream
ENVO:01001883,hoar crystal,A water ice crystal which is a part of a deposit of hoarfrost and which only grows by desublimation.,ENVO,__ENVHARMONIZER_MISSING__,FALSE,__ENVHARMONIZER_MISSING__,upstream
ENVO:02000004,nesting material,"Nesting material is an animal habitation consisting of matierals used to cushion, insulate and protect the young of the organism. The adult will use the material to form a protective structure to house and raise their young. Nests are built primarily by birds, but also by mammals, fish, insects and reptiles.",ENVO,__ENVHARMONIZER_MISSING__,FALSE,__ENVHARMONIZER_MISSING__,upstream
ENVO:02000008,cell culture,A cell culture is a growth of cells in vitro in an artificial medium for experimental research.,ENVO,__ENVHARMONIZER_MISSING__,FALSE,__ENVHARMONIZER_MISSING__,upstream
ENVO:02000019,bodily fluid material,"An organic material which is primarily composed of some natural bodily fluid or secretion such as blood, semen, saliva, blood plasma, intracellular and interstitial fluids.",ENVO,__ENVHARMONIZER_MISSING__,FALSE,__ENVHARMONIZER_MISSING__,upstream
ENVO:02000020,blood material,"A bodily fluid material which is composed primarily of blood, a bodily fluid composed of blood plasma and blood cells suspended within the plasma that circulates around the organism's body. Blood performs may important functions including the supplying of oxygen and nutrients, removal of waste, circulation of white blood cells, detection of antibodes, coagulation, transportation of antibodies and the regulation of pH and body temperature.",ENVO,liquid,TRUE,aqueous,upstream
ENVO:02000021,amniotic fluid material,"A bodily fluid material which is composed primarily of amniotic fluid, a bodily fluid consisting of watery liquid surrounding and cushioning a growing fetus within the amnion. It allows the fetus to move freely without the walls of the uterus being too tight against its body. Buoyancy is also provided.",ENVO,__ENVHARMONIZER_MISSING__,FALSE,__ENVHARMONIZER_MISSING__,upstream
ENVO:02000022,excreta material,"A bodily fluid material which is composed primarily of excreta, bodily fluids consisting of matter which contains the waste products of biological processes, including urine or feces, discharged from an organism's body.",ENVO,__ENVHARMONIZER_MISSING__,FALSE,__ENVHARMONIZER_MISSING__,upstream
ENVO:02000023,bile material,"A bodily fluid material which is composed primarily of bile, a bodily fluid consisting of a bitter, yellow or green alkaline fluid secreted by hepatocytes from the liver of most vertebrates. In many species, bile is stored in the gallbladder between meals and upon eating is discharged into the duodenum where the bile aids the process of digestion of lipids.",ENVO,__ENVHARMONIZER_MISSING__,FALSE,__ENVHARMONIZER_MISSING__,upstream
ENVO:02000024,aqueous humour material,"A bodily fluid material which is composed primarily of aqueous humour, a bodily fluid consisting of a thick watery substance that fills the space between the lens and the cornea.",ENVO,__ENVHARMONIZER_MISSING__,FALSE,__ENVHARMONIZER_MISSING__,upstream
ENVO:02000025,sweat material,"An excreta material which is composed primarily of sweat, an excreta consisting primarily of water as well as a smaller amount of sodium chloride that is excreted by the sweat glands in the skin of mammals.",ENVO,__ENVHARMONIZER_MISSING__,FALSE,__ENVHARMONIZER_MISSING__,upstream
ENVO:02000026,chyme material,"A bodily fluid material which is composed primarily of chyme, a bodily fluid consisting of a liquid substance found in the stomach before passing through the pyloric valve and entering the duodenum. It results from the mechanical and chemical breakdown of a bolus and consists of partially digested food, water, hydrochloric acid, and various digestive enzymes.",ENVO,__ENVHARMONIZER_MISSING__,FALSE,__ENVHARMONIZER_MISSING__,upstream
ENVO:02000027,blood plasma material,"A bodily fluid material which is composed primarily of blood plasma, a bodily fluid that comprises the liquid component of blood, in which the blood cells are suspended. It makes up about 55% of total blood volume.",ENVO,__ENVHARMONIZER_MISSING__,FALSE,__ENVHARMONIZER_MISSING__,upstream
ENVO:02000028,ear wax material,"A bodily fluid material which is composed primarily of ear wax, a bodily fluid consisting of a yellowish, waxy substance secreted in the ear canal of humans and many other mammals. It plays an important role in the human ear canal, assisting in cleaning and lubrication, and also provides some protection from bacteria, fungi, and insects.",ENVO,__ENVHARMONIZER_MISSING__,FALSE,__ENVHARMONIZER_MISSING__,upstream
ENVO:02000029,cerebrospinal fluid material,"A bodily fluid material which is composed primarily of cerebrospinal fluid, a clear bodily fluid that occupies the subarachnoid space and the ventricular system around and inside the brain. CSF is a clear bodily fluid that occupies the subarachnoid space and the ventricular system around and inside the brain.",ENVO,__ENVHARMONIZER_MISSING__,FALSE,__ENVHARMONIZER_MISSING__,upstream
ENVO:02000030,chyle material,"A bodily fluid material which is composed primarily of chyle, a bodily fluid consisting of a milky fluid consisting of lymph and emulsified fats; formed in the small intestine during digestion of ingested fats.",ENVO,__ENVHARMONIZER_MISSING__,FALSE,__ENVHARMONIZER_MISSING__,upstream
ENVO:02000031,breast milk material,"A bodily fluid material which is composed primarily of breast milk, is a bodily fluid produced that is secreted from two milk-secreting glandular organs on a female's chest.",ENVO,__ENVHARMONIZER_MISSING__,FALSE,__ENVHARMONIZER_MISSING__,upstream
ENVO:02000032,vitreous humor material,"A bodily fluid material which is composed primarily of vitreous humor, a bodily fluid consisting of a clear gel that fills the space between the lens and the retina of the eyeball of humans and other vertebrates.",ENVO,__ENVHARMONIZER_MISSING__,FALSE,__ENVHARMONIZER_MISSING__,upstream
ENVO:02000033,pleural effusion material,"A bodily fluid material which is composed primarily of a pleural effusion, a bodily fluid that is produced in excess and accumulates in the pleural cavity, the fluid-filled space that surrounds the lungs. Excessive amounts of such fluid can impair breathing by limiting the expansion of the lungs during inhalation.",ENVO,__ENVHARMONIZER_MISSING__,FALSE,__ENVHARMONIZER_MISSING__,upstream
ENVO:02000034,tear material,"A bodily fluid material which is composed primarily of a volume of tears, a bodily fluid consisting of a drop of the clear salty liquid secreted by glands (lacrimal glands) in the eyes. Tears wet the membrane covering the eye and help rid the eye of irritating substances.",ENVO,__ENVHARMONIZER_MISSING__,FALSE,__ENVHARMONIZER_MISSING__,upstream
ENVO:02000035,oronasal secretion material,"A bodily fluid material which is composed primarily of an oronasal secretion, a bodily fluid secreted from the body via the mouth or nose.",ENVO,__ENVHARMONIZER_MISSING__,FALSE,__ENVHARMONIZER_MISSING__,upstream
ENVO:02000036,saliva material,"A bodily fluid material which is composed primarily of saliva, a slightly alkaline secretion of water, mucin, protein, salts, and often a starch-splitting enzyme (as ptyalin) that is secreted into the mouth by salivary glands, lubricates ingested food, and often begins the breakdown of starches.",ENVO,__ENVHARMONIZER_MISSING__,FALSE,__ENVHARMONIZER_MISSING__,upstream
ENVO:02000037,sebum material,"A bodily fluid material which is composed primarily of sebum, an oily bodily fluid secreted from the sebaceous glads that is made of fat (lipids) and the debris of dead fat-producing cells. In the glands, sebum is produced within specialized cells and is released as these cells burst. Sebum acts to protect and waterproof hair and skin, and keep them from becoming dry, brittle and cracked. It can also inhibit the growth of microorganisms on skin.",ENVO,__ENVHARMONIZER_MISSING__,FALSE,__ENVHARMONIZER_MISSING__,upstream
ENVO:02000038,pus material,"A bodily fluid material which is composed primarily of pus, a bodily fluid consisting of a whitish-yellow or yellow substance produced during inflammatory responses of the body that can be found in regions of pyogenic bacterial infections. Pus is produced from the dead and living cells which travel into the intercellular spaces around the affected cells.",ENVO,__ENVHARMONIZER_MISSING__,FALSE,__ENVHARMONIZER_MISSING__,upstream
ENVO:02000039,synovial fluid material,"A bodily fluid material which is composed primarily of synovial fluid, a bodily fluid secreted by the synovial membrane into the joint cavity to form a thin layer at the surface of cartilage.",ENVO,__ENVHARMONIZER_MISSING__,FALSE,__ENVHARMONIZER_MISSING__,upstream
ENVO:02000040,mucus material,"A bodily fluid material which is composed primarily of mucus, a bodily fluid consisting of a slippery secretion of the lining of the mucous membranes in the body. It is a viscous colloid containing antiseptic enzymes (such as lysozyme) and immunoglobulins. Mucus is produced by goblet cells in the mucous membranes that cover the surfaces of the membranes. It is made up of mucins and inorganic salts suspended in water.",ENVO,__ENVHARMONIZER_MISSING__,FALSE,__ENVHARMONIZER_MISSING__,upstream
ENVO:02000041,lymph material,"A bodily fluid material which is composed primarily of lymph, a bodily fluid consisting of a usually clear coagulable fluid that passes from intercellular spaces of body tissue into the lymphatic vessels, is discharged into the blood by way of the thoracic duct and right lymphatic duct, and resembles blood plasma in containing white blood cells and especially lymphocytes but normally few red blood cells and no platelets.",ENVO,__ENVHARMONIZER_MISSING__,FALSE,__ENVHARMONIZER_MISSING__,upstream
ENVO:02000042,interstitial fluid material,"A bodily fluid material which is composed primarily of interstitial fluid, a bodily fluid consisting of a solution which bathes and surrounds the cells of multicellular animals. It is the main component of the extracellular fluid, which also includes plasma and transcellular fluid.",ENVO,__ENVHARMONIZER_MISSING__,FALSE,__ENVHARMONIZER_MISSING__,upstream
ENVO:02000044,siliceous ooze,"Siliceous ooze is a marine sediment composed of the debris of plankton with silica shells, such as diatoms and radiolaria. This ooze is limited to areas with high biological productivity, such as the polar oceans, and upwelling zones near the equator. The least common type of sediment, it covers only 15% of the ocean floor. It accumulates at a slower rate than calcareous ooze: 0.2-1 cm / 1000 yr.",ENVO,__ENVHARMONIZER_MISSING__,FALSE,__ENVHARMONIZER_MISSING__,upstream
ENVO:02000045,red clay,"Red clay, also known as pelagic clay, accumulates in the deepest and most remote areas of the ocean. Containing less than 30% biogenic material, its composition is a varied mix of very fine quartz and clay minerals, authigenic deposits precipitated directly from seawater, and micrometeorites. Though called \",ENVO,__ENVHARMONIZER_MISSING__,FALSE,__ENVHARMONIZER_MISSING__,upstream
ENVO:02000046,calcareous ooze,"Calcareous ooze is a marine sediment composed primarily of the shells--also known as tests--of foraminifera, coccolithophores, and pteropods. This is the most common pelagic sediment by area, covering 48% of the world ocean's floor. This type of ooze is limited to depths above the Carbonate Compensation Depth at time of burial. It accumulates more rapidly than any other pelagic sediment type, with a rate that varies from 0.3 - 5 cm / 1000 yr.",ENVO,__ENVHARMONIZER_MISSING__,FALSE,__ENVHARMONIZER_MISSING__,upstream
ENVO:02000053,hide,"A skin obtained from animals for human use typically from deer or cattle sources used to produce leather, shoes, fashion accessories, musical instruments.",ENVO,__ENVHARMONIZER_MISSING__,FALSE,__ENVHARMONIZER_MISSING__,upstream
ENVO:02000059,surface soil,A soil consisting of the upper layer of soil on the surface consisting of loose material capable of supporting life composed of a mixture of mineral and organic matter.,ENVO,__ENVHARMONIZER_MISSING__,FALSE,__ENVHARMONIZER_MISSING__,upstream
ENVO:02000084,goat manure,__ENVHARMONIZER_MISSING__,ENVO,__ENVHARMONIZER_MISSING__,FALSE,__ENVHARMONIZER_MISSING__,upstream
ENVO:02000090,ash,"An environmental material that is the non-aqueous, non-gaseous residues that remain after something is burned.",ENVO,__ENVHARMONIZER_MISSING__,FALSE,__ENVHARMONIZER_MISSING__,upstream
ENVO:02000091,coal,A combustible black or brownish-black sedimentary rock usually occurring in rock strata in layers or veins called coal beds or coal seams.,ENVO,__ENVHARMONIZER_MISSING__,FALSE,__ENVHARMONIZER_MISSING__,upstream
ENVO:02000094,ore,a type of rock that contains sufficient minerals with important elements including metals that can be economically extracted from the rock.,ENVO,__ENVHARMONIZER_MISSING__,FALSE,__ENVHARMONIZER_MISSING__,upstream
ENVO:02000095,uranium ore,Ore which contains uranium.,ENVO,__ENVHARMONIZER_MISSING__,FALSE,__ENVHARMONIZER_MISSING__,upstream
ENVO:02000096,iron ore,__ENVHARMONIZER_MISSING__,ENVO,__ENVHARMONIZER_MISSING__,FALSE,__ENVHARMONIZER_MISSING__,upstream
ENVO:02000097,gold ore,__ENVHARMONIZER_MISSING__,ENVO,__ENVHARMONIZER_MISSING__,FALSE,__ENVHARMONIZER_MISSING__,upstream
ENVO:02000098,platinum ore,__ENVHARMONIZER_MISSING__,ENVO,__ENVHARMONIZER_MISSING__,FALSE,__ENVHARMONIZER_MISSING__,upstream
ENVO:02000099,coal dust,Dust which is derived from coal.,ENVO,__ENVHARMONIZER_MISSING__,FALSE,__ENVHARMONIZER_MISSING__,upstream
ENVO:02000100,mineral dust,Dust which is derived from mineral material.,ENVO,__ENVHARMONIZER_MISSING__,FALSE,__ENVHARMONIZER_MISSING__,upstream
ENVO:02000101,fibrous dust,Dust which is composed of fibrous material.,ENVO,__ENVHARMONIZER_MISSING__,FALSE,__ENVHARMONIZER_MISSING__,upstream
ENVO:02000102,fibrous glass dust,__ENVHARMONIZER_MISSING__,ENVO,__ENVHARMONIZER_MISSING__,FALSE,__ENVHARMONIZER_MISSING__,upstream
ENVO:02000103,metallic dust,Dust which is composed primarily of some metallic material.,ENVO,__ENVHARMONIZER_MISSING__,FALSE,__ENVHARMONIZER_MISSING__,upstream
ENVO:02000104,cement dust,__ENVHARMONIZER_MISSING__,ENVO,__ENVHARMONIZER_MISSING__,FALSE,__ENVHARMONIZER_MISSING__,upstream
ENVO:02000105,clay dust,Dust which is derived from clay material.,ENVO,__ENVHARMONIZER_MISSING__,FALSE,__ENVHARMONIZER_MISSING__,upstream
ENVO:02000106,asbestos dust,__ENVHARMONIZER_MISSING__,ENVO,__ENVHARMONIZER_MISSING__,FALSE,__ENVHARMONIZER_MISSING__,upstream
ENVO:02000107,grain dust,Dust that comes from grain and all the other substances associated with its cultivation & harvesting.,ENVO,__ENVHARMONIZER_MISSING__,FALSE,__ENVHARMONIZER_MISSING__,upstream
ENVO:02000108,cotton dust,__ENVHARMONIZER_MISSING__,ENVO,__ENVHARMONIZER_MISSING__,FALSE,__ENVHARMONIZER_MISSING__,upstream
ENVO:02000109,dust from plant parts,__ENVHARMONIZER_MISSING__,ENVO,__ENVHARMONIZER_MISSING__,FALSE,__ENVHARMONIZER_MISSING__,upstream
ENVO:02000111,copper ore,__ENVHARMONIZER_MISSING__,ENVO,__ENVHARMONIZER_MISSING__,FALSE,__ENVHARMONIZER_MISSING__,upstream
ENVO:02000112,fume,"A gas, smoke, or vapor that smells strongly or is dangerous to inhale.",ENVO,__ENVHARMONIZER_MISSING__,FALSE,__ENVHARMONIZER_MISSING__,upstream
ENVO:02000113,welding fume,__ENVHARMONIZER_MISSING__,ENVO,__ENVHARMONIZER_MISSING__,FALSE,__ENVHARMONIZER_MISSING__,upstream
ENVO:02000114,paraffin wax fume,__ENVHARMONIZER_MISSING__,ENVO,__ENVHARMONIZER_MISSING__,FALSE,__ENVHARMONIZER_MISSING__,upstream
ENVO:02000115,vanadium fume,Respirable vapor of vanadium.,ENVO,__ENVHARMONIZER_MISSING__,FALSE,__ENVHARMONIZER_MISSING__,upstream
ENVO:02000116,aluminum welding fume,__ENVHARMONIZER_MISSING__,ENVO,__ENVHARMONIZER_MISSING__,FALSE,__ENVHARMONIZER_MISSING__,upstream
ENVO:02000117,natural wax,A wax that is naturally synthesized by a plant or animal.,ENVO,__ENVHARMONIZER_MISSING__,FALSE,__ENVHARMONIZER_MISSING__,upstream
ENVO:02000118,paraffin wax,"A white or colourless soft solid derivable from petroleum, coal or oil shale, that consists of a mixture of hydrocarbon molecules containing between twenty and forty carbon atoms.",ENVO,__ENVHARMONIZER_MISSING__,FALSE,__ENVHARMONIZER_MISSING__,upstream
ENVO:02000119,oil shale,An organic-rich fine-grained sedimentary rock containing kerogen from which liquid hydrocarbons called shale oil can be produced.,ENVO,__ENVHARMONIZER_MISSING__,FALSE,__ENVHARMONIZER_MISSING__,upstream
ENVO:02000120,zinc chloride fume,__ENVHARMONIZER_MISSING__,ENVO,__ENVHARMONIZER_MISSING__,FALSE,__ENVHARMONIZER_MISSING__,upstream
ENVO:02000123,paint,"Any liquid, liquefiable, or mastic composition that, after application to a substrate in a thin layer, converts to a solid film. It is most commonly used to protect, color, or provide texture to objects.",ENVO,__ENVHARMONIZER_MISSING__,FALSE,__ENVHARMONIZER_MISSING__,upstream
ENVO:02000124,lead paint,Paint that contains lead.,ENVO,__ENVHARMONIZER_MISSING__,FALSE,__ENVHARMONIZER_MISSING__,upstream
ENVO:02000126,wood ash,the residue powder that is derived from the combustion of wood.,ENVO,__ENVHARMONIZER_MISSING__,FALSE,__ENVHARMONIZER_MISSING__,upstream
ENVO:02000127,coal ash,Ash that is produced from the burning of coal.,ENVO,__ENVHARMONIZER_MISSING__,FALSE,__ENVHARMONIZER_MISSING__,upstream
ENVO:02000128,fly ash,"A very fine, powdery material composed mostly of silica made from the burning of finely ground coal in a boiler.",ENVO,__ENVHARMONIZER_MISSING__,FALSE,__ENVHARMONIZER_MISSING__,upstream
ENVO:02000129,bottom ash,"a coarse, angular ash particle that is too large to be carried up into the smoke stacks so it forms in the bottom of the coal furnace.",ENVO,__ENVHARMONIZER_MISSING__,FALSE,__ENVHARMONIZER_MISSING__,upstream
ENVO:02000130,boiler slag,molten bottom ash from slag tap and cyclone type furnaces that turns into pellets that have a smooth glassy appearance after it is cooled with water.,ENVO,__ENVHARMONIZER_MISSING__,FALSE,__ENVHARMONIZER_MISSING__,upstream
ENVO:02000131,flue gas desulfurization material,a material leftover from the process of reducing sulfur dioxide emissions from a coal-fired boiler that can be a wet sludge consisting of calcium sulfite or calcium sulfate or a dry powered material that is a mixture of sulfites and sulfates.,ENVO,__ENVHARMONIZER_MISSING__,FALSE,__ENVHARMONIZER_MISSING__,upstream
ENVO:02000138,mangrove biome soil,Soil which is located in a mangrove biome.,ENVO,__ENVHARMONIZER_MISSING__,FALSE,__ENVHARMONIZER_MISSING__,upstream
ENVO:02000140,fluid environmental material,An environmental material which is unable to resist shear forces and continuously deforms when subject to them.,ENVO,__ENVHARMONIZER_MISSING__,FALSE,__ENVHARMONIZER_MISSING__,upstream
ENVO:03000000,neve,"Partially compacted granular snow, which has undergone several cycles of melting and refreezing while being compacted, usually found on the atmosphere-exposed surface of a glacier.",ENVO,__ENVHARMONIZER_MISSING__,FALSE,__ENVHARMONIZER_MISSING__,upstream
ENVO:03000002,firn,Granular snow which contains a proportion of fused granules formed through melting and re-thawing while being compacted by the weight of overlying material and which contains interconnected gaseous pores.,ENVO,__ENVHARMONIZER_MISSING__,FALSE,__ENVHARMONIZER_MISSING__,upstream
ENVO:03000004,glacial ice,Any water ice that is part of a glacier.,ENVO,__ENVHARMONIZER_MISSING__,FALSE,__ENVHARMONIZER_MISSING__,upstream
ENVO:03000005,erosionally enriched glacial ice,Glacial ice which contains material liberated during a glacial erosion process.,ENVO,__ENVHARMONIZER_MISSING__,FALSE,__ENVHARMONIZER_MISSING__,upstream
ENVO:03000007,blue ice,"Water ice containing little to no air bubbles resulting in a reduction of internal light scattering and, given sufficient volume, a blue appearance.",ENVO,__ENVHARMONIZER_MISSING__,FALSE,__ENVHARMONIZER_MISSING__,upstream
ENVO:03000021,soot,Particulate environmental material which is composed primarily of carbon particles formed through the incomplete combustion of hydrocarbons.,ENVO,__ENVHARMONIZER_MISSING__,FALSE,__ENVHARMONIZER_MISSING__,upstream
ENVO:03000025,erosionally enriched ice,Water ice which contains material liberated during an erosion process.,ENVO,__ENVHARMONIZER_MISSING__,FALSE,__ENVHARMONIZER_MISSING__,upstream
ENVO:03000027,powdery snow,Uncompacted snow containing trapped atmospheric gases.,ENVO,__ENVHARMONIZER_MISSING__,FALSE,__ENVHARMONIZER_MISSING__,upstream
ENVO:03000033,marine sediment,"Sediment which has been transported through the marine water column, settling on the seafloor.",ENVO,__ENVHARMONIZER_MISSING__,FALSE,__ENVHARMONIZER_MISSING__,upstream
ENVO:03000034,shallow marine sediment,"Marine sediment soured from either terrestrial systems, marine organisms, seawater and or cosmogeneous sources, which is transported through the marine water column, and accumulates within shallow regions of the oceanic basin close to continents, such as the continental shelf, or continental slope.",ENVO,__ENVHARMONIZER_MISSING__,FALSE,__ENVHARMONIZER_MISSING__,upstream
ENVO:03000038,cryoconite deposit,"Particulate environmental material which is composed primarily of dust, rock, and soot, as well as the microbial communities associated with these materials, deposited on an ice mass by an aeolian process.",ENVO,__ENVHARMONIZER_MISSING__,FALSE,__ENVHARMONIZER_MISSING__,upstream
ENVO:03000046,frazil ice,New ice which is composed frazil which has congealed into a thin sheet.,ENVO,__ENVHARMONIZER_MISSING__,FALSE,__ENVHARMONIZER_MISSING__,upstream
ENVO:03000063,new ice,Water ice which is formed from freezing water and is suspended in a water body.,ENVO,__ENVHARMONIZER_MISSING__,FALSE,__ENVHARMONIZER_MISSING__,upstream
ENVO:03000071,first year ice,Sea ice which has formed over a single freezing season.,ENVO,__ENVHARMONIZER_MISSING__,FALSE,__ENVHARMONIZER_MISSING__,upstream
ENVO:03000072,second year ice,"Sea ice which is thicker than first year ice, and has survived a seasonal melting process.",ENVO,__ENVHARMONIZER_MISSING__,FALSE,__ENVHARMONIZER_MISSING__,upstream
ENVO:03000073,multiyear ice,"Sea ice which is thicker than second year ice, and has survived more than two seasonal melting process.",ENVO,__ENVHARMONIZER_MISSING__,FALSE,__ENVHARMONIZER_MISSING__,upstream
ENVO:03000075,shuga,"New ice, which is spongy, lumpy and opaque, and forms from water which freezes in an agitated water body.",ENVO,__ENVHARMONIZER_MISSING__,FALSE,__ENVHARMONIZER_MISSING__,upstream
ENVO:03000076,slush ice,"A slurry of frazil, snow, and liquid water.",ENVO,__ENVHARMONIZER_MISSING__,FALSE,__ENVHARMONIZER_MISSING__,upstream
ENVO:03000088,methane-laden permafrost,Permafrost which contains pockets of trapped methane gas.,ENVO,__ENVHARMONIZER_MISSING__,FALSE,__ENVHARMONIZER_MISSING__,upstream
ENVO:03000108,slab snow,"Snow which is cohesive, hard and overlies weaker snow.",ENVO,__ENVHARMONIZER_MISSING__,FALSE,__ENVHARMONIZER_MISSING__,upstream
ENVO:03000133,agricultural potting mixture,"An agricultural environmental material which 1) is composed of a mixture of materials such as peat, composted bark, sand, perlite, or compost, and 2) serves as a medium in which to grow plants.",ENVO,__ENVHARMONIZER_MISSING__,FALSE,__ENVHARMONIZER_MISSING__,upstream
ENVO:03000137,freezing fog,"A fog the droplets of which freeze upon contact with exposed objects, forming a coating of rime or glaze.",ENVO,__ENVHARMONIZER_MISSING__,FALSE,__ENVHARMONIZER_MISSING__,upstream
ENVO:03000139,ice fog,Fog which is composed of particles of ice.,ENVO,__ENVHARMONIZER_MISSING__,FALSE,__ENVHARMONIZER_MISSING__,upstream
ENVO:03501252,chicken manure,Poultry manure made of chicken feces.,ENVO,__ENVHARMONIZER_MISSING__,FALSE,__ENVHARMONIZER_MISSING__,upstream
ENVO:03501253,gypsum,A soft sulfate mineral composed of calcium sulfate dihydrate.,ENVO,__ENVHARMONIZER_MISSING__,FALSE,__ENVHARMONIZER_MISSING__,upstream
ENVO:03501259,litter,Environmental material consisting of waste products that have been discarded at an unsuitable location.,ENVO,__ENVHARMONIZER_MISSING__,FALSE,__ENVHARMONIZER_MISSING__,upstream
ENVO:03501300,manure,An environmental material consisting of organic matter from plants and/or animals that is used in agriculture as fertilizer.,ENVO,__ENVHARMONIZER_MISSING__,FALSE,__ENVHARMONIZER_MISSING__,upstream
ENVO:03501302,cork,"Plant matter consisting of an impermeable buoyant material, the phellem layer of bark tissue.",ENVO,__ENVHARMONIZER_MISSING__,FALSE,__ENVHARMONIZER_MISSING__,upstream
ENVO:03501303,natural-based polymer,Macromolecules that are obtained naturally from plants or animals.,ENVO,__ENVHARMONIZER_MISSING__,FALSE,__ENVHARMONIZER_MISSING__,upstream
ENVO:03501304,cellophane,"A thin, transparent sheet made of regenerated cellulose.",ENVO,__ENVHARMONIZER_MISSING__,FALSE,__ENVHARMONIZER_MISSING__,upstream
ENVO:03501305,pliofilm,"Synthetic plastic which is composed of a glossy, moistureproof membrane made of rubber hydrochloride.",ENVO,__ENVHARMONIZER_MISSING__,FALSE,__ENVHARMONIZER_MISSING__,upstream
ENVO:03501306,mylar,A polyester film made from stretched polyethylene terephthalate (PET).,ENVO,__ENVHARMONIZER_MISSING__,FALSE,__ENVHARMONIZER_MISSING__,upstream
ENVO:03501307,ceramic,"A solid environmental material that is hard, brittle, heat-resistant and corrosion-resistant, made by shaping and then firing a nonmetallic mineral at a high temperature.",ENVO,__ENVHARMONIZER_MISSING__,FALSE,__ENVHARMONIZER_MISSING__,upstream
ENVO:03501324,latex,A stable dispersion (emulsion) of polymer microparticles in an aqueous medium.,ENVO,__ENVHARMONIZER_MISSING__,FALSE,__ENVHARMONIZER_MISSING__,upstream
ENVO:03501370,stagnant water,A liquid water which has no current or flow and is susceptible to contamination by pathogens or pathogenic vectors.,ENVO,__ENVHARMONIZER_MISSING__,FALSE,__ENVHARMONIZER_MISSING__,upstream
ENVO:03510000,wood dust,"Dust which is 1) generated when wood is processed and 2) composed primarily of cellulose, polyoses, and lignin.",ENVO,__ENVHARMONIZER_MISSING__,FALSE,__ENVHARMONIZER_MISSING__,upstream
ENVO:03510006,diesel fuel,"A liquid fuel used in diesel engines, whose fuel ignition takes place, without any spark, as a result of compression of the inlet air mixture and then injection of fuel.",ENVO,__ENVHARMONIZER_MISSING__,FALSE,__ENVHARMONIZER_MISSING__,upstream
ENVO:03510007,gasoline,A clear petroleum-derived flammable liquid which is used as fuel in most spark-ignited internal combustion engines.,ENVO,__ENVHARMONIZER_MISSING__,FALSE,__ENVHARMONIZER_MISSING__,upstream
ENVO:03510008,diesel exhaust,A gas which results from the incomplete or complete combustion of diesel fuel.,ENVO,__ENVHARMONIZER_MISSING__,FALSE,__ENVHARMONIZER_MISSING__,upstream
ENVO:03510009,gasoline exhaust,A gas which results from the complete or incomplete combustion of gasoline fuel.,ENVO,__ENVHARMONIZER_MISSING__,FALSE,__ENVHARMONIZER_MISSING__,upstream
ENVO:03510015,xanthan gum,"A polysaccharide that functions as an emulsifier, stabilizer, and thickener in mixtures.",ENVO,__ENVHARMONIZER_MISSING__,FALSE,__ENVHARMONIZER_MISSING__,upstream
ENVO:03510016,tragacanth,"A naturally occurring plant-based gum, which functions as a viscous, odorless, tasteless, water-soluble mixture of polysaccharides that absorbs water to become a gel/paste.",ENVO,__ENVHARMONIZER_MISSING__,FALSE,__ENVHARMONIZER_MISSING__,upstream
ENVO:03510018,resin,A solid or highly viscous plant or synthetic based substance that is typically convertible into polymers.,ENVO,__ENVHARMONIZER_MISSING__,FALSE,__ENVHARMONIZER_MISSING__,upstream
ENVO:03510023,shellac,"A resin secreted by the female lac bug, which is dissolved in alcohol to be used as a brush-on colorant, food glaze, and wood finish.",ENVO,__ENVHARMONIZER_MISSING__,FALSE,__ENVHARMONIZER_MISSING__,upstream
ENVO:03510029,primer (paint),"A paint product which adheres to surfaces and forms a binding layer, preparing it to receive paint.",ENVO,__ENVHARMONIZER_MISSING__,FALSE,__ENVHARMONIZER_MISSING__,upstream
ENVO:03510031,oil-based paint,"A slow-drying paint that consists of particles of pigment suspended in a drying oil, commonly linseed oil.",ENVO,__ENVHARMONIZER_MISSING__,FALSE,__ENVHARMONIZER_MISSING__,upstream
ENVO:03510032,acrylic paint,"A water soluble, fast-drying paint made of pigment suspended in acrylic polymer emulsion.",ENVO,__ENVHARMONIZER_MISSING__,FALSE,__ENVHARMONIZER_MISSING__,upstream
ENVO:03510033,luminescent paint,"A paint that exhibits luminescence, giving off visible light through fluorescence, phosphorescence, or radioluminescence.",ENVO,__ENVHARMONIZER_MISSING__,FALSE,__ENVHARMONIZER_MISSING__,upstream
ENVO:03510036,rock dust,"Dust which is composed of minerals and trace elements, generated by  finely crushed rock.",ENVO,__ENVHARMONIZER_MISSING__,FALSE,__ENVHARMONIZER_MISSING__,upstream
ENVO:03510037,radioactive material,Any material containing unstable atoms that emit ionizing radiation as it decays.,ENVO,__ENVHARMONIZER_MISSING__,FALSE,__ENVHARMONIZER_MISSING__,upstream
ENVO:03510038,volume of cyanoacrylate,An environmental material which is primarily composed of cyanoacrolate.,ENVO,__ENVHARMONIZER_MISSING__,FALSE,__ENVHARMONIZER_MISSING__,upstream
ENVO:03510055,rubber cement,An environmental material which is composed of elastic polymers mixed in a solvent.,ENVO,__ENVHARMONIZER_MISSING__,FALSE,__ENVHARMONIZER_MISSING__,upstream
ENVO:03510056,methyl cellulose paste,"An environmental material which is 1) composed primarily of methyl cellulose and water, and 2) formulated to fix wallpaper to walls.",ENVO,__ENVHARMONIZER_MISSING__,FALSE,__ENVHARMONIZER_MISSING__,upstream
ENVO:03510057,permanent hair dye,"An environmental material which is 1) manufactured and 2) primarily composed of hydrogen peroxide and ammonia, and 3) when applied to hair, can alter the natural hair pigments for 6-8 weeks.",ENVO,__ENVHARMONIZER_MISSING__,FALSE,__ENVHARMONIZER_MISSING__,upstream
ENVO:03510058,pharmaceutical ink,"A colorant fluid which is 1) manufactured and 2) composed of alcohol, titanium dioxide, and propylene glycol.",ENVO,__ENVHARMONIZER_MISSING__,FALSE,__ENVHARMONIZER_MISSING__,upstream
ENVO:03510060,gel ink,"A colorant fluid which is 1) manufactured and 2) composed of copper phthalocyanine, iron oxides, water, and biopolymers.",ENVO,__ENVHARMONIZER_MISSING__,FALSE,__ENVHARMONIZER_MISSING__,upstream
ENVO:03510061,soy ink,"A colorant fluid which is 1) manufactured and 2) primarily composed of soybean oil, as well as pigment, resin, and wax.",ENVO,__ENVHARMONIZER_MISSING__,FALSE,__ENVHARMONIZER_MISSING__,upstream
ENVO:03510062,aqueous inkjet printer ink,"A colorant fluid which is 1) manufactured, 2) primarily composed of water, as well as glycol, and dye, and 3) intended for use in inkjet printers.",ENVO,__ENVHARMONIZER_MISSING__,FALSE,__ENVHARMONIZER_MISSING__,upstream
ENVO:03510064,emissions from petroleum combustion,An environmental material which is composed primarily of gases and particles produced by the combustion of petroleum fuels.,ENVO,__ENVHARMONIZER_MISSING__,FALSE,__ENVHARMONIZER_MISSING__,upstream
ENVO:03510065,colorant fluid,A liquid environmental material which 1) contains at least one substance which can act as a chemical colorant.,ENVO,__ENVHARMONIZER_MISSING__,FALSE,__ENVHARMONIZER_MISSING__,upstream
ENVO:03510070,toxic waste,"Waste which contains toxic components (e.g., heavy metals or radiation) which can cause harm to organisms and/or the environment.",ENVO,__ENVHARMONIZER_MISSING__,FALSE,__ENVHARMONIZER_MISSING__,upstream
ENVO:03520007,snow crystal,A water ice crystal which is constituted by water molecules aligned in a hexagonal array.,ENVO,__ENVHARMONIZER_MISSING__,FALSE,__ENVHARMONIZER_MISSING__,upstream
ENVO:03600001,chemically contaminated sediment,Sediment which contains some chemical contaminant.,ENVO,__ENVHARMONIZER_MISSING__,FALSE,__ENVHARMONIZER_MISSING__,upstream
ENVO:03600002,cooling water,Liquid water which is a participant in a water cooling process.,ENVO,__ENVHARMONIZER_MISSING__,FALSE,__ENVHARMONIZER_MISSING__,upstream
ENVO:03600006,food waste,A waste material which is primarily composed of uneaten food and removed from the food supply chain.,ENVO,__ENVHARMONIZER_MISSING__,FALSE,__ENVHARMONIZER_MISSING__,upstream
ENVO:03600007,formation fluid,A fluid environmental material which is contained in geologic formations naturally.,ENVO,__ENVHARMONIZER_MISSING__,FALSE,__ENVHARMONIZER_MISSING__,upstream
ENVO:03600009,interstitial water,Liquid water which occurs naturally within the pores of rocks and sediments.,ENVO,__ENVHARMONIZER_MISSING__,FALSE,__ENVHARMONIZER_MISSING__,upstream
ENVO:03600013,bituminous sand,"An environmental material which consists of either loose sands or partially consolidated sandstone, containing a naturally occurring mixture of sand, clay, and water, soaked with a dense and extremely viscous form of petroleum.",ENVO,__ENVHARMONIZER_MISSING__,FALSE,__ENVHARMONIZER_MISSING__,upstream
ENVO:03600016,saprolite,Rock which is derived from bedrock through chemical weathering,ENVO,__ENVHARMONIZER_MISSING__,FALSE,__ENVHARMONIZER_MISSING__,upstream
ENVO:03600017,slurry,An environmental material which is composed of insoluble solid particles suspended in a liquid.,ENVO,__ENVHARMONIZER_MISSING__,FALSE,__ENVHARMONIZER_MISSING__,upstream
ENVO:03600036,pathogen-suppressive soil,"Soil which has properties that restrict a pathogen's ability to establish itself, persist, or cause disease that results in long-term harm.",ENVO,__ENVHARMONIZER_MISSING__,FALSE,__ENVHARMONIZER_MISSING__,upstream
ENVO:03600042,marine lake water,Liquid water which is either part of or was removed from a marine lake.,ENVO,__ENVHARMONIZER_MISSING__,FALSE,__ENVHARMONIZER_MISSING__,upstream
ENVO:03600064,microbialite,A sedimentary rock which is made of carbonate mud whose formation is mediated by microbes in the benthic zone.,ENVO,__ENVHARMONIZER_MISSING__,FALSE,__ENVHARMONIZER_MISSING__,upstream
ENVO:03600065,spring water,Water which comes from a spring.,ENVO,__ENVHARMONIZER_MISSING__,FALSE,__ENVHARMONIZER_MISSING__,upstream
ENVO:03600081,cloud water,Fresh water which is harvested from cloud.,ENVO,__ENVHARMONIZER_MISSING__,FALSE,__ENVHARMONIZER_MISSING__,upstream
ENVO:03600082,crustal fluid,Fluid environmental material which is present in the continental crust and dictates the nature and extent of crustal deformation.,ENVO,__ENVHARMONIZER_MISSING__,FALSE,__ENVHARMONIZER_MISSING__,upstream
ENVO:03600084,lichen material,An organic material which is derived from lichen mats.,ENVO,__ENVHARMONIZER_MISSING__,FALSE,__ENVHARMONIZER_MISSING__,upstream
ENVO:03605000,periphytic biofilm,"Biofilm consisting of a mixture of algae, cyanobacteria, microbes, and detritus.",ENVO,__ENVHARMONIZER_MISSING__,FALSE,__ENVHARMONIZER_MISSING__,upstream
ENVO:03605001,epilithon,Periphyton colonizing rock substrata,ENVO,__ENVHARMONIZER_MISSING__,FALSE,__ENVHARMONIZER_MISSING__,upstream
ENVO:03605002,epipelon,Periphyton colonizing silt substrata,ENVO,__ENVHARMONIZER_MISSING__,FALSE,__ENVHARMONIZER_MISSING__,upstream
ENVO:03605003,epiphyton,Periphyton colonizing surface of aquatic plants,ENVO,__ENVHARMONIZER_MISSING__,FALSE,__ENVHARMONIZER_MISSING__,upstream
ENVO:03605004,epipsammon,Periphyton colonizing sand substrata,ENVO,__ENVHARMONIZER_MISSING__,FALSE,__ENVHARMONIZER_MISSING__,upstream
ENVO:03605005,epixylon,Periphyton colonizing woody substrata,ENVO,__ENVHARMONIZER_MISSING__,FALSE,__ENVHARMONIZER_MISSING__,upstream
ENVO:03605006,stream water,Water which is part of a stream.,ENVO,__ENVHARMONIZER_MISSING__,FALSE,__ENVHARMONIZER_MISSING__,upstream
ENVO:04000007,lake water,Water which is part of a lake.,ENVO,__ENVHARMONIZER_MISSING__,FALSE,__ENVHARMONIZER_MISSING__,upstream
ENVO:04000008,soil organic matter,"Organic material in soil, which consists of plant and animal residues at various stages of decomposition, cells and tissues of soil organisms, and substances synthesized by soil organisms.",ENVO,__ENVHARMONIZER_MISSING__,FALSE,__ENVHARMONIZER_MISSING__,upstream
ENVO:04000012,particulate organic matter,Particulate environmental material which is composed primarily of organic material.,ENVO,__ENVHARMONIZER_MISSING__,FALSE,__ENVHARMONIZER_MISSING__,upstream
ENVO:04000013,particulate organic carbon,Particulate organic matter which is composed primarily of carbon.,ENVO,__ENVHARMONIZER_MISSING__,FALSE,__ENVHARMONIZER_MISSING__,upstream
ENVO:04000014,particulate organic nitrogen,Particulate organic matter which is composed primarily of nitrogen.,ENVO,__ENVHARMONIZER_MISSING__,FALSE,__ENVHARMONIZER_MISSING__,upstream
ENVO:06105003,thermoplastic material,"An environmental material which is capable of, repeatedly, becoming plastic when heated and hardening again when cooled.",ENVO,__ENVHARMONIZER_MISSING__,FALSE,__ENVHARMONIZER_MISSING__,upstream
ENVO:06105012,biota,"A collection of organisms which inhabits the same region, ecosystem, or time period.",ENVO,solid,FALSE,solid,upstream
ENVO:06105016,foamed plastic,"A plastic which has a matrix- or sponge-like structure with numerous, hollow internal spaces.",ENVO,__ENVHARMONIZER_MISSING__,FALSE,__ENVHARMONIZER_MISSING__,upstream
ENVO:06105101,plastic,An environnmental material which 1) is composed primarily of polymers with high molecular mass and 2) once deformed does not spontaneously return to its original shape.,ENVO,__ENVHARMONIZER_MISSING__,FALSE,__ENVHARMONIZER_MISSING__,upstream
ENVO:06105111,natural plastic,Plastic which is composed primarily of polymers produced by processes whose agents do not include humans or their technologies.,ENVO,__ENVHARMONIZER_MISSING__,FALSE,__ENVHARMONIZER_MISSING__,upstream
ENVO:06105112,synthetic plastic,A plastic which is composed primarily of polymers produced by a manufacturing process.,ENVO,__ENVHARMONIZER_MISSING__,FALSE,__ENVHARMONIZER_MISSING__,upstream
ENVO:06105205,compacted soil,A soil which has a high bulk density and/or a low porosity. A compacted soil has a reduced rate of both water infiltration and drainage,ENVO,__ENVHARMONIZER_MISSING__,FALSE,__ENVHARMONIZER_MISSING__,upstream
ENVO:06105211,runoff,Liquid water which 1) flows over land and 2) is not absorbed or retained by the materials if flows over or through.,ENVO,__ENVHARMONIZER_MISSING__,FALSE,__ENVHARMONIZER_MISSING__,upstream
ENVO:06105238,residual water in soil,Liquid water which is present in soils as discontinuous volumnes of water in contact with solid and gaseous components of the soil.,ENVO,__ENVHARMONIZER_MISSING__,FALSE,__ENVHARMONIZER_MISSING__,upstream
ENVO:06105268,treated wastewater,Waste water which was converted into an effluent that can be either returned to the water cycle with minimal environmental issues or reused.,ENVO,__ENVHARMONIZER_MISSING__,FALSE,__ENVHARMONIZER_MISSING__,upstream
ENVO:06105269,desalinated water,Saline water from which minerals have been removed to produce fresh water suitable for human consumption or irrigation.,ENVO,__ENVHARMONIZER_MISSING__,FALSE,__ENVHARMONIZER_MISSING__,upstream
ENVO:06105272,loamy sand,Soil which is primarily composed of sand with silt and clay in progressively smaller proportions.,ENVO,__ENVHARMONIZER_MISSING__,FALSE,__ENVHARMONIZER_MISSING__,upstream
ENVO:06105273,fine sand,Sand which is composed primarily of fine particles.,ENVO,__ENVHARMONIZER_MISSING__,FALSE,__ENVHARMONIZER_MISSING__,upstream
ENVO:06105274,sandy loam,Loam which has a high proportion of sand in its composition.,ENVO,__ENVHARMONIZER_MISSING__,FALSE,__ENVHARMONIZER_MISSING__,upstream
ENVO:06105275,silty loam,Loam which has a high proportion of silt in its composition.,ENVO,__ENVHARMONIZER_MISSING__,FALSE,__ENVHARMONIZER_MISSING__,upstream
ENVO:06105276,sandy clay loam,Clay loam which has a high proportion of sand in its composition.,ENVO,__ENVHARMONIZER_MISSING__,FALSE,__ENVHARMONIZER_MISSING__,upstream
ENVO:06105277,clay loam,Loam which has a high proportion of clay in its composition.,ENVO,__ENVHARMONIZER_MISSING__,FALSE,__ENVHARMONIZER_MISSING__,upstream
ENVO:06105278,silty clay loam,Clay loam which has a high proportion of silt in its composition.,ENVO,__ENVHARMONIZER_MISSING__,FALSE,__ENVHARMONIZER_MISSING__,upstream
ENVO:06105279,sandy clay,Clay which has a high proportion of sand in its composition.,ENVO,__ENVHARMONIZER_MISSING__,FALSE,__ENVHARMONIZER_MISSING__,upstream
ENVO:06105280,silty clay,Clay which has a high proportion of silt in its composition.,ENVO,__ENVHARMONIZER_MISSING__,FALSE,__ENVHARMONIZER_MISSING__,upstream
ENVO:1000746,marine mucilage,"A gelatinous material primarily composed of exopolymeric compounds with colloidal properties, formed through the aggregation of marine snow particles, often found in large sheets,  flocs, and clouds.",ENVO,__ENVHARMONIZER_MISSING__,FALSE,__ENVHARMONIZER_MISSING__,upstream
ENVO:2000007,biochar,charcoal that is used as a soil amendment.,ENVO,__ENVHARMONIZER_MISSING__,FALSE,__ENVHARMONIZER_MISSING__,upstream
ENVO:2000008,lignite,"A soft, brown, combustible, sedimentary rock formed from naturally compressed peat.",ENVO,__ENVHARMONIZER_MISSING__,FALSE,__ENVHARMONIZER_MISSING__,upstream
ENVO:2000009,sub-bitumous coal,__ENVHARMONIZER_MISSING__,ENVO,__ENVHARMONIZER_MISSING__,FALSE,__ENVHARMONIZER_MISSING__,upstream
ENVO:2000010,bitumous coal,a relatively soft coal containing a tarlike substance called bitumen or asphalt. It is of higher quality than lignite coal but of poorer quality than anthracite. It is an organic sedimentary rock formed by diagenetic and sub metamorphic compression of peat bog material.,ENVO,__ENVHARMONIZER_MISSING__,FALSE,__ENVHARMONIZER_MISSING__,upstream
ENVO:2000011,anthracite,"A hard, compact variety of coal that has a submetallic luster. It has the highest carbon content, the fewest impurities, and the highest energy density of all types of coal and is the highest ranking of coal.",ENVO,__ENVHARMONIZER_MISSING__,FALSE,__ENVHARMONIZER_MISSING__,upstream
ENVO:2000044,coke,Coal heated in the absence of air.,ENVO,__ENVHARMONIZER_MISSING__,FALSE,__ENVHARMONIZER_MISSING__,upstream
ENVO:2000045,hydrocarbon-based environmental material,__ENVHARMONIZER_MISSING__,ENVO,__ENVHARMONIZER_MISSING__,FALSE,__ENVHARMONIZER_MISSING__,upstream
FOODON:00001002,food product,Food material for humans and animals which is processed with the intention that it be consumable as a whole or added to other food products.,FOODON,solid,FALSE,__ENVHARMONIZER_MISSING__,upstream
FOODON:00001006,mammalian meat food product,"A food product made of meat, the skeletal muscle and associated fat, and other edible tissues such as organs, livers, skin, brains, bone marrow, kidneys, or lungs, of mammals.",FOODON,solid,FALSE,__ENVHARMONIZER_MISSING__,upstream
FOODON:00001007,meat sausage food product,A processed meat food product that is made from a sausage.,FOODON,solid,FALSE,__ENVHARMONIZER_MISSING__,upstream
FOODON:00001010,processed meat food product,"A processed food product consisting of meat which has been subjected to preservation and/or taste altering processes such as grinding, salting, curing, fermentation, smoking, and addition of chemical preservatives.",FOODON,solid,FALSE,__ENVHARMONIZER_MISSING__,upstream
FOODON:00001013,cheese food product,"Cheese is a food derived from milk that is produced in a wide range of flavors, textures, and forms by coagulation of the milk protein casein.",FOODON,solid,FALSE,__ENVHARMONIZER_MISSING__,upstream
FOODON:00001014,yogurt food product,A dairy product produced by bacterial fermentation of milk.,FOODON,solid,FALSE,__ENVHARMONIZER_MISSING__,upstream
FOODON:00001015,plant food product,A food product which has as a defining ingredient some plant material.,FOODON,solid,FALSE,__ENVHARMONIZER_MISSING__,upstream
FOODON:00001016,cabbage food product,"Cabbage or headed cabbage (comprising several cultivars of Brassica oleracea) is a leafy green or purple biennial plant, grown as an annual vegetable crop for its dense-leaved heads.",FOODON,solid,FALSE,__ENVHARMONIZER_MISSING__,upstream
FOODON:00001024,pickled cabbage food product,__ENVHARMONIZER_MISSING__,FOODON,solid,FALSE,__ENVHARMONIZER_MISSING__,upstream
FOODON:00001038,pork meat food product,A food product made from domestic pig meat (Sus domesticus or Sus scrofa scrofa).,FOODON,solid,FALSE,solid,reviewed
FOODON:00001046,animal seafood product,A seafood product is a vertebrate or invertibrate organism from an aquatic environment.,FOODON,solid,FALSE,__ENVHARMONIZER_MISSING__,upstream
FOODON:00001053,fermented dairy food product,__ENVHARMONIZER_MISSING__,FOODON,solid,FALSE,__ENVHARMONIZER_MISSING__,upstream
FOODON:00001056,flour food product,A food product made from flour.,FOODON,solid,FALSE,__ENVHARMONIZER_MISSING__,upstream
FOODON:00001057,plant fruit food product,A food product derived from plant fruit.,FOODON,solid,FALSE,__ENVHARMONIZER_MISSING__,upstream
FOODON:00001070,miso food product,"A food produced by fermenting rice, barley and/or soybeans, with salt and the mold koji-kin (Aspergillus oryzae).",FOODON,solid,FALSE,__ENVHARMONIZER_MISSING__,upstream
FOODON:00001078,fermented soybean food product,A food product having fermented soyabeans as a defining ingredient,FOODON,solid,FALSE,__ENVHARMONIZER_MISSING__,upstream
FOODON:00001079,food (pickled),Food material which is preserved by soaking and storing it in vinegar or brine.,FOODON,solid,FALSE,__ENVHARMONIZER_MISSING__,upstream
FOODON:00001083,sugar condiment,__ENVHARMONIZER_MISSING__,FOODON,solid,FALSE,__ENVHARMONIZER_MISSING__,upstream
FOODON:00001087,vegetable oil food product,"A lipid material derived from plants. Physically, oils are liquid at room temperature.",FOODON,solid,FALSE,__ENVHARMONIZER_MISSING__,upstream
FOODON:00001089,milled corn food product,A food product made from milling corn.,FOODON,solid,FALSE,__ENVHARMONIZER_MISSING__,upstream
FOODON:00001091,dried milk food product,__ENVHARMONIZER_MISSING__,FOODON,solid,FALSE,__ENVHARMONIZER_MISSING__,upstream
FOODON:00001092,vertebrate food product,A food product which is derived from or produced by an animal that has a vertibrae.,FOODON,solid,FALSE,__ENVHARMONIZER_MISSING__,upstream
FOODON:00001093,cereal grain food product,__ENVHARMONIZER_MISSING__,FOODON,solid,FALSE,__ENVHARMONIZER_MISSING__,upstream
FOODON:00001094,fermented beverage,__ENVHARMONIZER_MISSING__,FOODON,solid,FALSE,__ENVHARMONIZER_MISSING__,upstream
FOODON:00001095,fermented grape beverage,__ENVHARMONIZER_MISSING__,FOODON,solid,FALSE,__ENVHARMONIZER_MISSING__,upstream
FOODON:00001101,grape beverage,__ENVHARMONIZER_MISSING__,FOODON,solid,FALSE,__ENVHARMONIZER_MISSING__,upstream
FOODON:00001102,fermented grain beverage,__ENVHARMONIZER_MISSING__,FOODON,solid,FALSE,__ENVHARMONIZER_MISSING__,upstream
FOODON:00001103,fermented agave beverage,This food product type includes beverage products which are made from the fermented sap of the maguey (agave) plant.,FOODON,solid,FALSE,__ENVHARMONIZER_MISSING__,upstream
FOODON:00001107,bovine dairy food product,__ENVHARMONIZER_MISSING__,FOODON,solid,FALSE,__ENVHARMONIZER_MISSING__,upstream
FOODON:00001118,cattle dairy food product,__ENVHARMONIZER_MISSING__,FOODON,solid,FALSE,__ENVHARMONIZER_MISSING__,upstream
FOODON:00001131,poultry meat food product,A food product made from domesticated bird meat.,FOODON,solid,FALSE,__ENVHARMONIZER_MISSING__,upstream
FOODON:00001132,swine food product,"Suidae is a family of artiodactyl mammals which are commonly called pigs, hogs or boars. In addition to numerous fossil species, 17 extant species are currently recognized (or 18 counting domestic pigs and wild boars separately), classified into between four and eight genera. The family includes the domestic pig, Sus scrofa domesticus or Sus domesticus, in addition to numerous species of wild pig, such as babirusas and warthogs. All suids, or swine, are native to the Old World, ranging from Asia to Europe and Africa.",FOODON,solid,FALSE,__ENVHARMONIZER_MISSING__,upstream
FOODON:00001133,condiment,"A relish, sauce, or seasoning  added to food to impart a particular flavour or to complement the dish.",FOODON,solid,FALSE,__ENVHARMONIZER_MISSING__,upstream
FOODON:00001138,tea based beverage product,A beverage product derived from leaves of the tea plant (Camellia sinensis).,FOODON,solid,FALSE,__ENVHARMONIZER_MISSING__,upstream
FOODON:00001139,coffee based beverage product,__ENVHARMONIZER_MISSING__,FOODON,solid,FALSE,__ENVHARMONIZER_MISSING__,upstream
FOODON:00001140,fruit juice food product,__ENVHARMONIZER_MISSING__,FOODON,solid,FALSE,__ENVHARMONIZER_MISSING__,upstream
FOODON:00001141,wheat food product,__ENVHARMONIZER_MISSING__,FOODON,solid,FALSE,__ENVHARMONIZER_MISSING__,upstream
FOODON:00001142,maize (corn) food product,A food product deriving primarily from corn (maize).,FOODON,solid,FALSE,__ENVHARMONIZER_MISSING__,upstream
FOODON:00001143,fungus food product,A food product consisting of an edible fungi or mushroom or yeast.,FOODON,solid,FALSE,__ENVHARMONIZER_MISSING__,upstream
FOODON:00001146,solanaceous root food product,__ENVHARMONIZER_MISSING__,FOODON,solid,FALSE,__ENVHARMONIZER_MISSING__,upstream
FOODON:00001147,plant root food product,A food product derived from or produced by a plant root.,FOODON,solid,FALSE,__ENVHARMONIZER_MISSING__,upstream
FOODON:00001148,potato food product,A potato food product is any product derived from potatoes.,FOODON,solid,FALSE,__ENVHARMONIZER_MISSING__,upstream
FOODON:00001149,confectionery food,"Food items that are rich in sugar, any one or type of which is called a confection. Modern usage may include substances rich in artificial sweeteners as well.",FOODON,solid,FALSE,__ENVHARMONIZER_MISSING__,upstream
FOODON:00001151,citrus fruit food product,"A citrus fruit is botanically classified as a type of berry called a hesperidium that has a thick, leathery rind, with numerous oil glands, and a large flesh portion composed of several wedge-shaped sections. Unlike pome fruit, such as the apple, the citrus fruit is derived from a superior ovary, an ovary completely separate from the calyx.",FOODON,solid,FALSE,__ENVHARMONIZER_MISSING__,upstream
FOODON:00001158,pomaceous fruit food product,__ENVHARMONIZER_MISSING__,FOODON,solid,FALSE,__ENVHARMONIZER_MISSING__,upstream
FOODON:00001163,solanaceous fruit food product,__ENVHARMONIZER_MISSING__,FOODON,solid,FALSE,__ENVHARMONIZER_MISSING__,upstream
FOODON:00001164,tomato food product,A food product deriving from one or more tomatoes.,FOODON,solid,FALSE,__ENVHARMONIZER_MISSING__,upstream
FOODON:00001165,solanaceous food product,__ENVHARMONIZER_MISSING__,FOODON,solid,FALSE,__ENVHARMONIZER_MISSING__,upstream
FOODON:00001166,plant inflorescence food product,__ENVHARMONIZER_MISSING__,FOODON,solid,FALSE,__ENVHARMONIZER_MISSING__,upstream
FOODON:00001169,cruciferous food product,__ENVHARMONIZER_MISSING__,FOODON,solid,FALSE,__ENVHARMONIZER_MISSING__,upstream
FOODON:00001170,grape berry food product,__ENVHARMONIZER_MISSING__,FOODON,solid,FALSE,__ENVHARMONIZER_MISSING__,upstream
FOODON:00001171,cruciferous inflorescence food product,__ENVHARMONIZER_MISSING__,FOODON,solid,FALSE,__ENVHARMONIZER_MISSING__,upstream
FOODON:00001172,nut food product,__ENVHARMONIZER_MISSING__,FOODON,solid,FALSE,__ENVHARMONIZER_MISSING__,upstream
FOODON:00001173,plant seed food product,__ENVHARMONIZER_MISSING__,FOODON,solid,FALSE,__ENVHARMONIZER_MISSING__,upstream
FOODON:00001174,plant lipid food product,__ENVHARMONIZER_MISSING__,FOODON,solid,FALSE,__ENVHARMONIZER_MISSING__,upstream
FOODON:00001175,plant stem food product,__ENVHARMONIZER_MISSING__,FOODON,solid,FALSE,__ENVHARMONIZER_MISSING__,upstream
FOODON:00001176,invertebrate food product,__ENVHARMONIZER_MISSING__,FOODON,solid,FALSE,__ENVHARMONIZER_MISSING__,upstream
FOODON:00001177,insect food product,A food product with insects as a defining ingredient.,FOODON,solid,FALSE,__ENVHARMONIZER_MISSING__,upstream
FOODON:00001178,honey food product,__ENVHARMONIZER_MISSING__,FOODON,solid,FALSE,__ENVHARMONIZER_MISSING__,upstream
FOODON:00001181,food (cooked),Food material which is cooked.,FOODON,solid,FALSE,__ENVHARMONIZER_MISSING__,upstream
FOODON:00001182,pickled cruciferous food product,__ENVHARMONIZER_MISSING__,FOODON,solid,FALSE,__ENVHARMONIZER_MISSING__,upstream
FOODON:00001183,bread food product,"A staple food prepared from a dough of flour (usually wheat) and water, usually by baking",FOODON,solid,FALSE,__ENVHARMONIZER_MISSING__,upstream
FOODON:00001185,rice food product,__ENVHARMONIZER_MISSING__,FOODON,solid,FALSE,__ENVHARMONIZER_MISSING__,upstream
FOODON:00001189,oat food product,A food product made from oats.,FOODON,solid,FALSE,__ENVHARMONIZER_MISSING__,upstream
FOODON:00001191,barley food product,__ENVHARMONIZER_MISSING__,FOODON,solid,FALSE,__ENVHARMONIZER_MISSING__,upstream
FOODON:00001199,chickpea food product,A product of the dry seeds of Cicer arietinum.,FOODON,solid,FALSE,__ENVHARMONIZER_MISSING__,upstream
FOODON:00001209,pulse food product,"PULSES are annual leguminous crops yielding from one to 12 grains or seeds of variable size, shape and colour within a pod. They are used for both food and feed. The term ""pulses"" is limited to crops harvested solely for dry grain, thereby excludingcrops harvested green for food (green peas, green beans, etc.) which are classified as vegetable crops. Also excluded are those crops used mainly for oil extraction (e.g.soybeand and groundnuts) and leguminous crops (e.g. seeds of clover and alfalfa) that are used exclusively for sowing purposes.",FOODON,solid,FALSE,__ENVHARMONIZER_MISSING__,upstream
FOODON:00001210,wheat flour food product,__ENVHARMONIZER_MISSING__,FOODON,solid,FALSE,__ENVHARMONIZER_MISSING__,upstream
FOODON:00001214,candy food product,"A confection made from a concentrated solution of sugar in water, to which flavorings and colorants are added.",FOODON,solid,FALSE,__ENVHARMONIZER_MISSING__,upstream
FOODON:00001215,cacao food product,A food product derived from Theobroma cacao.,FOODON,solid,FALSE,__ENVHARMONIZER_MISSING__,upstream
FOODON:00001218,bee food product,A food product with bees or bee substances as a defining ingredient.,FOODON,solid,FALSE,__ENVHARMONIZER_MISSING__,upstream
FOODON:00001235,soy sauce food product,A condiment with soy sauce as a defining ingredient.,FOODON,liquid,TRUE,aqueous,reviewed
FOODON:00001242,spice or herb,A food product that has some spice or herb as a defining ingredient.,FOODON,solid,FALSE,__ENVHARMONIZER_MISSING__,upstream
FOODON:00001243,animal lipid food product,__ENVHARMONIZER_MISSING__,FOODON,solid,FALSE,__ENVHARMONIZER_MISSING__,upstream
FOODON:00001244,coffee beverage,"A brewed drink prepared from roasted seeds, commonly called coffee beans, of the coffee plant.",FOODON,solid,FALSE,__ENVHARMONIZER_MISSING__,upstream
FOODON:00001248,fish food product,A fish food product includes products made from any fish species (aquatic vertebrate with gills and fins).,FOODON,solid,FALSE,__ENVHARMONIZER_MISSING__,upstream
FOODON:00001251,avian food product,A food product that is derived from some avian animal.,FOODON,solid,FALSE,__ENVHARMONIZER_MISSING__,upstream
FOODON:00001253,plant derived beverage,A beverage derived from plants.,FOODON,solid,FALSE,__ENVHARMONIZER_MISSING__,upstream
FOODON:00001254,plant derived fermented beverage,__ENVHARMONIZER_MISSING__,FOODON,solid,FALSE,__ENVHARMONIZER_MISSING__,upstream
FOODON:00001255,nonfermented plant derived beverage product,__ENVHARMONIZER_MISSING__,FOODON,solid,FALSE,__ENVHARMONIZER_MISSING__,upstream
FOODON:00001256,dairy food product,A dairy food product has mammilian milk or a milk component as an ingredient.,FOODON,solid,FALSE,__ENVHARMONIZER_MISSING__,upstream
FOODON:00001257,milk or milk based food product,__ENVHARMONIZER_MISSING__,FOODON,solid,FALSE,__ENVHARMONIZER_MISSING__,upstream
FOODON:00001258,food (fermented),Food material which has been fermented.,FOODON,solid,FALSE,__ENVHARMONIZER_MISSING__,upstream
FOODON:00001260,beer beverage,"Beer is a fermented cereal beverage resulting from the fermentation most commonly of malted barley (though wheat, corn, or rice may included), by a yeast, most commonly Saccharomyces cerevisiae, and flavored by dried flowers of hops, Humulus lupulus.",FOODON,liquid,TRUE,aqueous,reviewed
FOODON:00001261,vegetable food product,A plant food product which derives from one or more vegetables.,FOODON,solid,FALSE,__ENVHARMONIZER_MISSING__,upstream
FOODON:00001262,botanical fruit food product,"Mature ovary of a plant, with a fleshy part of the carpel that develops with the seed to attract animals for aid in dispersal. Botanically, nuts are considered fruits.",FOODON,solid,FALSE,__ENVHARMONIZER_MISSING__,upstream
FOODON:00001264,legume food product,"A one-celled fruit (pod) usually dehiscing down both sutures, and having the seed attached along a ventral suture. (Roubik 1995)",FOODON,solid,FALSE,__ENVHARMONIZER_MISSING__,upstream
FOODON:00001280,chocolate food product,__ENVHARMONIZER_MISSING__,FOODON,solid,FALSE,__ENVHARMONIZER_MISSING__,upstream
FOODON:00001281,custard dessert food product,"A food involving whipped and cooked milk, sugar and egg yolk mixtures.",FOODON,solid,FALSE,__ENVHARMONIZER_MISSING__,upstream
FOODON:00001283,poultry food product,A food product that is derived from some poultry.,FOODON,solid,FALSE,__ENVHARMONIZER_MISSING__,upstream
FOODON:00001286,turkey meat food product,A turkey meat food product is any food product made predominantly of turkey parts.,FOODON,solid,FALSE,__ENVHARMONIZER_MISSING__,upstream
FOODON:00001293,shellfish food product,__ENVHARMONIZER_MISSING__,FOODON,solid,FALSE,__ENVHARMONIZER_MISSING__,upstream
FOODON:00001579,alcoholic beverage,"An alcoholic drink (or alcoholic beverage) is a drink that contains ethanol, a type of alcohol produced by fermentation of grains, fruits, or other sources of sugar.",FOODON,solid,FALSE,__ENVHARMONIZER_MISSING__,upstream
FOODON:00001595,animal based refined or partially-refined food product,__ENVHARMONIZER_MISSING__,FOODON,solid,FALSE,__ENVHARMONIZER_MISSING__,upstream
FOODON:00001599,animal fat or oil refined food product,__ENVHARMONIZER_MISSING__,FOODON,solid,FALSE,__ENVHARMONIZER_MISSING__,upstream
FOODON:00001611,apple food product,__ENVHARMONIZER_MISSING__,FOODON,solid,FALSE,__ENVHARMONIZER_MISSING__,upstream
FOODON:00001625,avocado food product,A food product deriving from one or more avocados.,FOODON,solid,FALSE,__ENVHARMONIZER_MISSING__,upstream
FOODON:00001635,bean food product,"A bean vegetable food product is a human or animal food product - such as a snap, shell or dry bean product - derived from the fruit pod, seed, or leaf of one of several genera of the flowering plant family Fabaceae.",FOODON,solid,FALSE,__ENVHARMONIZER_MISSING__,upstream
FOODON:00001640,berry food product,__ENVHARMONIZER_MISSING__,FOODON,solid,FALSE,__ENVHARMONIZER_MISSING__,upstream
FOODON:00001650,black pepper food product,__ENVHARMONIZER_MISSING__,FOODON,solid,FALSE,__ENVHARMONIZER_MISSING__,upstream
FOODON:00001666,broccoli food product,__ENVHARMONIZER_MISSING__,FOODON,solid,FALSE,__ENVHARMONIZER_MISSING__,upstream
FOODON:00001677,cabbage head food product,A cabbage vegetable food product is a food product derived from the head or leaf portion of a cabbage plant.,FOODON,solid,FALSE,__ENVHARMONIZER_MISSING__,upstream
FOODON:00001687,carrot food product,__ENVHARMONIZER_MISSING__,FOODON,solid,FALSE,__ENVHARMONIZER_MISSING__,upstream
FOODON:00001692,cassava food product,__ENVHARMONIZER_MISSING__,FOODON,solid,FALSE,__ENVHARMONIZER_MISSING__,upstream
FOODON:00001714,food material component,"Food material which normally exists as an ingredient to another food material, rather than eaten on its own.  This includes chemical food components.",FOODON,solid,FALSE,__ENVHARMONIZER_MISSING__,upstream
FOODON:00001732,chive food product,A food product deriving from the chive plant.,FOODON,solid,FALSE,__ENVHARMONIZER_MISSING__,upstream
FOODON:00001758,common millet food product,__ENVHARMONIZER_MISSING__,FOODON,solid,FALSE,__ENVHARMONIZER_MISSING__,upstream
FOODON:00001761,condiment sauce,__ENVHARMONIZER_MISSING__,FOODON,solid,FALSE,__ENVHARMONIZER_MISSING__,upstream
FOODON:00001763,coriander food product,__ENVHARMONIZER_MISSING__,FOODON,solid,FALSE,__ENVHARMONIZER_MISSING__,upstream
FOODON:00001765,vegetable corn food product,__ENVHARMONIZER_MISSING__,FOODON,solid,FALSE,__ENVHARMONIZER_MISSING__,upstream
FOODON:00001771,cow milk based food product,__ENVHARMONIZER_MISSING__,FOODON,solid,FALSE,__ENVHARMONIZER_MISSING__,upstream
FOODON:00001772,cow milk butter food product,__ENVHARMONIZER_MISSING__,FOODON,solid,FALSE,__ENVHARMONIZER_MISSING__,upstream
FOODON:00001777,cow milk dessert,__ENVHARMONIZER_MISSING__,FOODON,solid,FALSE,__ENVHARMONIZER_MISSING__,upstream
FOODON:00001795,cucumber food product,A food product deriving from one or more cucumbers.,FOODON,solid,FALSE,__ENVHARMONIZER_MISSING__,upstream
FOODON:00001800,dairy dessert food product,__ENVHARMONIZER_MISSING__,FOODON,solid,FALSE,__ENVHARMONIZER_MISSING__,upstream
FOODON:00001811,dill food product,__ENVHARMONIZER_MISSING__,FOODON,solid,FALSE,solid,reviewed
FOODON:00001817,alcoholic beverage (distilled),"An alcoholic drink produced by distillation of grains, fruit, or vegetables that have already gone through alcoholic fermentation. True distillation involves heating and cooling to seperate alcohol from the solution via evaporation and condensation.",FOODON,liquid,TRUE,aqueous,reviewed
FOODON:00001823,milled durum wheat,Durum wheat which has been milled.,FOODON,solid,FALSE,__ENVHARMONIZER_MISSING__,upstream
FOODON:00001825,durum wheat food product,A hard wheat food product which has durum wheat as a defining ingredient.,FOODON,solid,FALSE,__ENVHARMONIZER_MISSING__,upstream
FOODON:00001845,field corn food product,"A product made from the North American term for maize (Zea mays) grown for livestock fodder (silage), ethanol, cereal and processed food products. The principal field corn varieties are dent corn, flint corn, flour corn (also known as soft corn) which includes blue corn (Zea mays amylacea), and waxy corn.",FOODON,solid,FALSE,__ENVHARMONIZER_MISSING__,upstream
FOODON:00001848,field corn sweetener product,__ENVHARMONIZER_MISSING__,FOODON,solid,FALSE,__ENVHARMONIZER_MISSING__,upstream
FOODON:00001849,field corn vegetable food product,"In North America, field corn is corn (Zea mays) grown for livestock fodder, ethanol, cereal and processed food products. The principal field corn varieties are dent corn, flint corn, flour corn, including blue corn (Zea mays amylacea) and waxy corn.",FOODON,solid,FALSE,__ENVHARMONIZER_MISSING__,upstream
FOODON:00001857,food flavoring or seasoning,__ENVHARMONIZER_MISSING__,FOODON,solid,FALSE,__ENVHARMONIZER_MISSING__,upstream
FOODON:00001882,fruit based alcoholic beverage,__ENVHARMONIZER_MISSING__,FOODON,solid,FALSE,__ENVHARMONIZER_MISSING__,upstream
FOODON:00001888,fruit jelly food product,__ENVHARMONIZER_MISSING__,FOODON,solid,FALSE,__ENVHARMONIZER_MISSING__,upstream
FOODON:00001901,ginger food product,__ENVHARMONIZER_MISSING__,FOODON,solid,FALSE,solid,reviewed
FOODON:00001905,ginseng plant food product,__ENVHARMONIZER_MISSING__,FOODON,solid,FALSE,__ENVHARMONIZER_MISSING__,upstream
FOODON:00001907,gluten refined food product,__ENVHARMONIZER_MISSING__,FOODON,solid,FALSE,__ENVHARMONIZER_MISSING__,upstream
FOODON:00001916,grain based alcoholic beverage,__ENVHARMONIZER_MISSING__,FOODON,solid,FALSE,__ENVHARMONIZER_MISSING__,upstream
FOODON:00001918,grain based distilled spirit,__ENVHARMONIZER_MISSING__,FOODON,solid,FALSE,__ENVHARMONIZER_MISSING__,upstream
FOODON:00001922,grape based alcoholic beverage,__ENVHARMONIZER_MISSING__,FOODON,solid,FALSE,__ENVHARMONIZER_MISSING__,upstream
FOODON:00001925,grape based wine or wine-like food product,__ENVHARMONIZER_MISSING__,FOODON,solid,FALSE,__ENVHARMONIZER_MISSING__,upstream
FOODON:00001926,grape juice food product,__ENVHARMONIZER_MISSING__,FOODON,solid,FALSE,__ENVHARMONIZER_MISSING__,upstream
FOODON:00001931,gravy or sauce,__ENVHARMONIZER_MISSING__,FOODON,solid,FALSE,__ENVHARMONIZER_MISSING__,upstream
FOODON:00001947,hard wheat food product,__ENVHARMONIZER_MISSING__,FOODON,solid,FALSE,__ENVHARMONIZER_MISSING__,upstream
FOODON:00001948,"heavy wine, 14-24% alcohol, food product",__ENVHARMONIZER_MISSING__,FOODON,solid,FALSE,__ENVHARMONIZER_MISSING__,upstream
FOODON:00001955,hot pepper spice food product,__ENVHARMONIZER_MISSING__,FOODON,solid,FALSE,__ENVHARMONIZER_MISSING__,upstream
FOODON:00001956,hot pepper food product,__ENVHARMONIZER_MISSING__,FOODON,solid,FALSE,__ENVHARMONIZER_MISSING__,upstream
FOODON:00001958,human milk based food product,__ENVHARMONIZER_MISSING__,FOODON,solid,FALSE,__ENVHARMONIZER_MISSING__,upstream
FOODON:00001974,insect refined food product,__ENVHARMONIZER_MISSING__,FOODON,solid,FALSE,__ENVHARMONIZER_MISSING__,upstream
FOODON:00001998,lettuce head food product,"A lettuce vegetable food product is the head, stem or leaf portion of a lettuce plant.",FOODON,solid,FALSE,__ENVHARMONIZER_MISSING__,upstream
FOODON:00001999,light wine,__ENVHARMONIZER_MISSING__,FOODON,solid,FALSE,__ENVHARMONIZER_MISSING__,upstream
FOODON:00002035,milk dessert food product,__ENVHARMONIZER_MISSING__,FOODON,solid,FALSE,__ENVHARMONIZER_MISSING__,upstream
FOODON:00002038,millet food product,__ENVHARMONIZER_MISSING__,FOODON,solid,FALSE,__ENVHARMONIZER_MISSING__,upstream
FOODON:00002044,mollusc food product,__ENVHARMONIZER_MISSING__,FOODON,solid,FALSE,__ENVHARMONIZER_MISSING__,upstream
FOODON:00002051,mussel food product,A food product that is derived from some mussel.,FOODON,solid,FALSE,__ENVHARMONIZER_MISSING__,upstream
FOODON:00002065,olive fat or oil refined food product,__ENVHARMONIZER_MISSING__,FOODON,solid,FALSE,__ENVHARMONIZER_MISSING__,upstream
FOODON:00002069,onion food product,__ENVHARMONIZER_MISSING__,FOODON,solid,FALSE,__ENVHARMONIZER_MISSING__,upstream
FOODON:00002071,orange food product,__ENVHARMONIZER_MISSING__,FOODON,solid,FALSE,__ENVHARMONIZER_MISSING__,upstream
FOODON:00002084,parsley food product,__ENVHARMONIZER_MISSING__,FOODON,solid,FALSE,__ENVHARMONIZER_MISSING__,upstream
FOODON:00002098,peanut fat or oil refined food product,__ENVHARMONIZER_MISSING__,FOODON,solid,FALSE,__ENVHARMONIZER_MISSING__,upstream
FOODON:00002099,peanut food product,A food product having peanuts as an ingredient.,FOODON,solid,FALSE,__ENVHARMONIZER_MISSING__,upstream
FOODON:00002101,pear food product,__ENVHARMONIZER_MISSING__,FOODON,solid,FALSE,__ENVHARMONIZER_MISSING__,upstream
FOODON:00002111,pepper vegetable food product,A food product deriving from one or more sweet or hot peppers.,FOODON,solid,FALSE,__ENVHARMONIZER_MISSING__,upstream
FOODON:00002127,plant based food material for animal,__ENVHARMONIZER_MISSING__,FOODON,solid,FALSE,__ENVHARMONIZER_MISSING__,upstream
FOODON:00002131,plant based refined or partially-refined food product,__ENVHARMONIZER_MISSING__,FOODON,solid,FALSE,__ENVHARMONIZER_MISSING__,upstream
FOODON:00002139,plant fat or oil refined food product,"An edible plant fat or oil product with characteristics that consumers desire such as bland flavour and odour, clear appearance, light colour, stability to oxidation and suitability for frying, and which is the result of a refining process that removes free fatty acids.",FOODON,solid,FALSE,__ENVHARMONIZER_MISSING__,upstream
FOODON:00002141,plant fruit as vegetable food product,A plant fruit food product which is labeled (in common language or by regulation) as a vegetable food product.,FOODON,solid,FALSE,__ENVHARMONIZER_MISSING__,upstream
FOODON:00002142,plant head vegetable food product,__ENVHARMONIZER_MISSING__,FOODON,solid,FALSE,__ENVHARMONIZER_MISSING__,upstream
FOODON:00002143,plant leaf food product,A plant food product made with plant leaves.,FOODON,solid,FALSE,__ENVHARMONIZER_MISSING__,upstream
FOODON:00002145,plant product based flavoring or seasoning,__ENVHARMONIZER_MISSING__,FOODON,solid,FALSE,__ENVHARMONIZER_MISSING__,upstream
FOODON:00002147,food material by consumer group,__ENVHARMONIZER_MISSING__,FOODON,solid,FALSE,__ENVHARMONIZER_MISSING__,upstream
FOODON:00002148,plant material flavoring or seasoning,A flavouring or seasoning entirely made from a single plant source,FOODON,solid,FALSE,__ENVHARMONIZER_MISSING__,upstream
FOODON:00002150,plant root vegetable food product,A food product harvested from underground plant parts.,FOODON,solid,FALSE,__ENVHARMONIZER_MISSING__,upstream
FOODON:00002153,plant seed vegetable food product,__ENVHARMONIZER_MISSING__,FOODON,solid,FALSE,__ENVHARMONIZER_MISSING__,upstream
FOODON:00002156,plant stem or spear food product,A food product deriving from a plant stem or spear part.,FOODON,solid,FALSE,__ENVHARMONIZER_MISSING__,upstream
FOODON:00002157,plant sweetener,__ENVHARMONIZER_MISSING__,FOODON,solid,FALSE,__ENVHARMONIZER_MISSING__,upstream
FOODON:00002158,food (preserved),Food material which is the output of a food preservation process.,FOODON,solid,FALSE,__ENVHARMONIZER_MISSING__,upstream
FOODON:00002174,powdered milk food product,__ENVHARMONIZER_MISSING__,FOODON,solid,FALSE,solid,reviewed
FOODON:00002180,pumpkin food product,A food product deriving from one or more pumpkins.,FOODON,solid,FALSE,__ENVHARMONIZER_MISSING__,upstream
FOODON:00002196,refined or partially-refined food product,__ENVHARMONIZER_MISSING__,FOODON,solid,FALSE,__ENVHARMONIZER_MISSING__,upstream
FOODON:00002203,rice based alcoholic beverage,__ENVHARMONIZER_MISSING__,FOODON,solid,FALSE,__ENVHARMONIZER_MISSING__,upstream
FOODON:00002207,rice flour,Flour made from rice.,FOODON,solid,FALSE,__ENVHARMONIZER_MISSING__,upstream
FOODON:00002220,salmon food product,A food product which has salmon as a defining ingredient.,FOODON,solid,FALSE,__ENVHARMONIZER_MISSING__,upstream
FOODON:00002232,sesame food product,__ENVHARMONIZER_MISSING__,FOODON,solid,FALSE,__ENVHARMONIZER_MISSING__,upstream
FOODON:00002253,soft drink food product,__ENVHARMONIZER_MISSING__,FOODON,solid,FALSE,__ENVHARMONIZER_MISSING__,upstream
FOODON:00002262,soybean condiment,__ENVHARMONIZER_MISSING__,FOODON,solid,FALSE,__ENVHARMONIZER_MISSING__,upstream
FOODON:00002264,soybean refined food product,__ENVHARMONIZER_MISSING__,FOODON,solid,FALSE,__ENVHARMONIZER_MISSING__,upstream
FOODON:00002265,soybean seed (field) food product,__ENVHARMONIZER_MISSING__,FOODON,solid,FALSE,__ENVHARMONIZER_MISSING__,upstream
FOODON:00002266,soybean food product,A soybean food product is a product derived from the soybean plant.,FOODON,solid,FALSE,__ENVHARMONIZER_MISSING__,upstream
FOODON:00002268,spice or herb product flavoring or seasoning,__ENVHARMONIZER_MISSING__,FOODON,solid,FALSE,__ENVHARMONIZER_MISSING__,upstream
FOODON:00002269,spinach food product,A food product made from spinach.,FOODON,solid,FALSE,__ENVHARMONIZER_MISSING__,upstream
FOODON:00002271,squash food product,A food product deriving from one or more squashes.,FOODON,solid,FALSE,__ENVHARMONIZER_MISSING__,upstream
FOODON:00002275,steeped beverage product,__ENVHARMONIZER_MISSING__,FOODON,solid,FALSE,__ENVHARMONIZER_MISSING__,upstream
FOODON:00002277,stone fruit food product,__ENVHARMONIZER_MISSING__,FOODON,solid,FALSE,__ENVHARMONIZER_MISSING__,upstream
FOODON:00002282,strawberry food product,__ENVHARMONIZER_MISSING__,FOODON,solid,FALSE,__ENVHARMONIZER_MISSING__,upstream
FOODON:00002300,sweetener,__ENVHARMONIZER_MISSING__,FOODON,solid,FALSE,__ENVHARMONIZER_MISSING__,upstream
FOODON:00002312,thyme food product,__ENVHARMONIZER_MISSING__,FOODON,solid,FALSE,solid,reviewed
FOODON:00002323,turmeric food product,__ENVHARMONIZER_MISSING__,FOODON,solid,FALSE,__ENVHARMONIZER_MISSING__,upstream
FOODON:00002333,vegetable pickle food product,A vegetable food product containing one or more pickled vegetables.,FOODON,solid,FALSE,__ENVHARMONIZER_MISSING__,upstream
FOODON:00002339,water based soft drink food product,__ENVHARMONIZER_MISSING__,FOODON,solid,FALSE,__ENVHARMONIZER_MISSING__,upstream
FOODON:00002351,wheat bread food product,A bread food product which has wheat as a defining ingredient.,FOODON,solid,FALSE,__ENVHARMONIZER_MISSING__,upstream
FOODON:00002364,wine or wine-like food product,__ENVHARMONIZER_MISSING__,FOODON,solid,FALSE,__ENVHARMONIZER_MISSING__,upstream
FOODON:00002365,"wine, 7-24% alcohol, food product",__ENVHARMONIZER_MISSING__,FOODON,solid,FALSE,__ENVHARMONIZER_MISSING__,upstream
FOODON:00002373,food by meal type,"A meal type is the name of an eating occasion that may have location, food type, or other customary contextual features. (Damion's 1st draft definition)",FOODON,solid,FALSE,__ENVHARMONIZER_MISSING__,upstream
FOODON:00002403,food material,"Any substance that can be consumed by an organism to satisfy nutritional or other health needs, or to provide a social or organoleptic food experience",FOODON,solid,FALSE,__ENVHARMONIZER_MISSING__,upstream
FOODON:00002423,agave food product,__ENVHARMONIZER_MISSING__,FOODON,solid,FALSE,__ENVHARMONIZER_MISSING__,upstream
FOODON:00002434,mushroom food product,A food product which has fungi fruitbody as a defining ingredient.,FOODON,solid,FALSE,__ENVHARMONIZER_MISSING__,upstream
FOODON:00002452,invertebrate animal,"Invertebrates are animals that neither possess nor develop a vertebral column (commonly known as a backbone or spine), derived from the notochord. This includes all animals apart from the subphylum Vertebrata.",FOODON,solid,FALSE,__ENVHARMONIZER_MISSING__,upstream
FOODON:00002454,food material by characteristic,Food material which has been categorized by a characteristic such as granularity or temperature.,FOODON,solid,FALSE,__ENVHARMONIZER_MISSING__,upstream
FOODON:00002456,food (baked),Food material which is baked.,FOODON,solid,FALSE,__ENVHARMONIZER_MISSING__,upstream
FOODON:00002457,food (fresh),Fresh food is food that has not been subjected to food preservation processes (including freezing) that alter its harvested state significantly.,FOODON,solid,FALSE,__ENVHARMONIZER_MISSING__,upstream
FOODON:00002472,fruit (fresh),__ENVHARMONIZER_MISSING__,FOODON,solid,FALSE,solid,reviewed
FOODON:00002473,apple,A pome fruit of an apple tree (Malus domestica).,FOODON,solid,FALSE,solid,reviewed
FOODON:00002477,game animal food product,"Game or quarry is any animal hunted for sport or for food. The type and range of animals hunted for food varies in different parts of the world. In some countries, game is classified, including legal classification with respect to licences required, as either ""small game"" or ""large game""",FOODON,solid,FALSE,__ENVHARMONIZER_MISSING__,upstream
FOODON:00002488,pear (whole or pieces),__ENVHARMONIZER_MISSING__,FOODON,solid,FALSE,__ENVHARMONIZER_MISSING__,upstream
FOODON:00002501,multi-component food,A food product consisting of food material derived from ingredients sourced from multiple organisms.,FOODON,solid,FALSE,__ENVHARMONIZER_MISSING__,upstream
FOODON:00002581,aquatic invertebrate,"An aquatic invertebrate may live entirely beneath the water, or may live upon its surface or on the plants surrounding it. Some breathe air, others breathe water. To move, they may walk, swim, float, skate, fly or glide on their bellies—or they may not move much at all.",FOODON,solid,FALSE,__ENVHARMONIZER_MISSING__,upstream
FOODON:00002645,food material by process,Food material organized by the process which it results from.,FOODON,solid,FALSE,__ENVHARMONIZER_MISSING__,upstream
FOODON:00002663,pig food product,A food product that is derived from some pig.,FOODON,solid,FALSE,__ENVHARMONIZER_MISSING__,upstream
FOODON:00002664,lipid food product,A lipid food product is a food product made primarily of plant or animal fat or oil,FOODON,solid,FALSE,__ENVHARMONIZER_MISSING__,upstream
FOODON:00002695,scallion food product,"Scallions (also known as green onions, spring onions, or salad onions) are vegetables of various Allium onion species.",FOODON,solid,FALSE,__ENVHARMONIZER_MISSING__,upstream
FOODON:00002700,canola plant food product,__ENVHARMONIZER_MISSING__,FOODON,solid,FALSE,__ENVHARMONIZER_MISSING__,upstream
FOODON:00002730,turkey liver,A whole animal liver that is obtained from a turkey.,FOODON,solid,FALSE,solid,reviewed
FOODON:00002753,bean,A seed of a bean plant from one of several genera of the flowering plant family (Fabaceae).,FOODON,solid,FALSE,__ENVHARMONIZER_MISSING__,upstream
FOODON:00002796,potato (whole or pieces),A potato substance is a whole potato transformed into some derivative food material. It doesn't include potato food products that are ready to consume or simply require thawing or reheating.,FOODON,solid,FALSE,__ENVHARMONIZER_MISSING__,upstream
FOODON:00002797,potato prepared food,__ENVHARMONIZER_MISSING__,FOODON,solid,FALSE,__ENVHARMONIZER_MISSING__,upstream
FOODON:00002808,olive oil (extra-virgin),"Extra virgin olive oil is a virgin olive oil which has a free acidity, expressed as oleic acid, of not more than 0.8 grams per 100 grams.",FOODON,liquid,FALSE,__ENVHARMONIZER_MISSING__,reviewed
FOODON:00002922,red cabbage head,"The red cabbage (purple-leaved varieties of Brassica oleracea Capitata Group) is a kind of cabbage, also known as purple cabbage, red kraut, or blue kraut after preparation. Its leaves are coloured dark red/purple.",FOODON,solid,FALSE,__ENVHARMONIZER_MISSING__,upstream
FOODON:00002932,hazelnut food product,A hazelnut food product is a food product that derives from hazelnuts,FOODON,solid,FALSE,__ENVHARMONIZER_MISSING__,upstream
FOODON:00002933,hazelnut,"The hazelnut is the nut of the hazel and therefore includes any of the nuts deriving from species of the genus Corylus, especially the nuts of the species Corylus avellana. It also is known as cobnut or filbert nut according to species.",FOODON,solid,FALSE,solid,reviewed
FOODON:00002956,game meat,"Bushmeat, wildmeat, or game meat is meat from non-domesticated mammals, reptiles, amphibians and birds hunted for food in tropical forests.",FOODON,solid,FALSE,solid,reviewed
FOODON:00003004,animal,A whole animal.,FOODON,solid,FALSE,__ENVHARMONIZER_MISSING__,upstream
FOODON:00003022,caraway food product,__ENVHARMONIZER_MISSING__,FOODON,solid,FALSE,solid,reviewed
FOODON:00003041,pear,A pome fruit of a pear tree.,FOODON,solid,FALSE,solid,reviewed
FOODON:00003042,herb food product,A leaf of a plant that is used for flavoring.,FOODON,solid,FALSE,__ENVHARMONIZER_MISSING__,upstream
FOODON:00003108,barley seed (raw),"Barley is a cultivated grain used as animal fodder, as a source of fermentable material for beer and certain distilled beverages, and as a component of various health foods. It is used in soups and stews, and in barley bread of various cultures. Barley grains are commonly made into malt in a traditional and ancient method of preparation.",FOODON,solid,FALSE,solid,reviewed
FOODON:00003205,peanut (whole or pieces),__ENVHARMONIZER_MISSING__,FOODON,solid,FALSE,__ENVHARMONIZER_MISSING__,upstream
FOODON:00003206,peanut,A seed of a peanut plant (Arachis hypogaea).,FOODON,solid,FALSE,solid,reviewed
FOODON:00003208,miso,"A traditional Japanese seasoning produced by fermenting soybeans with salt and kōji (the fungus Aspergillus oryzae) and sometimes rice, barley, seaweed or other ingredients.",FOODON,solid,FALSE,solid,reviewed
FOODON:00003229,absinthe,"A distilled, highly alcoholic beverage (45–74% ABV / 90–148 U.S. proof). It is an anise-flavoured spirit derived from botanicals, including the flowers and leaves of Artemisia absinthium (""grand wormwood""), together with green anise, sweet fennel, and other medicinal and culinary herbs.",FOODON,liquid,TRUE,aqueous,reviewed
FOODON:00003287,peppercorn food product,"A food product made from black, white, pink or similar peppercorns.",FOODON,solid,FALSE,__ENVHARMONIZER_MISSING__,upstream
FOODON:00003324,citrus fruit,A hesperidium fruit of a citrus plant (Citrus).,FOODON,solid,FALSE,__ENVHARMONIZER_MISSING__,upstream
FOODON:00003341,brassica food product,"A genus of plants in the mustard family (Brassicaceae). The members of the genus are informally known as cruciferous vegetables, cabbages, or mustard plants.",FOODON,solid,FALSE,__ENVHARMONIZER_MISSING__,upstream
FOODON:00003394,barley seed,A caryopsis fruit of a barley plant (Hordeum vulgare subsp. vulgare).,FOODON,solid,FALSE,__ENVHARMONIZER_MISSING__,upstream
FOODON:00003395,multi-component wheat food product,__ENVHARMONIZER_MISSING__,FOODON,solid,FALSE,__ENVHARMONIZER_MISSING__,upstream
FOODON:00003405,broccoli floret,A raceme inflorescence of a broccoli plant(Brassica oleracea var. italica).,FOODON,solid,FALSE,solid,reviewed
FOODON:00003406,cabbage head,A rosette of a cabbage plant (Brassica oleracea var. capitata).,FOODON,solid,FALSE,solid,reviewed
FOODON:00003408,carrot root,A primary root of a carrot plant (Daucus carota).,FOODON,solid,FALSE,solid,reviewed
FOODON:00003415,cucumber,A pepo fruit of a cucumber plant (Cucumis sativus).,FOODON,solid,FALSE,solid,reviewed
FOODON:00003416,durum wheat kernel,A caryopsis fruit of a durum wheat plant (Triticum turgidum subsp. durum).,FOODON,solid,FALSE,solid,reviewed
FOODON:00003417,grape,A berry fruit of a grape plant.,FOODON,solid,FALSE,solid,reviewed
FOODON:00003423,lettuce leaf,A rosette leaf of a lettuce plant (Lactuca sativa).,FOODON,solid,FALSE,solid,reviewed
FOODON:00003427,maize kernel,A caryopsis fruit of a maize plant  (Zea mays subsp. mays).,FOODON,solid,FALSE,__ENVHARMONIZER_MISSING__,upstream
FOODON:00003429,oat,A caryopsis fruit of an oat plant (Avena sativa).,FOODON,solid,FALSE,solid,reviewed
FOODON:00003443,strawberry,An aggregate fruit of strawberry plant  (Fragaria x ananassa).,FOODON,solid,FALSE,solid,reviewed
FOODON:00003473,salmon,__ENVHARMONIZER_MISSING__,FOODON,solid,FALSE,solid,reviewed
FOODON:00003486,pumpkin,An orange-yellow pepo fruit of a pumpkin plant.,FOODON,solid,FALSE,solid,reviewed
FOODON:00003520,pepper,A berry fruit of a pepper plant (Capsicum),FOODON,solid,FALSE,__ENVHARMONIZER_MISSING__,upstream
FOODON:00003521,berry,"A juicy, rounded, brightly colored fruit without a stone or pit, though pips or seeds may be present.",FOODON,solid,FALSE,__ENVHARMONIZER_MISSING__,upstream
FOODON:00003528,mushroom fruitbody,A fruitbody of a fungi.,FOODON,solid,FALSE,solid,reviewed
FOODON:00003539,squash,A pepo fruit varietal of a squash plant (Cucurbita).,FOODON,solid,FALSE,__ENVHARMONIZER_MISSING__,upstream
FOODON:00003562,field corn kernel,A seed of a field corn plant (Zea mays).,FOODON,solid,FALSE,solid,reviewed
FOODON:00003592,aggregate fruit,A fruit that develops from the merger of several ovaries that were separated in a single flower.,FOODON,solid,FALSE,__ENVHARMONIZER_MISSING__,upstream
FOODON:00003600,avocado,A berry fruit of an avocado plant (Persea americana),FOODON,solid,FALSE,solid,reviewed
FOODON:00003650,vegetable leaf,A leaf of a vegetable-producing plant.,FOODON,solid,FALSE,__ENVHARMONIZER_MISSING__,upstream
FOODON:00003697,scallion,__ENVHARMONIZER_MISSING__,FOODON,solid,FALSE,solid,reviewed
FOODON:00003744,chili pepper,A berry fruit of a chili pepper plant.,FOODON,solid,FALSE,solid,reviewed
FOODON:00003753,turmeric root,A root of a turmeric plant (Curcuma longa),FOODON,solid,FALSE,solid,reviewed
FOODON:00003787,white rice,__ENVHARMONIZER_MISSING__,FOODON,solid,FALSE,solid,reviewed
FOODON:00003788,chive leaf,A leaf of a chive plant (Allium schoenoprasum),FOODON,solid,FALSE,__ENVHARMONIZER_MISSING__,upstream
FOODON:00003798,cayenne pepper,A berry fruit of a cayenne pepper plant cultivar.,FOODON,solid,FALSE,solid,reviewed
FOODON:00003816,vegetable,An anatomical part of a plant that is consumed by humans or other animals as food.,FOODON,solid,FALSE,solid,reviewed
FOODON:00003946,winter squash,A pepo fruit of a winter squash cultivar harvested in the fall.,FOODON,solid,FALSE,__ENVHARMONIZER_MISSING__,upstream
FOODON:00004242,animal food product,A food product that is derived from some animal.,FOODON,solid,FALSE,__ENVHARMONIZER_MISSING__,upstream
FOODON:00004327,rice,An aggregate of rice kernels.,FOODON,solid,FALSE,solid,reviewed
FOODON:00004328,organism piece,A piece or pieces or amount of substance derived from one or more organisms.,FOODON,solid,FALSE,__ENVHARMONIZER_MISSING__,upstream
FOODON:00004330,rice husk,A husk of a rice kernel.,FOODON,solid,FALSE,solid,reviewed
FOODON:00004331,plant material,Anatomical or other piece(s) or substance derived from one or more plants.,FOODON,solid,FALSE,__ENVHARMONIZER_MISSING__,upstream
FOODON:00004332,piece of animal,A severed part of an animal.,FOODON,solid,FALSE,__ENVHARMONIZER_MISSING__,upstream
FOODON:00004336,fungus material,Material which derives from one or more fungai.,FOODON,solid,FALSE,__ENVHARMONIZER_MISSING__,upstream
FOODON:00004340,guar plant food product,A food product that derives from a guar plant.,FOODON,solid,FALSE,__ENVHARMONIZER_MISSING__,upstream
FOODON:00004436,animal organ,An organ that derives from an animal.,FOODON,solid,FALSE,__ENVHARMONIZER_MISSING__,upstream
FOODON:00004509,milled food product,A food product made from milling plant material.,FOODON,solid,FALSE,__ENVHARMONIZER_MISSING__,upstream
FOODON:00004510,flour,A fine powder made from cereals or other starchy food sources.,FOODON,solid,FALSE,solid,reviewed
FOODON:00004515,oat milk,A beverage made from procesed oats.,FOODON,liquid,TRUE,aqueous,reviewed
FOODON:00004525,sesame butter,A seed butter made from roasted unhulled or hulled sesame seeds.,FOODON,solid,FALSE,solid,reviewed
FOODON:00004697,tofu,"A food product that is prepared by coagulating soy milk and then pressing the resulting curds into solid white blocks of varying softness: silken, soft, firm, extra firm.",FOODON,solid,FALSE,solid,reviewed
FOODON:00005495,clarified butter,Butter from which all milk solids have been removed.,FOODON,solid,FALSE,__ENVHARMONIZER_MISSING__,upstream
FOODON:00005501,mammal material,Material which derives from one or more mammals.,FOODON,solid,FALSE,__ENVHARMONIZER_MISSING__,upstream
FOODON:00005502,vertebrate material,Material which derives from one or more vertebrate animals.,FOODON,solid,FALSE,__ENVHARMONIZER_MISSING__,upstream
FOODON:00005522,invertebrate material,__ENVHARMONIZER_MISSING__,FOODON,solid,FALSE,__ENVHARMONIZER_MISSING__,upstream
FOODON:00005532,couscous,"A dish made from durum wheat semolina, which is moistened and rolled into small granules, then steamed or boiled.",FOODON,solid,FALSE,solid,reviewed
FOODON:00005586,peanut flour,"A flour made from crushed, fully or partly defatted peanuts.",FOODON,solid,FALSE,solid,reviewed
FOODON:00005680,bovid material,__ENVHARMONIZER_MISSING__,FOODON,solid,FALSE,__ENVHARMONIZER_MISSING__,upstream
FOODON:00005683,aquatic invertebrate material,__ENVHARMONIZER_MISSING__,FOODON,solid,FALSE,__ENVHARMONIZER_MISSING__,upstream
FOODON:00005689,swine material,__ENVHARMONIZER_MISSING__,FOODON,solid,FALSE,__ENVHARMONIZER_MISSING__,upstream
FOODON:00005702,mollusk material,__ENVHARMONIZER_MISSING__,FOODON,solid,FALSE,__ENVHARMONIZER_MISSING__,upstream
FOODON:00005704,crustacean material,__ENVHARMONIZER_MISSING__,FOODON,solid,FALSE,__ENVHARMONIZER_MISSING__,upstream
FOODON:00005705,bivalve material,__ENVHARMONIZER_MISSING__,FOODON,solid,FALSE,__ENVHARMONIZER_MISSING__,upstream
FOODON:00005708,decapod material,__ENVHARMONIZER_MISSING__,FOODON,solid,FALSE,__ENVHARMONIZER_MISSING__,upstream
FOODON:02010001,animal substance,Material which is produced by an animal.,FOODON,solid,FALSE,__ENVHARMONIZER_MISSING__,upstream
FOODON:02010002,animal egg,An egg which is produced by an oviperous animal.,FOODON,solid,FALSE,__ENVHARMONIZER_MISSING__,upstream
FOODON:02010004,animal egg (raw),A raw animal egg.,FOODON,solid,FALSE,__ENVHARMONIZER_MISSING__,upstream
FOODON:02010012,animal milk,Milk which is produced by animal lactation.,FOODON,solid,FALSE,__ENVHARMONIZER_MISSING__,upstream
FOODON:02010013,animal milk (raw),Raw animal milk.,FOODON,solid,FALSE,__ENVHARMONIZER_MISSING__,upstream
FOODON:02010033,animal fat,Fat derived from an animal.,FOODON,solid,FALSE,__ENVHARMONIZER_MISSING__,upstream
FOODON:02010045,animal liver,A whole animal liver that is obtained from an animal.,FOODON,solid,FALSE,__ENVHARMONIZER_MISSING__,upstream
FOODON:02010348,mushroom material,A material that derives from some mushroom.,FOODON,solid,FALSE,__ENVHARMONIZER_MISSING__,upstream
FOODON:02020050,avian material,Material that derives from some avian animal.,FOODON,solid,FALSE,__ENVHARMONIZER_MISSING__,upstream
FOODON:02020060,piece of avian animal,A severed part of an avian animal.,FOODON,solid,FALSE,__ENVHARMONIZER_MISSING__,upstream
FOODON:02020150,chicken material,Material that derives from some chicken.,FOODON,solid,FALSE,__ENVHARMONIZER_MISSING__,upstream
FOODON:02020152,chicken egg (raw),A raw chicken egg.,FOODON,solid,FALSE,solid,reviewed
FOODON:02020171,piece of chicken,A severed part of a chicken.,FOODON,solid,FALSE,__ENVHARMONIZER_MISSING__,upstream
FOODON:02020404,turkey material,Material that derives from some turkey.,FOODON,solid,FALSE,__ENVHARMONIZER_MISSING__,upstream
FOODON:02020428,piece of turkey,A severed part of a turkey.,FOODON,solid,FALSE,__ENVHARMONIZER_MISSING__,upstream
FOODON:02020436,turkey organ,An organ that derives from a turkey.,FOODON,solid,FALSE,__ENVHARMONIZER_MISSING__,upstream
FOODON:02020686,poultry material,Material that derives from some poultry.,FOODON,solid,FALSE,__ENVHARMONIZER_MISSING__,upstream
FOODON:02020694,piece of poultry,A severed part of a poultry.,FOODON,solid,FALSE,__ENVHARMONIZER_MISSING__,upstream
FOODON:02020797,mussel material,Material that derives from some mussel.,FOODON,solid,FALSE,__ENVHARMONIZER_MISSING__,upstream
FOODON:02020889,cow material,Material that derives from some cow.,FOODON,solid,FALSE,__ENVHARMONIZER_MISSING__,upstream
FOODON:02020890,cow substance,Material which is produced by a cow.,FOODON,solid,FALSE,__ENVHARMONIZER_MISSING__,upstream
FOODON:02020891,cow milk,Milk which is produced by cow lactation.,FOODON,solid,FALSE,__ENVHARMONIZER_MISSING__,upstream
FOODON:02021462,shrimp material,Material that derives from some shrimp.,FOODON,solid,FALSE,__ENVHARMONIZER_MISSING__,upstream
FOODON:02021649,pig material,Material that derives from some pig.,FOODON,solid,FALSE,__ENVHARMONIZER_MISSING__,upstream
FOODON:03000128,serrano pepper,A berry fruit of a serrano pepper plant.,FOODON,solid,FALSE,__ENVHARMONIZER_MISSING__,upstream
FOODON:03000221,spinach (whole or pieces),Whole spinach or some substance made from processed spinach.,FOODON,solid,FALSE,solid,reviewed
FOODON:03000230,parsley (whole or pieces),A whole or processed parsley.,FOODON,solid,FALSE,solid,reviewed
FOODON:03000242,black pepper (whole or pieces),A whole black pepper or some substance made from processed black pepper.,FOODON,solid,FALSE,solid,reviewed
FOODON:03000287,cheese,A dairy product that is formed by coagulation of the milk protein casein.,FOODON,solid,FALSE,solid,reviewed
FOODON:03000288,bread,"A food prepared from a dough of flour and water, usually by baking.",FOODON,solid,FALSE,solid,reviewed
FOODON:03301014,grape wine,An alcoholic drink made from fermented grapes.,FOODON,liquid,TRUE,aqueous,reviewed
FOODON:03301024,honey (raw),__ENVHARMONIZER_MISSING__,FOODON,solid,FALSE,solid,reviewed
FOODON:03301036,coffee (liquid drink),__ENVHARMONIZER_MISSING__,FOODON,liquid,TRUE,aqueous,reviewed
FOODON:03301051,candy,__ENVHARMONIZER_MISSING__,FOODON,solid,FALSE,solid,reviewed
FOODON:03301061,corn syrup,__ENVHARMONIZER_MISSING__,FOODON,solid,FALSE,solid,reviewed
FOODON:03301073,sugar (granulated),__ENVHARMONIZER_MISSING__,FOODON,solid,FALSE,__ENVHARMONIZER_MISSING__,upstream
FOODON:03301127,grape juice,A fruit juice made from grapes.,FOODON,liquid,TRUE,aqueous,reviewed
FOODON:03301296,fruit juice (liquid),__ENVHARMONIZER_MISSING__,FOODON,solid,FALSE,__ENVHARMONIZER_MISSING__,upstream
FOODON:03301326,cabbage head (raw),__ENVHARMONIZER_MISSING__,FOODON,solid,FALSE,__ENVHARMONIZER_MISSING__,upstream
FOODON:03301397,sauerkraut,__ENVHARMONIZER_MISSING__,FOODON,solid,FALSE,solid,reviewed
FOODON:03301402,ginseng,__ENVHARMONIZER_MISSING__,FOODON,solid,FALSE,solid,reviewed
FOODON:03301424,bee pollen,__ENVHARMONIZER_MISSING__,FOODON,solid,FALSE,solid,reviewed
FOODON:03301444,vegetable juice food product,__ENVHARMONIZER_MISSING__,FOODON,solid,FALSE,__ENVHARMONIZER_MISSING__,upstream
FOODON:03301453,tomato,A berry fruit of a tomato plant (Solanum lycopersicum).,FOODON,solid,FALSE,solid,reviewed
FOODON:03301467,bean (whole or pieces),A bean substance is a substance made by processing seed from a bean plant.,FOODON,solid,FALSE,__ENVHARMONIZER_MISSING__,upstream
FOODON:03301484,skim milk food product,"Skimmed milk (British English), or skim milk (American English), is made when all the milkfat is removed from whole milk. It tends to contain around 0.1% fat.",FOODON,liquid,TRUE,aqueous,reviewed
FOODON:03301502,yogurt (plain),__ENVHARMONIZER_MISSING__,FOODON,solid,FALSE,solid,reviewed
FOODON:03301641,rice kernel food product,A rice food product consisting of hulled rice kernels.,FOODON,solid,FALSE,__ENVHARMONIZER_MISSING__,upstream
FOODON:03301670,sake,__ENVHARMONIZER_MISSING__,FOODON,liquid,TRUE,aqueous,reviewed
FOODON:03301706,mussel (raw),__ENVHARMONIZER_MISSING__,FOODON,solid,FALSE,solid,reviewed
FOODON:03301826,olive oil,__ENVHARMONIZER_MISSING__,FOODON,solid,FALSE,__ENVHARMONIZER_MISSING__,upstream
FOODON:03301833,potato chip,__ENVHARMONIZER_MISSING__,FOODON,solid,FALSE,solid,reviewed
FOODON:03301941,cereal grain,__ENVHARMONIZER_MISSING__,FOODON,solid,FALSE,solid,reviewed
FOODON:03301977,beverage food product,"A liquid prepared for consumption, or a product that can be combined with water or milk to make one.",FOODON,solid,FALSE,__ENVHARMONIZER_MISSING__,upstream
FOODON:03302008,vegetable (raw),__ENVHARMONIZER_MISSING__,FOODON,solid,FALSE,__ENVHARMONIZER_MISSING__,upstream
FOODON:03302072,beeswax,__ENVHARMONIZER_MISSING__,FOODON,solid,FALSE,solid,reviewed
FOODON:03302116,cow milk (liquid),__ENVHARMONIZER_MISSING__,FOODON,solid,FALSE,__ENVHARMONIZER_MISSING__,upstream
FOODON:03302142,soybean flour,A flour made from soybeans.,FOODON,solid,FALSE,solid,reviewed
FOODON:03302340,whole wheat flour,__ENVHARMONIZER_MISSING__,FOODON,solid,FALSE,solid,reviewed
FOODON:03302378,potato flour,__ENVHARMONIZER_MISSING__,FOODON,solid,FALSE,solid,reviewed
FOODON:03302389,soybean beverage,__ENVHARMONIZER_MISSING__,FOODON,solid,FALSE,__ENVHARMONIZER_MISSING__,upstream
FOODON:03302500,corn flour,__ENVHARMONIZER_MISSING__,FOODON,solid,FALSE,__ENVHARMONIZER_MISSING__,upstream
FOODON:03302578,canola oil,__ENVHARMONIZER_MISSING__,FOODON,liquid,FALSE,__ENVHARMONIZER_MISSING__,reviewed
FOODON:03302775,whiskey,__ENVHARMONIZER_MISSING__,FOODON,liquid,TRUE,aqueous,reviewed
FOODON:03302776,soybean oil,__ENVHARMONIZER_MISSING__,FOODON,liquid,FALSE,__ENVHARMONIZER_MISSING__,reviewed
FOODON:03302920,curry paste,__ENVHARMONIZER_MISSING__,FOODON,solid,FALSE,solid,reviewed
FOODON:03302946,custard,__ENVHARMONIZER_MISSING__,FOODON,solid,FALSE,solid,reviewed
FOODON:03303130,infant formula,__ENVHARMONIZER_MISSING__,FOODON,solid,FALSE,solid,reviewed
FOODON:03303171,nut,A whole nut with or without its shell.,FOODON,solid,FALSE,solid,reviewed
FOODON:03303220,dessert food,A food product served during the dessert course of a meal.,FOODON,solid,FALSE,__ENVHARMONIZER_MISSING__,upstream
FOODON:03303380,spice food product,A food product derived from a spice.,FOODON,solid,FALSE,__ENVHARMONIZER_MISSING__,upstream
FOODON:03303918,human milk (raw),Breast milk is the milk produced by the breasts (or mammary glands) of a human female.,FOODON,liquid,TRUE,aqueous,reviewed
FOODON:03304313,seed sprout,__ENVHARMONIZER_MISSING__,FOODON,solid,FALSE,__ENVHARMONIZER_MISSING__,upstream
FOODON:03304497,edible seed food product,__ENVHARMONIZER_MISSING__,FOODON,solid,FALSE,__ENVHARMONIZER_MISSING__,upstream
FOODON:03304685,red cabbage head (raw),__ENVHARMONIZER_MISSING__,FOODON,solid,FALSE,solid,reviewed
FOODON:03304704,tequila,__ENVHARMONIZER_MISSING__,FOODON,liquid,TRUE,aqueous,reviewed
FOODON:03304996,soybean (whole or pieces),A whole soybean or some substance made from a processed soybean.,FOODON,solid,FALSE,__ENVHARMONIZER_MISSING__,upstream
FOODON:03305091,chicken fat,Fat derived from a chicken.,FOODON,solid,FALSE,solid,reviewed
FOODON:03305263,vegetable oil,__ENVHARMONIZER_MISSING__,FOODON,liquid,FALSE,__ENVHARMONIZER_MISSING__,reviewed
FOODON:03305289,soybean milk,__ENVHARMONIZER_MISSING__,FOODON,liquid,TRUE,aqueous,reviewed
FOODON:03305367,buckwheat food product,__ENVHARMONIZER_MISSING__,FOODON,solid,FALSE,__ENVHARMONIZER_MISSING__,upstream
FOODON:03305954,grape jelly,__ENVHARMONIZER_MISSING__,FOODON,solid,FALSE,solid,reviewed
FOODON:03306052,spice,"A seed, fruit, root, bark, or other plant substance that is primarily used for flavouring or colouring food.",FOODON,solid,FALSE,solid,reviewed
FOODON:03306185,rice bran,__ENVHARMONIZER_MISSING__,FOODON,solid,FALSE,solid,reviewed
FOODON:03306255,toast,__ENVHARMONIZER_MISSING__,FOODON,solid,FALSE,solid,reviewed
FOODON:03306429,meat (raw),__ENVHARMONIZER_MISSING__,FOODON,solid,FALSE,solid,reviewed
FOODON:03306448,infant food product,__ENVHARMONIZER_MISSING__,FOODON,solid,FALSE,__ENVHARMONIZER_MISSING__,upstream
FOODON:03306632,nut (whole or pieces),A whole nut or some substance made from a processed nut.,FOODON,solid,FALSE,__ENVHARMONIZER_MISSING__,upstream
FOODON:03306633,olive oil (virgin),"Virgin olive oil is oil obtained from the fruit of the olive tree solely by mechanical or other physical means under conditions, particularly thermal conditions, that do not lead to alterations in the oil, and which have not undergone any treatment other than washing, decantation, centrifugation and filtration.",FOODON,solid,FALSE,__ENVHARMONIZER_MISSING__,upstream
FOODON:03306811,chickpea,A seed of a chickpea plant (Cicer arietinum).,FOODON,solid,FALSE,solid,reviewed
FOODON:03306867,peanut butter,"A food paste or spread made from ground, dry-roasted peanuts.",FOODON,solid,FALSE,solid,reviewed
FOODON:03307240,chocolate,__ENVHARMONIZER_MISSING__,FOODON,solid,FALSE,solid,reviewed
FOODON:03307312,rice wine,__ENVHARMONIZER_MISSING__,FOODON,liquid,TRUE,aqueous,reviewed
FOODON:03307345,sugar (refined),__ENVHARMONIZER_MISSING__,FOODON,solid,FALSE,__ENVHARMONIZER_MISSING__,upstream
FOODON:03307448,whole wheat food product,A food product made from all the parts of a whole wheat kernel.,FOODON,solid,FALSE,__ENVHARMONIZER_MISSING__,upstream
FOODON:03307455,cow milk (raw),Raw cow milk.,FOODON,liquid,TRUE,aqueous,reviewed
FOODON:03307539,food (dried),Food material which has been dried.,FOODON,solid,FALSE,__ENVHARMONIZER_MISSING__,upstream
FOODON:03307867,tea leaf,__ENVHARMONIZER_MISSING__,FOODON,solid,FALSE,solid,reviewed
FOODON:03308628,shellfish (raw),__ENVHARMONIZER_MISSING__,FOODON,solid,FALSE,solid,reviewed
FOODON:03309491,gin,__ENVHARMONIZER_MISSING__,FOODON,liquid,TRUE,aqueous,reviewed
FOODON:03309664,tofu food product,__ENVHARMONIZER_MISSING__,FOODON,solid,FALSE,__ENVHARMONIZER_MISSING__,upstream
FOODON:03309702,millet seed (dried),__ENVHARMONIZER_MISSING__,FOODON,solid,FALSE,solid,reviewed
FOODON:03309857,peanut oil,A mild-tasting vegetable oil derived from peanuts.,FOODON,liquid,FALSE,__ENVHARMONIZER_MISSING__,reviewed
FOODON:03309871,rice powder,Rice milled to a powdery consistency.,FOODON,solid,FALSE,solid,reviewed
FOODON:03309980,buckwheat flour,__ENVHARMONIZER_MISSING__,FOODON,solid,FALSE,solid,reviewed
FOODON:03309997,food material for animals,Food product for animal covers foods intended for consumption by domesticated animals.,FOODON,solid,FALSE,__ENVHARMONIZER_MISSING__,upstream
FOODON:03310002,soybean paste,__ENVHARMONIZER_MISSING__,FOODON,solid,FALSE,solid,reviewed
FOODON:03310006,fermented bean product,__ENVHARMONIZER_MISSING__,FOODON,solid,FALSE,__ENVHARMONIZER_MISSING__,upstream
FOODON:03310070,peppercorn,__ENVHARMONIZER_MISSING__,FOODON,solid,FALSE,__ENVHARMONIZER_MISSING__,upstream
FOODON:03310185,ghee,A type of clarified butter originating from the Indian subcontinent.,FOODON,solid,FALSE,solid,reviewed
FOODON:03310272,red wine,A type of wine made from dark-colored grape varieties.,FOODON,liquid,TRUE,aqueous,reviewed
FOODON:03310273,white wine,A wine that is fermented with little or no grape skin contact.,FOODON,liquid,TRUE,aqueous,reviewed
FOODON:03310351,butter,__ENVHARMONIZER_MISSING__,FOODON,solid,FALSE,solid,reviewed
FOODON:03310370,coriander,__ENVHARMONIZER_MISSING__,FOODON,solid,FALSE,solid,reviewed
FOODON:03310387,oil,__ENVHARMONIZER_MISSING__,FOODON,solid,FALSE,__ENVHARMONIZER_MISSING__,upstream
FOODON:03310646,legume,A seed of a legume plant in the family Fabaceae.,FOODON,solid,FALSE,__ENVHARMONIZER_MISSING__,upstream
FOODON:03310681,tapioca flour,__ENVHARMONIZER_MISSING__,FOODON,solid,FALSE,solid,reviewed
FOODON:03310719,animal fat food product,__ENVHARMONIZER_MISSING__,FOODON,solid,FALSE,__ENVHARMONIZER_MISSING__,upstream
FOODON:03310759,sparkling wine,__ENVHARMONIZER_MISSING__,FOODON,liquid,TRUE,aqueous,reviewed
FOODON:03310760,sherry,__ENVHARMONIZER_MISSING__,FOODON,liquid,TRUE,aqueous,reviewed
FOODON:03310788,apple (whole or pieces),A whole apple or some substance made from processed apple.,FOODON,solid,FALSE,__ENVHARMONIZER_MISSING__,upstream
FOODON:03310815,soft drink,__ENVHARMONIZER_MISSING__,FOODON,liquid,TRUE,aqueous,reviewed
FOODON:03310833,white corn flour,__ENVHARMONIZER_MISSING__,FOODON,solid,FALSE,solid,reviewed
FOODON:03311126,food (raw),Food material which is raw.,FOODON,solid,FALSE,__ENVHARMONIZER_MISSING__,upstream
FOODON:03311167,chive leaf (raw),A raw chive leaf,FOODON,solid,FALSE,solid,reviewed
FOODON:03311585,herbal tea,__ENVHARMONIZER_MISSING__,FOODON,solid,FALSE,solid,reviewed
FOODON:03311737,processed food,__ENVHARMONIZER_MISSING__,FOODON,solid,FALSE,__ENVHARMONIZER_MISSING__,upstream
FOODON:03315013,snack food,A snack is a small portion of food and generally eaten between meals.,FOODON,solid,FALSE,__ENVHARMONIZER_MISSING__,upstream
FOODON:03315026,essential oil,__ENVHARMONIZER_MISSING__,FOODON,liquid,FALSE,__ENVHARMONIZER_MISSING__,reviewed
FOODON:03315081,tea food product,"An aromatic beverage commonly prepared by pouring hot or boiling water over cured leaves of the Camellia sinensis, an evergreen shrub (bush) native to East Asia.",FOODON,solid,FALSE,solid,reviewed
FOODON:03315102,chicken egg material,Food material derived from a chicken egg.,FOODON,solid,FALSE,__ENVHARMONIZER_MISSING__,upstream
FOODON:03315106,orange,A hesperidium fruit of an orange tree (Citrus sinensis).,FOODON,solid,FALSE,solid,reviewed
FOODON:03315184,whole wheat kernel,A caryopsis fruit of a whole wheat wheat plant.,FOODON,solid,FALSE,solid,reviewed
FOODON:03315308,vegetable (whole or pieces),A whole vegetable or some substance made from a processed vegetable.,FOODON,solid,FALSE,__ENVHARMONIZER_MISSING__,upstream
FOODON:03315354,potato,A shoot axis tuber of a potato plant (Solanum tuberosum).,FOODON,solid,FALSE,solid,reviewed
FOODON:03315468,shellfish meat (whole or pieces),__ENVHARMONIZER_MISSING__,FOODON,solid,FALSE,__ENVHARMONIZER_MISSING__,upstream
FOODON:03315521,tallow (edible),"Tallow is a rendered form of beef or mutton fat, and is primarily made up of triglycerides. It is solid at room temperature.",FOODON,solid,FALSE,solid,reviewed
FOODON:03315552,juice beverage,__ENVHARMONIZER_MISSING__,FOODON,liquid,TRUE,aqueous,reviewed
FOODON:03315614,berry product,__ENVHARMONIZER_MISSING__,FOODON,solid,FALSE,__ENVHARMONIZER_MISSING__,upstream
FOODON:03315615,fruit food product,__ENVHARMONIZER_MISSING__,FOODON,solid,FALSE,__ENVHARMONIZER_MISSING__,upstream
FOODON:03315904,meat sausage,A food product that is highly seasoned minced meat and is encased in a skin in the shape of a cylinder.,FOODON,solid,FALSE,solid,reviewed
FOODON:03316034,snack (potato-based),__ENVHARMONIZER_MISSING__,FOODON,solid,FALSE,__ENVHARMONIZER_MISSING__,upstream
FOODON:03316046,poultry fat,Fat derived from a poultry.,FOODON,solid,FALSE,__ENVHARMONIZER_MISSING__,upstream
FOODON:03316061,chicken egg,An egg which is produced by an oviperous chicken.,FOODON,solid,FALSE,__ENVHARMONIZER_MISSING__,upstream
FOODON:03316079,herbal infusion,__ENVHARMONIZER_MISSING__,FOODON,solid,FALSE,__ENVHARMONIZER_MISSING__,upstream
FOODON:03316271,sugar product,__ENVHARMONIZER_MISSING__,FOODON,solid,FALSE,__ENVHARMONIZER_MISSING__,upstream
FOODON:03316347,onion,A bulb of an onion plant (Allium cepa).,FOODON,solid,FALSE,solid,reviewed
FOODON:03316579,multi-component plant food product,__ENVHARMONIZER_MISSING__,FOODON,solid,FALSE,__ENVHARMONIZER_MISSING__,upstream
FOODON:03317170,meat (whole or pieces),A meat product is a product organized by the form of - or processing done to - its meat component (a skeletal meat part of an animal or crustacean).,FOODON,solid,FALSE,__ENVHARMONIZER_MISSING__,upstream
FOODON:03317238,spice (capsicum-based),__ENVHARMONIZER_MISSING__,FOODON,solid,FALSE,__ENVHARMONIZER_MISSING__,upstream
FOODON:03317423,food for infants or young children,__ENVHARMONIZER_MISSING__,FOODON,solid,FALSE,solid,reviewed
FOODON:03411021,fish or lower water animal,"An aquatic animal is an animal, either vertebrate or invertebrate, which lives in the water for most or all of its lifetime.",FOODON,solid,FALSE,__ENVHARMONIZER_MISSING__,upstream
FOODON:03411041,chemical food component,A food material which is a chemical or chemical mixture that exists in a food material or was added to a food material.,FOODON,solid,FALSE,__ENVHARMONIZER_MISSING__,upstream
FOODON:03411058,"vegetable-producing plant, most parts",__ENVHARMONIZER_MISSING__,FOODON,solid,FALSE,__ENVHARMONIZER_MISSING__,upstream
FOODON:03411237,shrimp,A whole shrimp.,FOODON,solid,FALSE,solid,reviewed
FOODON:03411374,crustacean,"Crustaceans form a large, diverse arthropod taxon which includes such familiar animals as crabs, lobsters, crayfish, shrimp, krill, woodlice, and barnacles. [https://en.wikipedia.org/wiki/Crustacean]",FOODON,solid,FALSE,__ENVHARMONIZER_MISSING__,upstream
FOODON:03411433,shellfish species,"The term shellfish is used both broadly and specifically. For regulatory purposes it is often narrowly defined as filter-feeding molluscs such as clams, mussels, and oyster to the exclusion of crustaceans and all else. Although their shells may differ, all shellfish are invertebrates.",FOODON,solid,FALSE,__ENVHARMONIZER_MISSING__,upstream
FOODON:03411478,scallion plant,"An edible plant of various *Allium* species, all of which are ""onion-like"", having hollow green leaves and lacking a fully developed root bulb.",FOODON,solid,FALSE,__ENVHARMONIZER_MISSING__,upstream
FOODON:03411579,vegetable-producing plant,__ENVHARMONIZER_MISSING__,FOODON,solid,FALSE,__ENVHARMONIZER_MISSING__,upstream
FOODON:03411998,decapod,"The Decapoda or decapods (literally ""ten-footed"") are an order of crustaceans within the class Malacostraca, including many familiar groups, such as crayfish, crabs, lobsters, prawns, and shrimp. Most decapods are scavengers. [https://en.wikipedia.org/wiki/Decapoda]",FOODON,solid,FALSE,__ENVHARMONIZER_MISSING__,upstream
FOODON:03412972,food additive,__ENVHARMONIZER_MISSING__,FOODON,solid,FALSE,__ENVHARMONIZER_MISSING__,upstream
FOODON:03413114,guar gum,__ENVHARMONIZER_MISSING__,FOODON,solid,FALSE,solid,reviewed
FOODON:03413357,plant by taxonomy,__ENVHARMONIZER_MISSING__,FOODON,solid,FALSE,__ENVHARMONIZER_MISSING__,upstream
FOODON:03414302,allium species,"Allium is a genus of monocotyledonous flowering plants that includes hundreds of species, including the cultivated onion, garlic, scallion, shallot, leek, and chives. [https://en.wikipedia.org/wiki/Allium]",FOODON,solid,FALSE,__ENVHARMONIZER_MISSING__,upstream
FOODON:03420102,germinated or sprouted seed,A seed which has germinated and put out shoots.,FOODON,solid,FALSE,__ENVHARMONIZER_MISSING__,upstream
FOODON:03420106,digestive system organ,__ENVHARMONIZER_MISSING__,FOODON,solid,FALSE,__ENVHARMONIZER_MISSING__,upstream
FOODON:03420116,organism material,Material which is distinguished primarily by the organism(s) it derives from.,FOODON,solid,FALSE,__ENVHARMONIZER_MISSING__,upstream
FOODON:03420133,"seed, skin present, germ present","Whole grains are cereal grains (NT of *GRAIN [B1324]*) that consist of the intact, ground, cracked or flaked caryopsis, whose principal anatomical components - the starchy endosperm, germ and bran - are present in the same relative proportions as they exist in the intact caryopsis - should be considered a whole grain food.
This definition means that 100% of the original kernel all of the bran, germ, and endosperm must be present to qualify as a whole grain.
Whole grains or foods made from them contain all the essential parts and naturally-occurring nutrients of the entire grain seed. If the grain has been processed (e.g., cracked, crushed, rolled, extruded, and/or cooked), the food product should deliver approximately the same rich balance of nutrients that are found in the original grain seed.[http://www.fda.gov/Food/GuidanceComplianceRegulatoryInformation/GuidanceDocuments/FoodLabelingNutrition/ucm059088.htm]",FOODON,solid,FALSE,__ENVHARMONIZER_MISSING__,upstream
FOODON:03420134,"seed, skin removed",__ENVHARMONIZER_MISSING__,FOODON,solid,FALSE,__ENVHARMONIZER_MISSING__,upstream
FOODON:03420135,"seed, skin present",__ENVHARMONIZER_MISSING__,FOODON,solid,FALSE,__ENVHARMONIZER_MISSING__,upstream
FOODON:03420157,white sugar,"White sugar is highly refined crystalline sugar, mostly sucrose, that appears white in color.  White sugar is commonly used in North America and Europe, made either of beet sugar or cane sugar, that has undergone a refining process which removes molasses.",FOODON,solid,FALSE,solid,reviewed
FOODON:03420164,animal material,Material that derives from one or more animals,FOODON,solid,FALSE,__ENVHARMONIZER_MISSING__,upstream
FOODON:03420178,seed part,__ENVHARMONIZER_MISSING__,FOODON,solid,FALSE,__ENVHARMONIZER_MISSING__,upstream
FOODON:03420190,fat or oil,"Food substance or component consisting predominantly of mixed glycerol esters of fatty acids and, in far lesser amounts, of fatty acids, sterols and pigments. A fat is a solid at room temperature, an oil is a liquid at room temperature (20 degrees C.). Excludes essential oils.",FOODON,solid,FALSE,__ENVHARMONIZER_MISSING__,upstream
FOODON:03420208,"seed, skin removed, germ removed (endosperm)",The bulk of a seed; germ and bran are removed.,FOODON,solid,FALSE,__ENVHARMONIZER_MISSING__,upstream
FOODON:03420218,animal organ by physiological system,"Edible organ meat, including blood and bone marrow.",FOODON,solid,FALSE,__ENVHARMONIZER_MISSING__,upstream
FOODON:03420228,"extract, concentrate or isolate of plant or animal","A physical-chemical component separated from the food source or its parts by extraction, centrifugation, filtration, heat processing, expressing or a similar process. The separated component may be converted through further processing. If this is done, the final substance is indexed. A water-extracted component may remain in aqueous dispersion. The extract, concentrate or isolate is indexed in preference to the anatomic part from which it is derived. For example, peanut oil is indexed under *PEANUT* combined wih *FAT OR OIL* rather than with *SEED OR KERNEL*. On the other hand, fruit and vegetable juices can be indexed under *FRUIT JUICE OR NECTAR* or *VEGETABLE JUICE* (A. PRODUCT TYPE); therefore the anatomic part of the plant should be indexed.",FOODON,solid,FALSE,__ENVHARMONIZER_MISSING__,upstream
FOODON:03420307,seed oil,"The oil produced by pressing or extracting lipids from plant seeds (e.g. grapeseed oil, rapeseed oil, linseed oil) /AM",FOODON,solid,FALSE,__ENVHARMONIZER_MISSING__,upstream
FOODON:03430130,food (liquid),"A state of matter between a solid and a gas, in which a substance has the capacity to flow and conforms to the shape of the container.",FOODON,solid,FALSE,__ENVHARMONIZER_MISSING__,upstream
FOODON:03460177,plant seed or nut food product,__ENVHARMONIZER_MISSING__,FOODON,solid,FALSE,__ENVHARMONIZER_MISSING__,upstream
FOODON:03460231,chocolate or cocoa,__ENVHARMONIZER_MISSING__,FOODON,solid,FALSE,__ENVHARMONIZER_MISSING__,upstream
FOODON:03460263,vegetable fat or oil,A fat or oil derived from vegetable material,FOODON,solid,FALSE,__ENVHARMONIZER_MISSING__,upstream
