child_id,parent_id,relation,source,assertion_mode,reviewed_by,reviewed_at,notes
AMH:0000001,ENVO:02000020,is_a,amosharmonizer,reviewed,seanthimons,2026-08-10,Local specificity retained pending an upstream matrix term.
AMH:0000002,ENVO:02000020,is_a,amosharmonizer,reviewed,seanthimons,2026-08-10,Local specificity retained pending an upstream matrix term.
AMH:0000003,ENVO:00002006,is_a,amosharmonizer,reviewed,seanthimons,2026-08-10,Reviewed water-based compatibility term.
AMH:0000004,ENVO:00002007,is_a,amosharmonizer,reviewed,seanthimons,2026-08-10,Local analytical-matrix specialization.
AMH:0000005,ENVO:00002007,is_a,amosharmonizer,reviewed,seanthimons,2026-08-10,Local analytical-matrix specialization.
AMH:0000006,ENVO:00010483,is_a,amosharmonizer,reviewed,seanthimons,2026-08-10,Structural parent for non-aqueous compatibility terms.
AMH:0000007,AMH:0000006,is_a,amosharmonizer,reviewed,seanthimons,2026-08-10,No aqueous unit route.
AMH:0000008,AMH:0000006,is_a,amosharmonizer,reviewed,seanthimons,2026-08-10,No aqueous unit route.
AMH:0000009,AMH:0000006,is_a,amosharmonizer,reviewed,seanthimons,2026-08-10,No aqueous unit route.
AMH:0000010,AMH:0000006,is_a,amosharmonizer,reviewed,seanthimons,2026-08-10,No aqueous unit route.
AMH:0000011,AMH:0000006,is_a,amosharmonizer,reviewed,seanthimons,2026-08-10,No aqueous unit route.
AMH:0000012,AMH:0000006,is_a,amosharmonizer,reviewed,seanthimons,2026-08-10,No aqueous unit route.
AMH:0000013,AMH:0000006,is_a,amosharmonizer,reviewed,seanthimons,2026-08-10,No aqueous unit route.
AMH:0000014,AMH:0000006,is_a,amosharmonizer,reviewed,seanthimons,2026-08-10,No aqueous unit route.
AMH:0000015,ENVO:00002007,is_a,amosharmonizer,reviewed,seanthimons,2026-08-10,A real mixture is one term rather than separate coverage assertions.
AMH:0000016,AMH:0000006,is_a,amosharmonizer,reviewed,seanthimons,2026-08-10,A real mixture is one term.
AMH:0000017,ENVO:00002006,is_a,amosharmonizer,reviewed,seanthimons,2026-08-10,Reviewed local laboratory-water term.
AMH:0000018,ENVO:00002006,is_a,amosharmonizer,reviewed,seanthimons,2026-08-10,Reviewed local laboratory-water term.
AMH:0000019,ENVO:00002006,is_a,amosharmonizer,reviewed,seanthimons,2026-08-10,Trademark retained only as source terminology.
AMH:0000020,ENVO:00002042,is_a,amosharmonizer,reviewed,seanthimons,2026-08-10,Reviewed water-based matrix term.
AMH:0000021,ENVO:00010483,is_a,amosharmonizer,reviewed,seanthimons,2026-08-10,Solid routing follows analyzed fraction.
AMH:0000022,ENVO:00010483,is_a,amosharmonizer,reviewed,seanthimons,2026-08-10,Solid routing follows analyzed fraction.
AMH:0000023,ENVO:00002005,is_a,amosharmonizer,reviewed,seanthimons,2026-08-10,Compatibility specialization.
AMH:0000024,ENVO:00010483,is_a,amosharmonizer,reviewed,seanthimons,2026-08-10,Gas-phase compatibility term.
AMH:0000025,ENVO:00010483,is_a,amosharmonizer,reviewed,seanthimons,2026-08-10,Physical complexity is retained in definition; CONCERT compatibility is air.
AMH:0000026,ENVO:00010483,is_a,amosharmonizer,reviewed,seanthimons,2026-08-10,Legacy compatibility grouping retained as a reviewed terminal fallback.
AMH:0000027,AMH:0000006,is_a,amosharmonizer,reviewed,seanthimons,2026-08-10,No aqueous route without explicit water evidence.
AMH:0000028,ENVO:02000020,is_a,amosharmonizer,reviewed,seanthimons,2026-08-10,Reviewed compatibility grouping.
AMH:0000029,ENVO:00002011,is_a,amosharmonizer,reviewed,seanthimons,2026-08-10,Distinguishes water from the lake feature itself.
AMH:0000030,AMH:0000006,is_a,amosharmonizer,reviewed,seanthimons,2026-08-10,No aqueous unit route.
AMH:0000031,AMH:0000050,is_a,amosharmonizer,reviewed,seanthimons,2026-09-03,Reviewed tissue grouping under body-derived material.
AMH:0000031,ENVO:00010483,is_a,amosharmonizer,reviewed,seanthimons,2026-08-10,The prior ENVO identifier now denotes an ecosystem conversion process.
AMH:0000032,ENVO:00010483,is_a,amosharmonizer,reviewed,seanthimons,2026-08-10,The former ENVO food product term is obsolete and points outside ENVO.
AMH:0000033,ENVO:00002005,is_a,amosharmonizer,reviewed,seanthimons,2026-08-10,The prior ENVO identifier now denotes an exterior wall.
AMH:0000034,AMH:0000028,is_a,amosharmonizer,reviewed,seanthimons,2026-08-20,Biological fluid specialization for the clinical matrix cluster.
AMH:0000035,AMH:0000031,is_a,amosharmonizer,reviewed,seanthimons,2026-08-20,Organ-tissue specialization under tissue.
AMH:0000036,AMH:0000031,is_a,amosharmonizer,reviewed,seanthimons,2026-08-20,Organ-tissue specialization under tissue.
AMH:0000037,AMH:0000031,is_a,amosharmonizer,reviewed,seanthimons,2026-08-20,Organ-tissue specialization under tissue.
AMH:0000038,AMH:0000006,is_a,amosharmonizer,reviewed,seanthimons,2026-08-20,Non-aqueous liquid grouping for diesel/jet fuel/biodiesel.
AMH:0000039,AMH:0000031,is_a,amosharmonizer,reviewed,seanthimons,2026-08-20,Organ-tissue specialization under tissue.
AMH:0000040,AMH:0000031,is_a,amosharmonizer,reviewed,seanthimons,2026-08-20,Organ-tissue specialization under tissue.
AMH:0000041,AMH:0000050,is_a,amosharmonizer,reviewed,seanthimons,2026-09-03,Reviewed fecal material under body-derived material.
AMH:0000041,ENVO:00010483,is_a,amosharmonizer,reviewed,seanthimons,2026-08-20,Excreta solid matrix.
AMH:0000042,ENVO:00010483,is_a,amosharmonizer,reviewed,seanthimons,2026-08-20,Grouping for plastics/polymers/rubber matrices.
AMH:0000043,ENVO:00010483,is_a,amosharmonizer,reviewed,seanthimons,2026-08-20,High-volume plant-drug matrix; no suitable FoodOn food term.
AMH:0000044,ENVO:00010483,is_a,amosharmonizer,reviewed,seanthimons,2026-08-20,Analyzed material matrix (dyes/flame retardants in the product); not a collection medium.
AMH:0000050,AMH:0000049,is_a,amosharmonizer,reviewed,seanthimons,2026-09-03,Query root for biota tissue bodily fluid and fecal matrices.
ENVO:00000003,ENVO:0010001,is_a,ENVO,upstream,__ENVHARMONIZER_MISSING__,__ENVHARMONIZER_MISSING__,__ENVHARMONIZER_MISSING__
ENVO:00000134,ENVO:00010483,is_a,ENVO,upstream,__ENVHARMONIZER_MISSING__,__ENVHARMONIZER_MISSING__,__ENVHARMONIZER_MISSING__
ENVO:00000194,ENVO:01000814,is_a,ENVO,upstream,__ENVHARMONIZER_MISSING__,__ENVHARMONIZER_MISSING__,__ENVHARMONIZER_MISSING__
ENVO:00000338,ENVO:02000019,is_a,ENVO,upstream,__ENVHARMONIZER_MISSING__,__ENVHARMONIZER_MISSING__,__ENVHARMONIZER_MISSING__
ENVO:00000546,ENVO:00002007,is_a,ENVO,upstream,__ENVHARMONIZER_MISSING__,__ENVHARMONIZER_MISSING__,__ENVHARMONIZER_MISSING__
ENVO:00001995,ENVO:01000814,is_a,ENVO,upstream,__ENVHARMONIZER_MISSING__,__ENVHARMONIZER_MISSING__,__ENVHARMONIZER_MISSING__
ENVO:00001998,ENVO:00010483,is_a,ENVO,upstream,__ENVHARMONIZER_MISSING__,__ENVHARMONIZER_MISSING__,__ENVHARMONIZER_MISSING__
ENVO:00001998,ENVO:01000813,is_a,ENVO,upstream,__ENVHARMONIZER_MISSING__,__ENVHARMONIZER_MISSING__,__ENVHARMONIZER_MISSING__
ENVO:00002001,ENVO:00002186,is_a,ENVO,upstream,__ENVHARMONIZER_MISSING__,__ENVHARMONIZER_MISSING__,__ENVHARMONIZER_MISSING__
ENVO:00002001,ENVO:00002264,is_a,ENVO,upstream,__ENVHARMONIZER_MISSING__,__ENVHARMONIZER_MISSING__,__ENVHARMONIZER_MISSING__
ENVO:00002003,ENVO:02000022,is_a,ENVO,upstream,__ENVHARMONIZER_MISSING__,__ENVHARMONIZER_MISSING__,__ENVHARMONIZER_MISSING__
ENVO:00002005,ENVO:01000797,is_a,ENVO,upstream,__ENVHARMONIZER_MISSING__,__ENVHARMONIZER_MISSING__,__ENVHARMONIZER_MISSING__
ENVO:00002006,ENVO:01000815,is_a,ENVO,upstream,__ENVHARMONIZER_MISSING__,__ENVHARMONIZER_MISSING__,__ENVHARMONIZER_MISSING__
ENVO:00002007,ENVO:01000060,is_a,ENVO,upstream,__ENVHARMONIZER_MISSING__,__ENVHARMONIZER_MISSING__,__ENVHARMONIZER_MISSING__
ENVO:00002008,ENVO:01000060,is_a,ENVO,upstream,__ENVHARMONIZER_MISSING__,__ENVHARMONIZER_MISSING__,__ENVHARMONIZER_MISSING__
ENVO:00002008,ENVO:01000814,is_a,ENVO,upstream,__ENVHARMONIZER_MISSING__,__ENVHARMONIZER_MISSING__,__ENVHARMONIZER_MISSING__
ENVO:00002010,ENVO:00002006,is_a,ENVO,upstream,__ENVHARMONIZER_MISSING__,__ENVHARMONIZER_MISSING__,__ENVHARMONIZER_MISSING__
ENVO:00002011,ENVO:00002006,is_a,ENVO,upstream,__ENVHARMONIZER_MISSING__,__ENVHARMONIZER_MISSING__,__ENVHARMONIZER_MISSING__
ENVO:00002012,ENVO:00002010,is_a,ENVO,upstream,__ENVHARMONIZER_MISSING__,__ENVHARMONIZER_MISSING__,__ENVHARMONIZER_MISSING__
ENVO:00002013,ENVO:00001995,is_a,ENVO,upstream,__ENVHARMONIZER_MISSING__,__ENVHARMONIZER_MISSING__,__ENVHARMONIZER_MISSING__
ENVO:00002014,ENVO:00002013,is_a,ENVO,upstream,__ENVHARMONIZER_MISSING__,__ENVHARMONIZER_MISSING__,__ENVHARMONIZER_MISSING__
ENVO:00002015,ENVO:00001995,is_a,ENVO,upstream,__ENVHARMONIZER_MISSING__,__ENVHARMONIZER_MISSING__,__ENVHARMONIZER_MISSING__
ENVO:00002016,ENVO:00001995,is_a,ENVO,upstream,__ENVHARMONIZER_MISSING__,__ENVHARMONIZER_MISSING__,__ENVHARMONIZER_MISSING__
ENVO:00002017,ENVO:00001995,is_a,ENVO,upstream,__ENVHARMONIZER_MISSING__,__ENVHARMONIZER_MISSING__,__ENVHARMONIZER_MISSING__
ENVO:00002018,ENVO:00002001,is_a,ENVO,upstream,__ENVHARMONIZER_MISSING__,__ENVHARMONIZER_MISSING__,__ENVHARMONIZER_MISSING__
ENVO:00002019,ENVO:00002010,is_a,ENVO,upstream,__ENVHARMONIZER_MISSING__,__ENVHARMONIZER_MISSING__,__ENVHARMONIZER_MISSING__
ENVO:00002040,ENVO:01000155,is_a,ENVO,upstream,__ENVHARMONIZER_MISSING__,__ENVHARMONIZER_MISSING__,__ENVHARMONIZER_MISSING__
ENVO:00002040,ENVO:01000814,is_a,ENVO,upstream,__ENVHARMONIZER_MISSING__,__ENVHARMONIZER_MISSING__,__ENVHARMONIZER_MISSING__
ENVO:00002042,ENVO:00002006,is_a,ENVO,upstream,__ENVHARMONIZER_MISSING__,__ENVHARMONIZER_MISSING__,__ENVHARMONIZER_MISSING__
ENVO:00002044,ENVO:0010001,is_a,ENVO,upstream,__ENVHARMONIZER_MISSING__,__ENVHARMONIZER_MISSING__,__ENVHARMONIZER_MISSING__
ENVO:00002045,ENVO:00002007,is_a,ENVO,upstream,__ENVHARMONIZER_MISSING__,__ENVHARMONIZER_MISSING__,__ENVHARMONIZER_MISSING__
ENVO:00002046,ENVO:00002044,is_a,ENVO,upstream,__ENVHARMONIZER_MISSING__,__ENVHARMONIZER_MISSING__,__ENVHARMONIZER_MISSING__
ENVO:00002047,ENVO:02000022,is_a,ENVO,upstream,__ENVHARMONIZER_MISSING__,__ENVHARMONIZER_MISSING__,__ENVHARMONIZER_MISSING__
ENVO:00002053,ENVO:00002016,is_a,ENVO,upstream,__ENVHARMONIZER_MISSING__,__ENVHARMONIZER_MISSING__,__ENVHARMONIZER_MISSING__
ENVO:00002054,ENVO:00002053,is_a,ENVO,upstream,__ENVHARMONIZER_MISSING__,__ENVHARMONIZER_MISSING__,__ENVHARMONIZER_MISSING__
ENVO:00002055,ENVO:01000271,is_a,ENVO,upstream,__ENVHARMONIZER_MISSING__,__ENVHARMONIZER_MISSING__,__ENVHARMONIZER_MISSING__
ENVO:00002056,ENVO:01000271,is_a,ENVO,upstream,__ENVHARMONIZER_MISSING__,__ENVHARMONIZER_MISSING__,__ENVHARMONIZER_MISSING__
ENVO:00002057,ENVO:00002044,is_a,ENVO,upstream,__ENVHARMONIZER_MISSING__,__ENVHARMONIZER_MISSING__,__ENVHARMONIZER_MISSING__
ENVO:00002058,ENVO:00002044,is_a,ENVO,upstream,__ENVHARMONIZER_MISSING__,__ENVHARMONIZER_MISSING__,__ENVHARMONIZER_MISSING__
ENVO:00002059,ENVO:00002044,is_a,ENVO,upstream,__ENVHARMONIZER_MISSING__,__ENVHARMONIZER_MISSING__,__ENVHARMONIZER_MISSING__
ENVO:00002060,ENVO:00002176,is_a,ENVO,upstream,__ENVHARMONIZER_MISSING__,__ENVHARMONIZER_MISSING__,__ENVHARMONIZER_MISSING__
ENVO:00002113,ENVO:03000033,is_a,ENVO,upstream,__ENVHARMONIZER_MISSING__,__ENVHARMONIZER_MISSING__,__ENVHARMONIZER_MISSING__
ENVO:00002114,ENVO:00002007,is_a,ENVO,upstream,__ENVHARMONIZER_MISSING__,__ENVHARMONIZER_MISSING__,__ENVHARMONIZER_MISSING__
ENVO:00002115,ENVO:00002202,is_a,ENVO,upstream,__ENVHARMONIZER_MISSING__,__ENVHARMONIZER_MISSING__,__ENVHARMONIZER_MISSING__
ENVO:00002116,ENVO:00003082,is_a,ENVO,upstream,__ENVHARMONIZER_MISSING__,__ENVHARMONIZER_MISSING__,__ENVHARMONIZER_MISSING__
ENVO:00002117,ENVO:00002116,is_a,ENVO,upstream,__ENVHARMONIZER_MISSING__,__ENVHARMONIZER_MISSING__,__ENVHARMONIZER_MISSING__
ENVO:00002118,ENVO:01000017,is_a,ENVO,upstream,__ENVHARMONIZER_MISSING__,__ENVHARMONIZER_MISSING__,__ENVHARMONIZER_MISSING__
ENVO:00002122,ENVO:01000001,is_a,ENVO,upstream,__ENVHARMONIZER_MISSING__,__ENVHARMONIZER_MISSING__,__ENVHARMONIZER_MISSING__
ENVO:00002127,ENVO:00002007,is_a,ENVO,upstream,__ENVHARMONIZER_MISSING__,__ENVHARMONIZER_MISSING__,__ENVHARMONIZER_MISSING__
ENVO:00002129,ENVO:00002044,is_a,ENVO,upstream,__ENVHARMONIZER_MISSING__,__ENVHARMONIZER_MISSING__,__ENVHARMONIZER_MISSING__
ENVO:00002133,ENVO:01000001,is_a,ENVO,upstream,__ENVHARMONIZER_MISSING__,__ENVHARMONIZER_MISSING__,__ENVHARMONIZER_MISSING__
ENVO:00002134,ENVO:00002045,is_a,ENVO,upstream,__ENVHARMONIZER_MISSING__,__ENVHARMONIZER_MISSING__,__ENVHARMONIZER_MISSING__
ENVO:00002134,ENVO:00002127,is_a,ENVO,upstream,__ENVHARMONIZER_MISSING__,__ENVHARMONIZER_MISSING__,__ENVHARMONIZER_MISSING__
ENVO:00002135,ENVO:00002040,is_a,ENVO,upstream,__ENVHARMONIZER_MISSING__,__ENVHARMONIZER_MISSING__,__ENVHARMONIZER_MISSING__
ENVO:00002136,ENVO:00002135,is_a,ENVO,upstream,__ENVHARMONIZER_MISSING__,__ENVHARMONIZER_MISSING__,__ENVHARMONIZER_MISSING__
ENVO:00002138,ENVO:01000017,is_a,ENVO,upstream,__ENVHARMONIZER_MISSING__,__ENVHARMONIZER_MISSING__,__ENVHARMONIZER_MISSING__
ENVO:00002138,ENVO:01000813,is_a,ENVO,upstream,__ENVHARMONIZER_MISSING__,__ENVHARMONIZER_MISSING__,__ENVHARMONIZER_MISSING__
ENVO:00002141,ENVO:00002006,is_a,ENVO,upstream,__ENVHARMONIZER_MISSING__,__ENVHARMONIZER_MISSING__,__ENVHARMONIZER_MISSING__
ENVO:00002142,ENVO:00002141,is_a,ENVO,upstream,__ENVHARMONIZER_MISSING__,__ENVHARMONIZER_MISSING__,__ENVHARMONIZER_MISSING__
ENVO:00002145,ENVO:00003081,is_a,ENVO,upstream,__ENVHARMONIZER_MISSING__,__ENVHARMONIZER_MISSING__,__ENVHARMONIZER_MISSING__
ENVO:00002146,ENVO:00002116,is_a,ENVO,upstream,__ENVHARMONIZER_MISSING__,__ENVHARMONIZER_MISSING__,__ENVHARMONIZER_MISSING__
ENVO:00002147,ENVO:00000546,is_a,ENVO,upstream,__ENVHARMONIZER_MISSING__,__ENVHARMONIZER_MISSING__,__ENVHARMONIZER_MISSING__
ENVO:00002148,ENVO:00002138,is_a,ENVO,upstream,__ENVHARMONIZER_MISSING__,__ENVHARMONIZER_MISSING__,__ENVHARMONIZER_MISSING__
ENVO:00002149,ENVO:00002010,is_a,ENVO,upstream,__ENVHARMONIZER_MISSING__,__ENVHARMONIZER_MISSING__,__ENVHARMONIZER_MISSING__
ENVO:00002150,ENVO:00002149,is_a,ENVO,upstream,__ENVHARMONIZER_MISSING__,__ENVHARMONIZER_MISSING__,__ENVHARMONIZER_MISSING__
ENVO:00002154,ENVO:00002114,is_a,ENVO,upstream,__ENVHARMONIZER_MISSING__,__ENVHARMONIZER_MISSING__,__ENVHARMONIZER_MISSING__
ENVO:00002155,ENVO:00002154,is_a,ENVO,upstream,__ENVHARMONIZER_MISSING__,__ENVHARMONIZER_MISSING__,__ENVHARMONIZER_MISSING__
ENVO:00002158,ENVO:00002011,is_a,ENVO,upstream,__ENVHARMONIZER_MISSING__,__ENVHARMONIZER_MISSING__,__ENVHARMONIZER_MISSING__
ENVO:00002158,ENVO:01000813,is_a,ENVO,upstream,__ENVHARMONIZER_MISSING__,__ENVHARMONIZER_MISSING__,__ENVHARMONIZER_MISSING__
ENVO:00002159,ENVO:00002006,is_a,ENVO,upstream,__ENVHARMONIZER_MISSING__,__ENVHARMONIZER_MISSING__,__ENVHARMONIZER_MISSING__
ENVO:00002160,ENVO:01000001,is_a,ENVO,upstream,__ENVHARMONIZER_MISSING__,__ENVHARMONIZER_MISSING__,__ENVHARMONIZER_MISSING__
ENVO:00002160,ENVO:01000813,is_a,ENVO,upstream,__ENVHARMONIZER_MISSING__,__ENVHARMONIZER_MISSING__,__ENVHARMONIZER_MISSING__
ENVO:00002164,ENVO:01000814,is_a,ENVO,upstream,__ENVHARMONIZER_MISSING__,__ENVHARMONIZER_MISSING__,__ENVHARMONIZER_MISSING__
ENVO:00002170,ENVO:03501300,is_a,ENVO,upstream,__ENVHARMONIZER_MISSING__,__ENVHARMONIZER_MISSING__,__ENVHARMONIZER_MISSING__
ENVO:00002171,ENVO:00002170,is_a,ENVO,upstream,__ENVHARMONIZER_MISSING__,__ENVHARMONIZER_MISSING__,__ENVHARMONIZER_MISSING__
ENVO:00002176,ENVO:00002044,is_a,ENVO,upstream,__ENVHARMONIZER_MISSING__,__ENVHARMONIZER_MISSING__,__ENVHARMONIZER_MISSING__
ENVO:00002177,ENVO:00002176,is_a,ENVO,upstream,__ENVHARMONIZER_MISSING__,__ENVHARMONIZER_MISSING__,__ENVHARMONIZER_MISSING__
ENVO:00002179,ENVO:00002007,is_a,ENVO,upstream,__ENVHARMONIZER_MISSING__,__ENVHARMONIZER_MISSING__,__ENVHARMONIZER_MISSING__
ENVO:00002180,ENVO:00002202,is_a,ENVO,upstream,__ENVHARMONIZER_MISSING__,__ENVHARMONIZER_MISSING__,__ENVHARMONIZER_MISSING__
ENVO:00002182,ENVO:00002202,is_a,ENVO,upstream,__ENVHARMONIZER_MISSING__,__ENVHARMONIZER_MISSING__,__ENVHARMONIZER_MISSING__
ENVO:00002186,ENVO:00002006,is_a,ENVO,upstream,__ENVHARMONIZER_MISSING__,__ENVHARMONIZER_MISSING__,__ENVHARMONIZER_MISSING__
ENVO:00002191,ENVO:00010483,is_a,ENVO,upstream,__ENVHARMONIZER_MISSING__,__ENVHARMONIZER_MISSING__,__ENVHARMONIZER_MISSING__
ENVO:00002192,ENVO:00002191,is_a,ENVO,upstream,__ENVHARMONIZER_MISSING__,__ENVHARMONIZER_MISSING__,__ENVHARMONIZER_MISSING__
ENVO:00002193,ENVO:00002001,is_a,ENVO,upstream,__ENVHARMONIZER_MISSING__,__ENVHARMONIZER_MISSING__,__ENVHARMONIZER_MISSING__
ENVO:00002194,ENVO:00002006,is_a,ENVO,upstream,__ENVHARMONIZER_MISSING__,__ENVHARMONIZER_MISSING__,__ENVHARMONIZER_MISSING__
ENVO:00002200,ENVO:01001557,is_a,ENVO,upstream,__ENVHARMONIZER_MISSING__,__ENVHARMONIZER_MISSING__,__ENVHARMONIZER_MISSING__
ENVO:00002201,ENVO:00002202,is_a,ENVO,upstream,__ENVHARMONIZER_MISSING__,__ENVHARMONIZER_MISSING__,__ENVHARMONIZER_MISSING__
ENVO:00002202,ENVO:00002114,is_a,ENVO,upstream,__ENVHARMONIZER_MISSING__,__ENVHARMONIZER_MISSING__,__ENVHARMONIZER_MISSING__
ENVO:00002203,ENVO:00002114,is_a,ENVO,upstream,__ENVHARMONIZER_MISSING__,__ENVHARMONIZER_MISSING__,__ENVHARMONIZER_MISSING__
ENVO:00002206,ENVO:00002267,is_a,ENVO,upstream,__ENVHARMONIZER_MISSING__,__ENVHARMONIZER_MISSING__,__ENVHARMONIZER_MISSING__
ENVO:00002206,ENVO:01000813,is_a,ENVO,upstream,__ENVHARMONIZER_MISSING__,__ENVHARMONIZER_MISSING__,__ENVHARMONIZER_MISSING__
ENVO:00002207,ENVO:00002206,is_a,ENVO,upstream,__ENVHARMONIZER_MISSING__,__ENVHARMONIZER_MISSING__,__ENVHARMONIZER_MISSING__
ENVO:00002209,ENVO:00000546,is_a,ENVO,upstream,__ENVHARMONIZER_MISSING__,__ENVHARMONIZER_MISSING__,__ENVHARMONIZER_MISSING__
ENVO:00002212,ENVO:00002044,is_a,ENVO,upstream,__ENVHARMONIZER_MISSING__,__ENVHARMONIZER_MISSING__,__ENVHARMONIZER_MISSING__
ENVO:00002223,ENVO:00002006,is_a,ENVO,upstream,__ENVHARMONIZER_MISSING__,__ENVHARMONIZER_MISSING__,__ENVHARMONIZER_MISSING__
ENVO:00002224,ENVO:00002006,is_a,ENVO,upstream,__ENVHARMONIZER_MISSING__,__ENVHARMONIZER_MISSING__,__ENVHARMONIZER_MISSING__
ENVO:00002225,ENVO:00002006,is_a,ENVO,upstream,__ENVHARMONIZER_MISSING__,__ENVHARMONIZER_MISSING__,__ENVHARMONIZER_MISSING__
ENVO:00002228,ENVO:00002011,is_a,ENVO,upstream,__ENVHARMONIZER_MISSING__,__ENVHARMONIZER_MISSING__,__ENVHARMONIZER_MISSING__
ENVO:00002228,ENVO:01000813,is_a,ENVO,upstream,__ENVHARMONIZER_MISSING__,__ENVHARMONIZER_MISSING__,__ENVHARMONIZER_MISSING__
ENVO:00002229,ENVO:00001998,is_a,ENVO,upstream,__ENVHARMONIZER_MISSING__,__ENVHARMONIZER_MISSING__,__ENVHARMONIZER_MISSING__
ENVO:00002230,ENVO:00001998,is_a,ENVO,upstream,__ENVHARMONIZER_MISSING__,__ENVHARMONIZER_MISSING__,__ENVHARMONIZER_MISSING__
ENVO:00002230,ENVO:0010001,is_a,ENVO,upstream,__ENVHARMONIZER_MISSING__,__ENVHARMONIZER_MISSING__,__ENVHARMONIZER_MISSING__
ENVO:00002231,ENVO:00001998,is_a,ENVO,upstream,__ENVHARMONIZER_MISSING__,__ENVHARMONIZER_MISSING__,__ENVHARMONIZER_MISSING__
ENVO:00002232,ENVO:00001998,is_a,ENVO,upstream,__ENVHARMONIZER_MISSING__,__ENVHARMONIZER_MISSING__,__ENVHARMONIZER_MISSING__
ENVO:00002233,ENVO:00001998,is_a,ENVO,upstream,__ENVHARMONIZER_MISSING__,__ENVHARMONIZER_MISSING__,__ENVHARMONIZER_MISSING__
ENVO:00002234,ENVO:01001397,is_a,ENVO,upstream,__ENVHARMONIZER_MISSING__,__ENVHARMONIZER_MISSING__,__ENVHARMONIZER_MISSING__
ENVO:00002235,ENVO:00001998,is_a,ENVO,upstream,__ENVHARMONIZER_MISSING__,__ENVHARMONIZER_MISSING__,__ENVHARMONIZER_MISSING__
ENVO:00002236,ENVO:01001526,is_a,ENVO,upstream,__ENVHARMONIZER_MISSING__,__ENVHARMONIZER_MISSING__,__ENVHARMONIZER_MISSING__
ENVO:00002237,ENVO:00001998,is_a,ENVO,upstream,__ENVHARMONIZER_MISSING__,__ENVHARMONIZER_MISSING__,__ENVHARMONIZER_MISSING__
ENVO:00002238,ENVO:00001998,is_a,ENVO,upstream,__ENVHARMONIZER_MISSING__,__ENVHARMONIZER_MISSING__,__ENVHARMONIZER_MISSING__
ENVO:00002239,ENVO:00001998,is_a,ENVO,upstream,__ENVHARMONIZER_MISSING__,__ENVHARMONIZER_MISSING__,__ENVHARMONIZER_MISSING__
ENVO:00002240,ENVO:00001998,is_a,ENVO,upstream,__ENVHARMONIZER_MISSING__,__ENVHARMONIZER_MISSING__,__ENVHARMONIZER_MISSING__
ENVO:00002241,ENVO:00001998,is_a,ENVO,upstream,__ENVHARMONIZER_MISSING__,__ENVHARMONIZER_MISSING__,__ENVHARMONIZER_MISSING__
ENVO:00002242,ENVO:00001998,is_a,ENVO,upstream,__ENVHARMONIZER_MISSING__,__ENVHARMONIZER_MISSING__,__ENVHARMONIZER_MISSING__
ENVO:00002243,ENVO:00001998,is_a,ENVO,upstream,__ENVHARMONIZER_MISSING__,__ENVHARMONIZER_MISSING__,__ENVHARMONIZER_MISSING__
ENVO:00002244,ENVO:00001998,is_a,ENVO,upstream,__ENVHARMONIZER_MISSING__,__ENVHARMONIZER_MISSING__,__ENVHARMONIZER_MISSING__
ENVO:00002245,ENVO:00001998,is_a,ENVO,upstream,__ENVHARMONIZER_MISSING__,__ENVHARMONIZER_MISSING__,__ENVHARMONIZER_MISSING__
ENVO:00002246,ENVO:00001998,is_a,ENVO,upstream,__ENVHARMONIZER_MISSING__,__ENVHARMONIZER_MISSING__,__ENVHARMONIZER_MISSING__
ENVO:00002247,ENVO:00001998,is_a,ENVO,upstream,__ENVHARMONIZER_MISSING__,__ENVHARMONIZER_MISSING__,__ENVHARMONIZER_MISSING__
ENVO:00002248,ENVO:00001998,is_a,ENVO,upstream,__ENVHARMONIZER_MISSING__,__ENVHARMONIZER_MISSING__,__ENVHARMONIZER_MISSING__
ENVO:00002249,ENVO:00001998,is_a,ENVO,upstream,__ENVHARMONIZER_MISSING__,__ENVHARMONIZER_MISSING__,__ENVHARMONIZER_MISSING__
ENVO:00002250,ENVO:00001998,is_a,ENVO,upstream,__ENVHARMONIZER_MISSING__,__ENVHARMONIZER_MISSING__,__ENVHARMONIZER_MISSING__
ENVO:00002251,ENVO:00001998,is_a,ENVO,upstream,__ENVHARMONIZER_MISSING__,__ENVHARMONIZER_MISSING__,__ENVHARMONIZER_MISSING__
ENVO:00002252,ENVO:00001998,is_a,ENVO,upstream,__ENVHARMONIZER_MISSING__,__ENVHARMONIZER_MISSING__,__ENVHARMONIZER_MISSING__
ENVO:00002253,ENVO:00001998,is_a,ENVO,upstream,__ENVHARMONIZER_MISSING__,__ENVHARMONIZER_MISSING__,__ENVHARMONIZER_MISSING__
ENVO:00002254,ENVO:00001998,is_a,ENVO,upstream,__ENVHARMONIZER_MISSING__,__ENVHARMONIZER_MISSING__,__ENVHARMONIZER_MISSING__
ENVO:00002255,ENVO:00001998,is_a,ENVO,upstream,__ENVHARMONIZER_MISSING__,__ENVHARMONIZER_MISSING__,__ENVHARMONIZER_MISSING__
ENVO:00002256,ENVO:00001998,is_a,ENVO,upstream,__ENVHARMONIZER_MISSING__,__ENVHARMONIZER_MISSING__,__ENVHARMONIZER_MISSING__
ENVO:00002257,ENVO:00001998,is_a,ENVO,upstream,__ENVHARMONIZER_MISSING__,__ENVHARMONIZER_MISSING__,__ENVHARMONIZER_MISSING__
ENVO:00002258,ENVO:00001998,is_a,ENVO,upstream,__ENVHARMONIZER_MISSING__,__ENVHARMONIZER_MISSING__,__ENVHARMONIZER_MISSING__
ENVO:00002259,ENVO:00001998,is_a,ENVO,upstream,__ENVHARMONIZER_MISSING__,__ENVHARMONIZER_MISSING__,__ENVHARMONIZER_MISSING__
ENVO:00002260,ENVO:00005786,is_a,ENVO,upstream,__ENVHARMONIZER_MISSING__,__ENVHARMONIZER_MISSING__,__ENVHARMONIZER_MISSING__
ENVO:00002261,ENVO:00001998,is_a,ENVO,upstream,__ENVHARMONIZER_MISSING__,__ENVHARMONIZER_MISSING__,__ENVHARMONIZER_MISSING__
ENVO:00002262,ENVO:00001998,is_a,ENVO,upstream,__ENVHARMONIZER_MISSING__,__ENVHARMONIZER_MISSING__,__ENVHARMONIZER_MISSING__
ENVO:00002263,ENVO:00001998,is_a,ENVO,upstream,__ENVHARMONIZER_MISSING__,__ENVHARMONIZER_MISSING__,__ENVHARMONIZER_MISSING__
ENVO:00002264,ENVO:00010483,is_a,ENVO,upstream,__ENVHARMONIZER_MISSING__,__ENVHARMONIZER_MISSING__,__ENVHARMONIZER_MISSING__
ENVO:00002266,ENVO:01000371,is_a,ENVO,upstream,__ENVHARMONIZER_MISSING__,__ENVHARMONIZER_MISSING__,__ENVHARMONIZER_MISSING__
ENVO:00002267,ENVO:00002264,is_a,ENVO,upstream,__ENVHARMONIZER_MISSING__,__ENVHARMONIZER_MISSING__,__ENVHARMONIZER_MISSING__
ENVO:00002273,ENVO:00001998,is_a,ENVO,upstream,__ENVHARMONIZER_MISSING__,__ENVHARMONIZER_MISSING__,__ENVHARMONIZER_MISSING__
ENVO:00002274,ENVO:00001998,is_a,ENVO,upstream,__ENVHARMONIZER_MISSING__,__ENVHARMONIZER_MISSING__,__ENVHARMONIZER_MISSING__
ENVO:00002275,ENVO:00001998,is_a,ENVO,upstream,__ENVHARMONIZER_MISSING__,__ENVHARMONIZER_MISSING__,__ENVHARMONIZER_MISSING__
ENVO:00002276,ENVO:00002873,is_a,ENVO,upstream,__ENVHARMONIZER_MISSING__,__ENVHARMONIZER_MISSING__,__ENVHARMONIZER_MISSING__
ENVO:00002869,ENVO:0010003,is_a,ENVO,upstream,__ENVHARMONIZER_MISSING__,__ENVHARMONIZER_MISSING__,__ENVHARMONIZER_MISSING__
ENVO:00002870,ENVO:00003074,is_a,ENVO,upstream,__ENVHARMONIZER_MISSING__,__ENVHARMONIZER_MISSING__,__ENVHARMONIZER_MISSING__
ENVO:00002870,ENVO:0010001,is_a,ENVO,upstream,__ENVHARMONIZER_MISSING__,__ENVHARMONIZER_MISSING__,__ENVHARMONIZER_MISSING__
ENVO:00002870,ENVO:01000814,is_a,ENVO,upstream,__ENVHARMONIZER_MISSING__,__ENVHARMONIZER_MISSING__,__ENVHARMONIZER_MISSING__
ENVO:00002871,ENVO:00001998,is_a,ENVO,upstream,__ENVHARMONIZER_MISSING__,__ENVHARMONIZER_MISSING__,__ENVHARMONIZER_MISSING__
ENVO:00002872,ENVO:00002264,is_a,ENVO,upstream,__ENVHARMONIZER_MISSING__,__ENVHARMONIZER_MISSING__,__ENVHARMONIZER_MISSING__
ENVO:00002873,ENVO:01000373,is_a,ENVO,upstream,__ENVHARMONIZER_MISSING__,__ENVHARMONIZER_MISSING__,__ENVHARMONIZER_MISSING__
ENVO:00002875,ENVO:00002116,is_a,ENVO,upstream,__ENVHARMONIZER_MISSING__,__ENVHARMONIZER_MISSING__,__ENVHARMONIZER_MISSING__
ENVO:00002982,ENVO:01000060,is_a,ENVO,upstream,__ENVHARMONIZER_MISSING__,__ENVHARMONIZER_MISSING__,__ENVHARMONIZER_MISSING__
ENVO:00002983,ENVO:00002985,is_a,ENVO,upstream,__ENVHARMONIZER_MISSING__,__ENVHARMONIZER_MISSING__,__ENVHARMONIZER_MISSING__
ENVO:00002984,ENVO:00002985,is_a,ENVO,upstream,__ENVHARMONIZER_MISSING__,__ENVHARMONIZER_MISSING__,__ENVHARMONIZER_MISSING__
ENVO:00002985,ENVO:01000815,is_a,ENVO,upstream,__ENVHARMONIZER_MISSING__,__ENVHARMONIZER_MISSING__,__ENVHARMONIZER_MISSING__
ENVO:00002985,ENVO:2000045,is_a,ENVO,upstream,__ENVHARMONIZER_MISSING__,__ENVHARMONIZER_MISSING__,__ENVHARMONIZER_MISSING__
ENVO:00003030,ENVO:0010003,is_a,ENVO,upstream,__ENVHARMONIZER_MISSING__,__ENVHARMONIZER_MISSING__,__ENVHARMONIZER_MISSING__
ENVO:00003031,ENVO:03501300,is_a,ENVO,upstream,__ENVHARMONIZER_MISSING__,__ENVHARMONIZER_MISSING__,__ENVHARMONIZER_MISSING__
ENVO:00003032,ENVO:00003031,is_a,ENVO,upstream,__ENVHARMONIZER_MISSING__,__ENVHARMONIZER_MISSING__,__ENVHARMONIZER_MISSING__
ENVO:00003033,ENVO:00002170,is_a,ENVO,upstream,__ENVHARMONIZER_MISSING__,__ENVHARMONIZER_MISSING__,__ENVHARMONIZER_MISSING__
ENVO:00003044,ENVO:00002012,is_a,ENVO,upstream,__ENVHARMONIZER_MISSING__,__ENVHARMONIZER_MISSING__,__ENVHARMONIZER_MISSING__
ENVO:00003045,ENVO:00003044,is_a,ENVO,upstream,__ENVHARMONIZER_MISSING__,__ENVHARMONIZER_MISSING__,__ENVHARMONIZER_MISSING__
ENVO:00003064,ENVO:00002011,is_a,ENVO,upstream,__ENVHARMONIZER_MISSING__,__ENVHARMONIZER_MISSING__,__ENVHARMONIZER_MISSING__
ENVO:00003065,ENVO:00002006,is_a,ENVO,upstream,__ENVHARMONIZER_MISSING__,__ENVHARMONIZER_MISSING__,__ENVHARMONIZER_MISSING__
ENVO:00003071,ENVO:00003030,is_a,ENVO,upstream,__ENVHARMONIZER_MISSING__,__ENVHARMONIZER_MISSING__,__ENVHARMONIZER_MISSING__
ENVO:00003081,ENVO:00002116,is_a,ENVO,upstream,__ENVHARMONIZER_MISSING__,__ENVHARMONIZER_MISSING__,__ENVHARMONIZER_MISSING__
ENVO:00003082,ENVO:00001998,is_a,ENVO,upstream,__ENVHARMONIZER_MISSING__,__ENVHARMONIZER_MISSING__,__ENVHARMONIZER_MISSING__
ENVO:00003083,ENVO:00003082,is_a,ENVO,upstream,__ENVHARMONIZER_MISSING__,__ENVHARMONIZER_MISSING__,__ENVHARMONIZER_MISSING__
ENVO:00003084,ENVO:00003082,is_a,ENVO,upstream,__ENVHARMONIZER_MISSING__,__ENVHARMONIZER_MISSING__,__ENVHARMONIZER_MISSING__
ENVO:00003085,ENVO:00003082,is_a,ENVO,upstream,__ENVHARMONIZER_MISSING__,__ENVHARMONIZER_MISSING__,__ENVHARMONIZER_MISSING__
ENVO:00003086,ENVO:00003082,is_a,ENVO,upstream,__ENVHARMONIZER_MISSING__,__ENVHARMONIZER_MISSING__,__ENVHARMONIZER_MISSING__
ENVO:00003087,ENVO:00003082,is_a,ENVO,upstream,__ENVHARMONIZER_MISSING__,__ENVHARMONIZER_MISSING__,__ENVHARMONIZER_MISSING__
ENVO:00003088,ENVO:00003082,is_a,ENVO,upstream,__ENVHARMONIZER_MISSING__,__ENVHARMONIZER_MISSING__,__ENVHARMONIZER_MISSING__
ENVO:00003089,ENVO:00003082,is_a,ENVO,upstream,__ENVHARMONIZER_MISSING__,__ENVHARMONIZER_MISSING__,__ENVHARMONIZER_MISSING__
ENVO:00003090,ENVO:00003082,is_a,ENVO,upstream,__ENVHARMONIZER_MISSING__,__ENVHARMONIZER_MISSING__,__ENVHARMONIZER_MISSING__
ENVO:00003091,ENVO:00003082,is_a,ENVO,upstream,__ENVHARMONIZER_MISSING__,__ENVHARMONIZER_MISSING__,__ENVHARMONIZER_MISSING__
ENVO:00003092,ENVO:00003082,is_a,ENVO,upstream,__ENVHARMONIZER_MISSING__,__ENVHARMONIZER_MISSING__,__ENVHARMONIZER_MISSING__
ENVO:00003093,ENVO:00003082,is_a,ENVO,upstream,__ENVHARMONIZER_MISSING__,__ENVHARMONIZER_MISSING__,__ENVHARMONIZER_MISSING__
ENVO:00003094,ENVO:00003082,is_a,ENVO,upstream,__ENVHARMONIZER_MISSING__,__ENVHARMONIZER_MISSING__,__ENVHARMONIZER_MISSING__
ENVO:00003095,ENVO:00003082,is_a,ENVO,upstream,__ENVHARMONIZER_MISSING__,__ENVHARMONIZER_MISSING__,__ENVHARMONIZER_MISSING__
ENVO:00003096,ENVO:00002011,is_a,ENVO,upstream,__ENVHARMONIZER_MISSING__,__ENVHARMONIZER_MISSING__,__ENVHARMONIZER_MISSING__
ENVO:00003097,ENVO:00002006,is_a,ENVO,upstream,__ENVHARMONIZER_MISSING__,__ENVHARMONIZER_MISSING__,__ENVHARMONIZER_MISSING__
ENVO:00003859,ENVO:00003031,is_a,ENVO,upstream,__ENVHARMONIZER_MISSING__,__ENVHARMONIZER_MISSING__,__ENVHARMONIZER_MISSING__
ENVO:00003860,ENVO:00003031,is_a,ENVO,upstream,__ENVHARMONIZER_MISSING__,__ENVHARMONIZER_MISSING__,__ENVHARMONIZER_MISSING__
ENVO:00003869,ENVO:0010003,is_a,ENVO,upstream,__ENVHARMONIZER_MISSING__,__ENVHARMONIZER_MISSING__,__ENVHARMONIZER_MISSING__
ENVO:00003870,ENVO:00003869,is_a,ENVO,upstream,__ENVHARMONIZER_MISSING__,__ENVHARMONIZER_MISSING__,__ENVHARMONIZER_MISSING__
ENVO:00003884,ENVO:00003031,is_a,ENVO,upstream,__ENVHARMONIZER_MISSING__,__ENVHARMONIZER_MISSING__,__ENVHARMONIZER_MISSING__
ENVO:00003900,ENVO:00003071,is_a,ENVO,upstream,__ENVHARMONIZER_MISSING__,__ENVHARMONIZER_MISSING__,__ENVHARMONIZER_MISSING__
ENVO:00003903,ENVO:00002985,is_a,ENVO,upstream,__ENVHARMONIZER_MISSING__,__ENVHARMONIZER_MISSING__,__ENVHARMONIZER_MISSING__
ENVO:00003908,ENVO:00002192,is_a,ENVO,upstream,__ENVHARMONIZER_MISSING__,__ENVHARMONIZER_MISSING__,__ENVHARMONIZER_MISSING__
ENVO:00003914,ENVO:00003082,is_a,ENVO,upstream,__ENVHARMONIZER_MISSING__,__ENVHARMONIZER_MISSING__,__ENVHARMONIZER_MISSING__
ENVO:00003927,ENVO:00003031,is_a,ENVO,upstream,__ENVHARMONIZER_MISSING__,__ENVHARMONIZER_MISSING__,__ENVHARMONIZER_MISSING__
ENVO:00003930,ENVO:00010483,is_a,ENVO,upstream,__ENVHARMONIZER_MISSING__,__ENVHARMONIZER_MISSING__,__ENVHARMONIZER_MISSING__
ENVO:00003965,ENVO:00002129,is_a,ENVO,upstream,__ENVHARMONIZER_MISSING__,__ENVHARMONIZER_MISSING__,__ENVHARMONIZER_MISSING__
ENVO:00003978,ENVO:00003030,is_a,ENVO,upstream,__ENVHARMONIZER_MISSING__,__ENVHARMONIZER_MISSING__,__ENVHARMONIZER_MISSING__
ENVO:00003982,ENVO:00002053,is_a,ENVO,upstream,__ENVHARMONIZER_MISSING__,__ENVHARMONIZER_MISSING__,__ENVHARMONIZER_MISSING__
ENVO:00005738,ENVO:00010483,is_a,ENVO,upstream,__ENVHARMONIZER_MISSING__,__ENVHARMONIZER_MISSING__,__ENVHARMONIZER_MISSING__
ENVO:00005739,ENVO:00005738,is_a,ENVO,upstream,__ENVHARMONIZER_MISSING__,__ENVHARMONIZER_MISSING__,__ENVHARMONIZER_MISSING__
ENVO:00005740,ENVO:00002259,is_a,ENVO,upstream,__ENVHARMONIZER_MISSING__,__ENVHARMONIZER_MISSING__,__ENVHARMONIZER_MISSING__
ENVO:00005740,ENVO:00005755,is_a,ENVO,upstream,__ENVHARMONIZER_MISSING__,__ENVHARMONIZER_MISSING__,__ENVHARMONIZER_MISSING__
ENVO:00005741,ENVO:00001998,is_a,ENVO,upstream,__ENVHARMONIZER_MISSING__,__ENVHARMONIZER_MISSING__,__ENVHARMONIZER_MISSING__
ENVO:00005742,ENVO:00001998,is_a,ENVO,upstream,__ENVHARMONIZER_MISSING__,__ENVHARMONIZER_MISSING__,__ENVHARMONIZER_MISSING__
ENVO:00005743,ENVO:00001998,is_a,ENVO,upstream,__ENVHARMONIZER_MISSING__,__ENVHARMONIZER_MISSING__,__ENVHARMONIZER_MISSING__
ENVO:00005744,ENVO:00002263,is_a,ENVO,upstream,__ENVHARMONIZER_MISSING__,__ENVHARMONIZER_MISSING__,__ENVHARMONIZER_MISSING__
ENVO:00005746,ENVO:00005750,is_a,ENVO,upstream,__ENVHARMONIZER_MISSING__,__ENVHARMONIZER_MISSING__,__ENVHARMONIZER_MISSING__
ENVO:00005747,ENVO:00001998,is_a,ENVO,upstream,__ENVHARMONIZER_MISSING__,__ENVHARMONIZER_MISSING__,__ENVHARMONIZER_MISSING__
ENVO:00005748,ENVO:00001998,is_a,ENVO,upstream,__ENVHARMONIZER_MISSING__,__ENVHARMONIZER_MISSING__,__ENVHARMONIZER_MISSING__
ENVO:00005749,ENVO:00001998,is_a,ENVO,upstream,__ENVHARMONIZER_MISSING__,__ENVHARMONIZER_MISSING__,__ENVHARMONIZER_MISSING__
ENVO:00005750,ENVO:00001998,is_a,ENVO,upstream,__ENVHARMONIZER_MISSING__,__ENVHARMONIZER_MISSING__,__ENVHARMONIZER_MISSING__
ENVO:00005751,ENVO:00001998,is_a,ENVO,upstream,__ENVHARMONIZER_MISSING__,__ENVHARMONIZER_MISSING__,__ENVHARMONIZER_MISSING__
ENVO:00005752,ENVO:00001998,is_a,ENVO,upstream,__ENVHARMONIZER_MISSING__,__ENVHARMONIZER_MISSING__,__ENVHARMONIZER_MISSING__
ENVO:00005753,ENVO:00003082,is_a,ENVO,upstream,__ENVHARMONIZER_MISSING__,__ENVHARMONIZER_MISSING__,__ENVHARMONIZER_MISSING__
ENVO:00005754,ENVO:00001998,is_a,ENVO,upstream,__ENVHARMONIZER_MISSING__,__ENVHARMONIZER_MISSING__,__ENVHARMONIZER_MISSING__
ENVO:00005755,ENVO:00001998,is_a,ENVO,upstream,__ENVHARMONIZER_MISSING__,__ENVHARMONIZER_MISSING__,__ENVHARMONIZER_MISSING__
ENVO:00005756,ENVO:00001998,is_a,ENVO,upstream,__ENVHARMONIZER_MISSING__,__ENVHARMONIZER_MISSING__,__ENVHARMONIZER_MISSING__
ENVO:00005757,ENVO:00003082,is_a,ENVO,upstream,__ENVHARMONIZER_MISSING__,__ENVHARMONIZER_MISSING__,__ENVHARMONIZER_MISSING__
ENVO:00005758,ENVO:00002871,is_a,ENVO,upstream,__ENVHARMONIZER_MISSING__,__ENVHARMONIZER_MISSING__,__ENVHARMONIZER_MISSING__
ENVO:00005759,ENVO:00002871,is_a,ENVO,upstream,__ENVHARMONIZER_MISSING__,__ENVHARMONIZER_MISSING__,__ENVHARMONIZER_MISSING__
ENVO:00005759,ENVO:00005740,is_a,ENVO,upstream,__ENVHARMONIZER_MISSING__,__ENVHARMONIZER_MISSING__,__ENVHARMONIZER_MISSING__
ENVO:00005760,ENVO:00001998,is_a,ENVO,upstream,__ENVHARMONIZER_MISSING__,__ENVHARMONIZER_MISSING__,__ENVHARMONIZER_MISSING__
ENVO:00005761,ENVO:00001998,is_a,ENVO,upstream,__ENVHARMONIZER_MISSING__,__ENVHARMONIZER_MISSING__,__ENVHARMONIZER_MISSING__
ENVO:00005762,ENVO:00003082,is_a,ENVO,upstream,__ENVHARMONIZER_MISSING__,__ENVHARMONIZER_MISSING__,__ENVHARMONIZER_MISSING__
ENVO:00005763,ENVO:00003082,is_a,ENVO,upstream,__ENVHARMONIZER_MISSING__,__ENVHARMONIZER_MISSING__,__ENVHARMONIZER_MISSING__
ENVO:00005764,ENVO:00001998,is_a,ENVO,upstream,__ENVHARMONIZER_MISSING__,__ENVHARMONIZER_MISSING__,__ENVHARMONIZER_MISSING__
ENVO:00005765,ENVO:00005747,is_a,ENVO,upstream,__ENVHARMONIZER_MISSING__,__ENVHARMONIZER_MISSING__,__ENVHARMONIZER_MISSING__
ENVO:00005765,ENVO:01001526,is_a,ENVO,upstream,__ENVHARMONIZER_MISSING__,__ENVHARMONIZER_MISSING__,__ENVHARMONIZER_MISSING__
ENVO:00005766,ENVO:00001998,is_a,ENVO,upstream,__ENVHARMONIZER_MISSING__,__ENVHARMONIZER_MISSING__,__ENVHARMONIZER_MISSING__
ENVO:00005767,ENVO:00001998,is_a,ENVO,upstream,__ENVHARMONIZER_MISSING__,__ENVHARMONIZER_MISSING__,__ENVHARMONIZER_MISSING__
ENVO:00005768,ENVO:00001998,is_a,ENVO,upstream,__ENVHARMONIZER_MISSING__,__ENVHARMONIZER_MISSING__,__ENVHARMONIZER_MISSING__
ENVO:00005769,ENVO:00002261,is_a,ENVO,upstream,__ENVHARMONIZER_MISSING__,__ENVHARMONIZER_MISSING__,__ENVHARMONIZER_MISSING__
ENVO:00005769,ENVO:00005786,is_a,ENVO,upstream,__ENVHARMONIZER_MISSING__,__ENVHARMONIZER_MISSING__,__ENVHARMONIZER_MISSING__
ENVO:00005770,ENVO:00002261,is_a,ENVO,upstream,__ENVHARMONIZER_MISSING__,__ENVHARMONIZER_MISSING__,__ENVHARMONIZER_MISSING__
ENVO:00005771,ENVO:00001998,is_a,ENVO,upstream,__ENVHARMONIZER_MISSING__,__ENVHARMONIZER_MISSING__,__ENVHARMONIZER_MISSING__
ENVO:00005772,ENVO:00005749,is_a,ENVO,upstream,__ENVHARMONIZER_MISSING__,__ENVHARMONIZER_MISSING__,__ENVHARMONIZER_MISSING__
ENVO:00005773,ENVO:00001998,is_a,ENVO,upstream,__ENVHARMONIZER_MISSING__,__ENVHARMONIZER_MISSING__,__ENVHARMONIZER_MISSING__
ENVO:00005774,ENVO:00002243,is_a,ENVO,upstream,__ENVHARMONIZER_MISSING__,__ENVHARMONIZER_MISSING__,__ENVHARMONIZER_MISSING__
ENVO:00005775,ENVO:00002116,is_a,ENVO,upstream,__ENVHARMONIZER_MISSING__,__ENVHARMONIZER_MISSING__,__ENVHARMONIZER_MISSING__
ENVO:00005776,ENVO:00003082,is_a,ENVO,upstream,__ENVHARMONIZER_MISSING__,__ENVHARMONIZER_MISSING__,__ENVHARMONIZER_MISSING__
ENVO:00005776,ENVO:00005740,is_a,ENVO,upstream,__ENVHARMONIZER_MISSING__,__ENVHARMONIZER_MISSING__,__ENVHARMONIZER_MISSING__
ENVO:00005777,ENVO:00005750,is_a,ENVO,upstream,__ENVHARMONIZER_MISSING__,__ENVHARMONIZER_MISSING__,__ENVHARMONIZER_MISSING__
ENVO:00005778,ENVO:00001998,is_a,ENVO,upstream,__ENVHARMONIZER_MISSING__,__ENVHARMONIZER_MISSING__,__ENVHARMONIZER_MISSING__
ENVO:00005779,ENVO:00002263,is_a,ENVO,upstream,__ENVHARMONIZER_MISSING__,__ENVHARMONIZER_MISSING__,__ENVHARMONIZER_MISSING__
ENVO:00005780,ENVO:00001998,is_a,ENVO,upstream,__ENVHARMONIZER_MISSING__,__ENVHARMONIZER_MISSING__,__ENVHARMONIZER_MISSING__
ENVO:00005781,ENVO:00001998,is_a,ENVO,upstream,__ENVHARMONIZER_MISSING__,__ENVHARMONIZER_MISSING__,__ENVHARMONIZER_MISSING__
ENVO:00005782,ENVO:00001998,is_a,ENVO,upstream,__ENVHARMONIZER_MISSING__,__ENVHARMONIZER_MISSING__,__ENVHARMONIZER_MISSING__
ENVO:00005783,ENVO:00002261,is_a,ENVO,upstream,__ENVHARMONIZER_MISSING__,__ENVHARMONIZER_MISSING__,__ENVHARMONIZER_MISSING__
ENVO:00005784,ENVO:00002261,is_a,ENVO,upstream,__ENVHARMONIZER_MISSING__,__ENVHARMONIZER_MISSING__,__ENVHARMONIZER_MISSING__
ENVO:00005786,ENVO:00001998,is_a,ENVO,upstream,__ENVHARMONIZER_MISSING__,__ENVHARMONIZER_MISSING__,__ENVHARMONIZER_MISSING__
ENVO:00005787,ENVO:00002261,is_a,ENVO,upstream,__ENVHARMONIZER_MISSING__,__ENVHARMONIZER_MISSING__,__ENVHARMONIZER_MISSING__
ENVO:00005788,ENVO:00002259,is_a,ENVO,upstream,__ENVHARMONIZER_MISSING__,__ENVHARMONIZER_MISSING__,__ENVHARMONIZER_MISSING__
ENVO:00005788,ENVO:00005749,is_a,ENVO,upstream,__ENVHARMONIZER_MISSING__,__ENVHARMONIZER_MISSING__,__ENVHARMONIZER_MISSING__
ENVO:00005789,ENVO:00002259,is_a,ENVO,upstream,__ENVHARMONIZER_MISSING__,__ENVHARMONIZER_MISSING__,__ENVHARMONIZER_MISSING__
ENVO:00005790,ENVO:00001998,is_a,ENVO,upstream,__ENVHARMONIZER_MISSING__,__ENVHARMONIZER_MISSING__,__ENVHARMONIZER_MISSING__
ENVO:00005791,ENVO:00002006,is_a,ENVO,upstream,__ENVHARMONIZER_MISSING__,__ENVHARMONIZER_MISSING__,__ENVHARMONIZER_MISSING__
ENVO:00005792,ENVO:00002006,is_a,ENVO,upstream,__ENVHARMONIZER_MISSING__,__ENVHARMONIZER_MISSING__,__ENVHARMONIZER_MISSING__
ENVO:00005793,ENVO:00002006,is_a,ENVO,upstream,__ENVHARMONIZER_MISSING__,__ENVHARMONIZER_MISSING__,__ENVHARMONIZER_MISSING__
ENVO:00005794,ENVO:00003930,is_a,ENVO,upstream,__ENVHARMONIZER_MISSING__,__ENVHARMONIZER_MISSING__,__ENVHARMONIZER_MISSING__
ENVO:00005795,ENVO:01000001,is_a,ENVO,upstream,__ENVHARMONIZER_MISSING__,__ENVHARMONIZER_MISSING__,__ENVHARMONIZER_MISSING__
ENVO:00005795,ENVO:01000813,is_a,ENVO,upstream,__ENVHARMONIZER_MISSING__,__ENVHARMONIZER_MISSING__,__ENVHARMONIZER_MISSING__
ENVO:00005796,ENVO:00002044,is_a,ENVO,upstream,__ENVHARMONIZER_MISSING__,__ENVHARMONIZER_MISSING__,__ENVHARMONIZER_MISSING__
ENVO:00005797,ENVO:01000001,is_a,ENVO,upstream,__ENVHARMONIZER_MISSING__,__ENVHARMONIZER_MISSING__,__ENVHARMONIZER_MISSING__
ENVO:00005797,ENVO:01000813,is_a,ENVO,upstream,__ENVHARMONIZER_MISSING__,__ENVHARMONIZER_MISSING__,__ENVHARMONIZER_MISSING__
ENVO:00005798,ENVO:01000017,is_a,ENVO,upstream,__ENVHARMONIZER_MISSING__,__ENVHARMONIZER_MISSING__,__ENVHARMONIZER_MISSING__
ENVO:00005798,ENVO:01000813,is_a,ENVO,upstream,__ENVHARMONIZER_MISSING__,__ENVHARMONIZER_MISSING__,__ENVHARMONIZER_MISSING__
ENVO:00005799,ENVO:01000017,is_a,ENVO,upstream,__ENVHARMONIZER_MISSING__,__ENVHARMONIZER_MISSING__,__ENVHARMONIZER_MISSING__
ENVO:00005800,ENVO:01000017,is_a,ENVO,upstream,__ENVHARMONIZER_MISSING__,__ENVHARMONIZER_MISSING__,__ENVHARMONIZER_MISSING__
ENVO:00005800,ENVO:01000813,is_a,ENVO,upstream,__ENVHARMONIZER_MISSING__,__ENVHARMONIZER_MISSING__,__ENVHARMONIZER_MISSING__
ENVO:00005802,ENVO:00001998,is_a,ENVO,upstream,__ENVHARMONIZER_MISSING__,__ENVHARMONIZER_MISSING__,__ENVHARMONIZER_MISSING__
ENVO:00010483,AMH:0000049,is_a,amosharmonizer,reviewed,seanthimons,2026-09-03,ENVO environmental material branch under the universal analytical-matrix root.
ENVO:00010505,ENVO:00010483,is_a,ENVO,upstream,__ENVHARMONIZER_MISSING__,__ENVHARMONIZER_MISSING__,__ENVHARMONIZER_MISSING__
ENVO:00010506,ENVO:00010483,is_a,ENVO,upstream,__ENVHARMONIZER_MISSING__,__ENVHARMONIZER_MISSING__,__ENVHARMONIZER_MISSING__
ENVO:00010623,ENVO:00002016,is_a,ENVO,upstream,__ENVHARMONIZER_MISSING__,__ENVHARMONIZER_MISSING__,__ENVHARMONIZER_MISSING__
ENVO:0010001,ENVO:00010483,is_a,ENVO,upstream,__ENVHARMONIZER_MISSING__,__ENVHARMONIZER_MISSING__,__ENVHARMONIZER_MISSING__
ENVO:0010003,ENVO:0010001,is_a,ENVO,upstream,__ENVHARMONIZER_MISSING__,__ENVHARMONIZER_MISSING__,__ENVHARMONIZER_MISSING__
ENVO:01000000,ENVO:01000814,is_a,ENVO,upstream,__ENVHARMONIZER_MISSING__,__ENVHARMONIZER_MISSING__,__ENVHARMONIZER_MISSING__
ENVO:01000000,ENVO:04000008,is_a,ENVO,upstream,__ENVHARMONIZER_MISSING__,__ENVHARMONIZER_MISSING__,__ENVHARMONIZER_MISSING__
ENVO:01000001,ENVO:00010483,is_a,ENVO,upstream,__ENVHARMONIZER_MISSING__,__ENVHARMONIZER_MISSING__,__ENVHARMONIZER_MISSING__
ENVO:01000016,ENVO:01000060,is_a,ENVO,upstream,__ENVHARMONIZER_MISSING__,__ENVHARMONIZER_MISSING__,__ENVHARMONIZER_MISSING__
ENVO:01000017,ENVO:01000060,is_a,ENVO,upstream,__ENVHARMONIZER_MISSING__,__ENVHARMONIZER_MISSING__,__ENVHARMONIZER_MISSING__
ENVO:01000018,ENVO:01000814,is_a,ENVO,upstream,__ENVHARMONIZER_MISSING__,__ENVHARMONIZER_MISSING__,__ENVHARMONIZER_MISSING__
ENVO:01000060,ENVO:00010483,is_a,ENVO,upstream,__ENVHARMONIZER_MISSING__,__ENVHARMONIZER_MISSING__,__ENVHARMONIZER_MISSING__
ENVO:01000063,ENVO:01000155,is_a,ENVO,upstream,__ENVHARMONIZER_MISSING__,__ENVHARMONIZER_MISSING__,__ENVHARMONIZER_MISSING__
ENVO:01000070,ENVO:00002007,is_a,ENVO,upstream,__ENVHARMONIZER_MISSING__,__ENVHARMONIZER_MISSING__,__ENVHARMONIZER_MISSING__
ENVO:01000082,ENVO:00002007,is_a,ENVO,upstream,__ENVHARMONIZER_MISSING__,__ENVHARMONIZER_MISSING__,__ENVHARMONIZER_MISSING__
ENVO:01000110,ENVO:00002007,is_a,ENVO,upstream,__ENVHARMONIZER_MISSING__,__ENVHARMONIZER_MISSING__,__ENVHARMONIZER_MISSING__
ENVO:01000111,ENVO:00002007,is_a,ENVO,upstream,__ENVHARMONIZER_MISSING__,__ENVHARMONIZER_MISSING__,__ENVHARMONIZER_MISSING__
ENVO:01000112,ENVO:01000110,is_a,ENVO,upstream,__ENVHARMONIZER_MISSING__,__ENVHARMONIZER_MISSING__,__ENVHARMONIZER_MISSING__
ENVO:01000113,ENVO:00002007,is_a,ENVO,upstream,__ENVHARMONIZER_MISSING__,__ENVHARMONIZER_MISSING__,__ENVHARMONIZER_MISSING__
ENVO:01000114,ENVO:00002007,is_a,ENVO,upstream,__ENVHARMONIZER_MISSING__,__ENVHARMONIZER_MISSING__,__ENVHARMONIZER_MISSING__
ENVO:01000115,ENVO:00002007,is_a,ENVO,upstream,__ENVHARMONIZER_MISSING__,__ENVHARMONIZER_MISSING__,__ENVHARMONIZER_MISSING__
ENVO:01000116,ENVO:00002007,is_a,ENVO,upstream,__ENVHARMONIZER_MISSING__,__ENVHARMONIZER_MISSING__,__ENVHARMONIZER_MISSING__
ENVO:01000117,ENVO:00002007,is_a,ENVO,upstream,__ENVHARMONIZER_MISSING__,__ENVHARMONIZER_MISSING__,__ENVHARMONIZER_MISSING__
ENVO:01000118,ENVO:00002007,is_a,ENVO,upstream,__ENVHARMONIZER_MISSING__,__ENVHARMONIZER_MISSING__,__ENVHARMONIZER_MISSING__
ENVO:01000119,ENVO:00002007,is_a,ENVO,upstream,__ENVHARMONIZER_MISSING__,__ENVHARMONIZER_MISSING__,__ENVHARMONIZER_MISSING__
ENVO:01000120,ENVO:00002007,is_a,ENVO,upstream,__ENVHARMONIZER_MISSING__,__ENVHARMONIZER_MISSING__,__ENVHARMONIZER_MISSING__
ENVO:01000121,ENVO:00002007,is_a,ENVO,upstream,__ENVHARMONIZER_MISSING__,__ENVHARMONIZER_MISSING__,__ENVHARMONIZER_MISSING__
ENVO:01000131,ENVO:00002007,is_a,ENVO,upstream,__ENVHARMONIZER_MISSING__,__ENVHARMONIZER_MISSING__,__ENVHARMONIZER_MISSING__
ENVO:01000132,ENVO:00002007,is_a,ENVO,upstream,__ENVHARMONIZER_MISSING__,__ENVHARMONIZER_MISSING__,__ENVHARMONIZER_MISSING__
ENVO:01000133,ENVO:00002007,is_a,ENVO,upstream,__ENVHARMONIZER_MISSING__,__ENVHARMONIZER_MISSING__,__ENVHARMONIZER_MISSING__
ENVO:01000134,ENVO:00002141,is_a,ENVO,upstream,__ENVHARMONIZER_MISSING__,__ENVHARMONIZER_MISSING__,__ENVHARMONIZER_MISSING__
ENVO:01000135,ENVO:00002045,is_a,ENVO,upstream,__ENVHARMONIZER_MISSING__,__ENVHARMONIZER_MISSING__,__ENVHARMONIZER_MISSING__
ENVO:01000151,ENVO:00002045,is_a,ENVO,upstream,__ENVHARMONIZER_MISSING__,__ENVHARMONIZER_MISSING__,__ENVHARMONIZER_MISSING__
ENVO:01000152,ENVO:00002045,is_a,ENVO,upstream,__ENVHARMONIZER_MISSING__,__ENVHARMONIZER_MISSING__,__ENVHARMONIZER_MISSING__
ENVO:01000153,ENVO:00002045,is_a,ENVO,upstream,__ENVHARMONIZER_MISSING__,__ENVHARMONIZER_MISSING__,__ENVHARMONIZER_MISSING__
ENVO:01000154,ENVO:00002045,is_a,ENVO,upstream,__ENVHARMONIZER_MISSING__,__ENVHARMONIZER_MISSING__,__ENVHARMONIZER_MISSING__
ENVO:01000155,ENVO:00010483,is_a,ENVO,upstream,__ENVHARMONIZER_MISSING__,__ENVHARMONIZER_MISSING__,__ENVHARMONIZER_MISSING__
ENVO:01000156,ENVO:01000155,is_a,ENVO,upstream,__ENVHARMONIZER_MISSING__,__ENVHARMONIZER_MISSING__,__ENVHARMONIZER_MISSING__
ENVO:01000157,ENVO:01000155,is_a,ENVO,upstream,__ENVHARMONIZER_MISSING__,__ENVHARMONIZER_MISSING__,__ENVHARMONIZER_MISSING__
ENVO:01000158,ENVO:01001103,is_a,ENVO,upstream,__ENVHARMONIZER_MISSING__,__ENVHARMONIZER_MISSING__,__ENVHARMONIZER_MISSING__
ENVO:01000173,ENVO:00002006,is_a,ENVO,upstream,__ENVHARMONIZER_MISSING__,__ENVHARMONIZER_MISSING__,__ENVHARMONIZER_MISSING__
ENVO:01000231,ENVO:02000140,is_a,ENVO,upstream,__ENVHARMONIZER_MISSING__,__ENVHARMONIZER_MISSING__,__ENVHARMONIZER_MISSING__
ENVO:01000232,ENVO:01000231,is_a,ENVO,upstream,__ENVHARMONIZER_MISSING__,__ENVHARMONIZER_MISSING__,__ENVHARMONIZER_MISSING__
ENVO:01000233,ENVO:01000231,is_a,ENVO,upstream,__ENVHARMONIZER_MISSING__,__ENVHARMONIZER_MISSING__,__ENVHARMONIZER_MISSING__
ENVO:01000234,ENVO:01000231,is_a,ENVO,upstream,__ENVHARMONIZER_MISSING__,__ENVHARMONIZER_MISSING__,__ENVHARMONIZER_MISSING__
ENVO:01000235,ENVO:01000231,is_a,ENVO,upstream,__ENVHARMONIZER_MISSING__,__ENVHARMONIZER_MISSING__,__ENVHARMONIZER_MISSING__
ENVO:01000236,ENVO:00002013,is_a,ENVO,upstream,__ENVHARMONIZER_MISSING__,__ENVHARMONIZER_MISSING__,__ENVHARMONIZER_MISSING__
ENVO:01000256,ENVO:01000814,is_a,ENVO,upstream,__ENVHARMONIZER_MISSING__,__ENVHARMONIZER_MISSING__,__ENVHARMONIZER_MISSING__
ENVO:01000266,ENVO:01000797,is_a,ENVO,upstream,__ENVHARMONIZER_MISSING__,__ENVHARMONIZER_MISSING__,__ENVHARMONIZER_MISSING__
ENVO:01000268,ENVO:01000266,is_a,ENVO,upstream,__ENVHARMONIZER_MISSING__,__ENVHARMONIZER_MISSING__,__ENVHARMONIZER_MISSING__
ENVO:01000269,ENVO:01000271,is_a,ENVO,upstream,__ENVHARMONIZER_MISSING__,__ENVHARMONIZER_MISSING__,__ENVHARMONIZER_MISSING__
ENVO:01000270,ENVO:01000271,is_a,ENVO,upstream,__ENVHARMONIZER_MISSING__,__ENVHARMONIZER_MISSING__,__ENVHARMONIZER_MISSING__
ENVO:01000271,ENVO:00002016,is_a,ENVO,upstream,__ENVHARMONIZER_MISSING__,__ENVHARMONIZER_MISSING__,__ENVHARMONIZER_MISSING__
ENVO:01000272,ENVO:01000271,is_a,ENVO,upstream,__ENVHARMONIZER_MISSING__,__ENVHARMONIZER_MISSING__,__ENVHARMONIZER_MISSING__
ENVO:01000273,ENVO:00002053,is_a,ENVO,upstream,__ENVHARMONIZER_MISSING__,__ENVHARMONIZER_MISSING__,__ENVHARMONIZER_MISSING__
ENVO:01000274,ENVO:00002017,is_a,ENVO,upstream,__ENVHARMONIZER_MISSING__,__ENVHARMONIZER_MISSING__,__ENVHARMONIZER_MISSING__
ENVO:01000277,ENVO:01001125,is_a,ENVO,upstream,__ENVHARMONIZER_MISSING__,__ENVHARMONIZER_MISSING__,__ENVHARMONIZER_MISSING__
ENVO:01000301,ENVO:00002019,is_a,ENVO,upstream,__ENVHARMONIZER_MISSING__,__ENVHARMONIZER_MISSING__,__ENVHARMONIZER_MISSING__
ENVO:01000301,ENVO:01000813,is_a,ENVO,upstream,__ENVHARMONIZER_MISSING__,__ENVHARMONIZER_MISSING__,__ENVHARMONIZER_MISSING__
ENVO:01000349,ENVO:01000155,is_a,ENVO,upstream,__ENVHARMONIZER_MISSING__,__ENVHARMONIZER_MISSING__,__ENVHARMONIZER_MISSING__
ENVO:01000350,ENVO:01000017,is_a,ENVO,upstream,__ENVHARMONIZER_MISSING__,__ENVHARMONIZER_MISSING__,__ENVHARMONIZER_MISSING__
ENVO:01000356,ENVO:00002013,is_a,ENVO,upstream,__ENVHARMONIZER_MISSING__,__ENVHARMONIZER_MISSING__,__ENVHARMONIZER_MISSING__
ENVO:01000357,ENVO:00002006,is_a,ENVO,upstream,__ENVHARMONIZER_MISSING__,__ENVHARMONIZER_MISSING__,__ENVHARMONIZER_MISSING__
ENVO:01000358,ENVO:00002006,is_a,ENVO,upstream,__ENVHARMONIZER_MISSING__,__ENVHARMONIZER_MISSING__,__ENVHARMONIZER_MISSING__
ENVO:01000371,ENVO:00002264,is_a,ENVO,upstream,__ENVHARMONIZER_MISSING__,__ENVHARMONIZER_MISSING__,__ENVHARMONIZER_MISSING__
ENVO:01000372,ENVO:00002264,is_a,ENVO,upstream,__ENVHARMONIZER_MISSING__,__ENVHARMONIZER_MISSING__,__ENVHARMONIZER_MISSING__
ENVO:01000373,ENVO:00002264,is_a,ENVO,upstream,__ENVHARMONIZER_MISSING__,__ENVHARMONIZER_MISSING__,__ENVHARMONIZER_MISSING__
ENVO:01000405,ENVO:01001089,is_a,ENVO,upstream,__ENVHARMONIZER_MISSING__,__ENVHARMONIZER_MISSING__,__ENVHARMONIZER_MISSING__
ENVO:01000405,ENVO:01001646,is_a,ENVO,upstream,__ENVHARMONIZER_MISSING__,__ENVHARMONIZER_MISSING__,__ENVHARMONIZER_MISSING__
ENVO:01000406,ENVO:00010483,is_a,ENVO,upstream,__ENVHARMONIZER_MISSING__,__ENVHARMONIZER_MISSING__,__ENVHARMONIZER_MISSING__
ENVO:01000415,ENVO:01000405,is_a,ENVO,upstream,__ENVHARMONIZER_MISSING__,__ENVHARMONIZER_MISSING__,__ENVHARMONIZER_MISSING__
ENVO:01000416,ENVO:01000415,is_a,ENVO,upstream,__ENVHARMONIZER_MISSING__,__ENVHARMONIZER_MISSING__,__ENVHARMONIZER_MISSING__
ENVO:01000427,ENVO:00003082,is_a,ENVO,upstream,__ENVHARMONIZER_MISSING__,__ENVHARMONIZER_MISSING__,__ENVHARMONIZER_MISSING__
ENVO:01000436,ENVO:01000060,is_a,ENVO,upstream,__ENVHARMONIZER_MISSING__,__ENVHARMONIZER_MISSING__,__ENVHARMONIZER_MISSING__
ENVO:01000441,ENVO:00002013,is_a,ENVO,upstream,__ENVHARMONIZER_MISSING__,__ENVHARMONIZER_MISSING__,__ENVHARMONIZER_MISSING__
ENVO:01000442,ENVO:00002013,is_a,ENVO,upstream,__ENVHARMONIZER_MISSING__,__ENVHARMONIZER_MISSING__,__ENVHARMONIZER_MISSING__
ENVO:01000444,ENVO:01000231,is_a,ENVO,upstream,__ENVHARMONIZER_MISSING__,__ENVHARMONIZER_MISSING__,__ENVHARMONIZER_MISSING__
ENVO:01000451,ENVO:01000797,is_a,ENVO,upstream,__ENVHARMONIZER_MISSING__,__ENVHARMONIZER_MISSING__,__ENVHARMONIZER_MISSING__
ENVO:01000458,ENVO:0010001,is_a,ENVO,upstream,__ENVHARMONIZER_MISSING__,__ENVHARMONIZER_MISSING__,__ENVHARMONIZER_MISSING__
ENVO:01000459,ENVO:01000458,is_a,ENVO,upstream,__ENVHARMONIZER_MISSING__,__ENVHARMONIZER_MISSING__,__ENVHARMONIZER_MISSING__
ENVO:01000460,ENVO:00002984,is_a,ENVO,upstream,__ENVHARMONIZER_MISSING__,__ENVHARMONIZER_MISSING__,__ENVHARMONIZER_MISSING__
ENVO:01000461,ENVO:00003074,is_a,ENVO,upstream,__ENVHARMONIZER_MISSING__,__ENVHARMONIZER_MISSING__,__ENVHARMONIZER_MISSING__
ENVO:01000461,ENVO:0010001,is_a,ENVO,upstream,__ENVHARMONIZER_MISSING__,__ENVHARMONIZER_MISSING__,__ENVHARMONIZER_MISSING__
ENVO:01000461,ENVO:01000815,is_a,ENVO,upstream,__ENVHARMONIZER_MISSING__,__ENVHARMONIZER_MISSING__,__ENVHARMONIZER_MISSING__
ENVO:01000462,ENVO:0010001,is_a,ENVO,upstream,__ENVHARMONIZER_MISSING__,__ENVHARMONIZER_MISSING__,__ENVHARMONIZER_MISSING__
ENVO:01000463,ENVO:01000462,is_a,ENVO,upstream,__ENVHARMONIZER_MISSING__,__ENVHARMONIZER_MISSING__,__ENVHARMONIZER_MISSING__
ENVO:01000464,ENVO:01000462,is_a,ENVO,upstream,__ENVHARMONIZER_MISSING__,__ENVHARMONIZER_MISSING__,__ENVHARMONIZER_MISSING__
ENVO:01000473,ENVO:0010003,is_a,ENVO,upstream,__ENVHARMONIZER_MISSING__,__ENVHARMONIZER_MISSING__,__ENVHARMONIZER_MISSING__
ENVO:01000474,ENVO:00003074,is_a,ENVO,upstream,__ENVHARMONIZER_MISSING__,__ENVHARMONIZER_MISSING__,__ENVHARMONIZER_MISSING__
ENVO:01000474,ENVO:0010001,is_a,ENVO,upstream,__ENVHARMONIZER_MISSING__,__ENVHARMONIZER_MISSING__,__ENVHARMONIZER_MISSING__
ENVO:01000474,ENVO:01000814,is_a,ENVO,upstream,__ENVHARMONIZER_MISSING__,__ENVHARMONIZER_MISSING__,__ENVHARMONIZER_MISSING__
ENVO:01000476,ENVO:0010001,is_a,ENVO,upstream,__ENVHARMONIZER_MISSING__,__ENVHARMONIZER_MISSING__,__ENVHARMONIZER_MISSING__
ENVO:01000477,ENVO:01000476,is_a,ENVO,upstream,__ENVHARMONIZER_MISSING__,__ENVHARMONIZER_MISSING__,__ENVHARMONIZER_MISSING__
ENVO:01000478,ENVO:01000476,is_a,ENVO,upstream,__ENVHARMONIZER_MISSING__,__ENVHARMONIZER_MISSING__,__ENVHARMONIZER_MISSING__
ENVO:01000479,ENVO:01000476,is_a,ENVO,upstream,__ENVHARMONIZER_MISSING__,__ENVHARMONIZER_MISSING__,__ENVHARMONIZER_MISSING__
ENVO:01000480,ENVO:01000814,is_a,ENVO,upstream,__ENVHARMONIZER_MISSING__,__ENVHARMONIZER_MISSING__,__ENVHARMONIZER_MISSING__
ENVO:01000481,ENVO:01000480,is_a,ENVO,upstream,__ENVHARMONIZER_MISSING__,__ENVHARMONIZER_MISSING__,__ENVHARMONIZER_MISSING__
ENVO:01000482,ENVO:01000481,is_a,ENVO,upstream,__ENVHARMONIZER_MISSING__,__ENVHARMONIZER_MISSING__,__ENVHARMONIZER_MISSING__
ENVO:01000483,ENVO:01000482,is_a,ENVO,upstream,__ENVHARMONIZER_MISSING__,__ENVHARMONIZER_MISSING__,__ENVHARMONIZER_MISSING__
ENVO:01000484,ENVO:01000482,is_a,ENVO,upstream,__ENVHARMONIZER_MISSING__,__ENVHARMONIZER_MISSING__,__ENVHARMONIZER_MISSING__
ENVO:01000485,ENVO:01000481,is_a,ENVO,upstream,__ENVHARMONIZER_MISSING__,__ENVHARMONIZER_MISSING__,__ENVHARMONIZER_MISSING__
ENVO:01000508,ENVO:01000256,is_a,ENVO,upstream,__ENVHARMONIZER_MISSING__,__ENVHARMONIZER_MISSING__,__ENVHARMONIZER_MISSING__
ENVO:01000537,ENVO:01000797,is_a,ENVO,upstream,__ENVHARMONIZER_MISSING__,__ENVHARMONIZER_MISSING__,__ENVHARMONIZER_MISSING__
ENVO:01000551,ENVO:00002983,is_a,ENVO,upstream,__ENVHARMONIZER_MISSING__,__ENVHARMONIZER_MISSING__,__ENVHARMONIZER_MISSING__
ENVO:01000552,ENVO:01000554,is_a,ENVO,upstream,__ENVHARMONIZER_MISSING__,__ENVHARMONIZER_MISSING__,__ENVHARMONIZER_MISSING__
ENVO:01000553,ENVO:01000558,is_a,ENVO,upstream,__ENVHARMONIZER_MISSING__,__ENVHARMONIZER_MISSING__,__ENVHARMONIZER_MISSING__
ENVO:01000554,ENVO:01000797,is_a,ENVO,upstream,__ENVHARMONIZER_MISSING__,__ENVHARMONIZER_MISSING__,__ENVHARMONIZER_MISSING__
ENVO:01000554,ENVO:2000045,is_a,ENVO,upstream,__ENVHARMONIZER_MISSING__,__ENVHARMONIZER_MISSING__,__ENVHARMONIZER_MISSING__
ENVO:01000555,ENVO:01000552,is_a,ENVO,upstream,__ENVHARMONIZER_MISSING__,__ENVHARMONIZER_MISSING__,__ENVHARMONIZER_MISSING__
ENVO:01000556,ENVO:01000554,is_a,ENVO,upstream,__ENVHARMONIZER_MISSING__,__ENVHARMONIZER_MISSING__,__ENVHARMONIZER_MISSING__
ENVO:01000557,ENVO:01000558,is_a,ENVO,upstream,__ENVHARMONIZER_MISSING__,__ENVHARMONIZER_MISSING__,__ENVHARMONIZER_MISSING__
ENVO:01000558,ENVO:01000815,is_a,ENVO,upstream,__ENVHARMONIZER_MISSING__,__ENVHARMONIZER_MISSING__,__ENVHARMONIZER_MISSING__
ENVO:01000558,ENVO:2000045,is_a,ENVO,upstream,__ENVHARMONIZER_MISSING__,__ENVHARMONIZER_MISSING__,__ENVHARMONIZER_MISSING__
ENVO:01000559,ENVO:01000556,is_a,ENVO,upstream,__ENVHARMONIZER_MISSING__,__ENVHARMONIZER_MISSING__,__ENVHARMONIZER_MISSING__
ENVO:01000560,ENVO:01000155,is_a,ENVO,upstream,__ENVHARMONIZER_MISSING__,__ENVHARMONIZER_MISSING__,__ENVHARMONIZER_MISSING__
ENVO:01000560,ENVO:01000814,is_a,ENVO,upstream,__ENVHARMONIZER_MISSING__,__ENVHARMONIZER_MISSING__,__ENVHARMONIZER_MISSING__
ENVO:01000560,ENVO:2000045,is_a,ENVO,upstream,__ENVHARMONIZER_MISSING__,__ENVHARMONIZER_MISSING__,__ENVHARMONIZER_MISSING__
ENVO:01000575,ENVO:00010483,is_a,ENVO,upstream,__ENVHARMONIZER_MISSING__,__ENVHARMONIZER_MISSING__,__ENVHARMONIZER_MISSING__
ENVO:01000599,ENVO:03605006,is_a,ENVO,upstream,__ENVHARMONIZER_MISSING__,__ENVHARMONIZER_MISSING__,__ENVHARMONIZER_MISSING__
ENVO:01000600,ENVO:00002011,is_a,ENVO,upstream,__ENVHARMONIZER_MISSING__,__ENVHARMONIZER_MISSING__,__ENVHARMONIZER_MISSING__
ENVO:01000628,ENVO:01000155,is_a,ENVO,upstream,__ENVHARMONIZER_MISSING__,__ENVHARMONIZER_MISSING__,__ENVHARMONIZER_MISSING__
ENVO:01000637,ENVO:00010483,is_a,ENVO,upstream,__ENVHARMONIZER_MISSING__,__ENVHARMONIZER_MISSING__,__ENVHARMONIZER_MISSING__
ENVO:01000648,ENVO:02000140,is_a,ENVO,upstream,__ENVHARMONIZER_MISSING__,__ENVHARMONIZER_MISSING__,__ENVHARMONIZER_MISSING__
ENVO:01000660,ENVO:01000814,is_a,ENVO,upstream,__ENVHARMONIZER_MISSING__,__ENVHARMONIZER_MISSING__,__ENVHARMONIZER_MISSING__
ENVO:01000661,ENVO:00001995,is_a,ENVO,upstream,__ENVHARMONIZER_MISSING__,__ENVHARMONIZER_MISSING__,__ENVHARMONIZER_MISSING__
ENVO:01000662,ENVO:00001995,is_a,ENVO,upstream,__ENVHARMONIZER_MISSING__,__ENVHARMONIZER_MISSING__,__ENVHARMONIZER_MISSING__
ENVO:01000663,ENVO:00001995,is_a,ENVO,upstream,__ENVHARMONIZER_MISSING__,__ENVHARMONIZER_MISSING__,__ENVHARMONIZER_MISSING__
ENVO:01000676,ENVO:00002005,is_a,ENVO,upstream,__ENVHARMONIZER_MISSING__,__ENVHARMONIZER_MISSING__,__ENVHARMONIZER_MISSING__
ENVO:01000681,ENVO:01000508,is_a,ENVO,upstream,__ENVHARMONIZER_MISSING__,__ENVHARMONIZER_MISSING__,__ENVHARMONIZER_MISSING__
ENVO:01000701,ENVO:02000090,is_a,ENVO,upstream,__ENVHARMONIZER_MISSING__,__ENVHARMONIZER_MISSING__,__ENVHARMONIZER_MISSING__
ENVO:01000722,ENVO:00002006,is_a,ENVO,upstream,__ENVHARMONIZER_MISSING__,__ENVHARMONIZER_MISSING__,__ENVHARMONIZER_MISSING__
ENVO:01000751,ENVO:00001995,is_a,ENVO,upstream,__ENVHARMONIZER_MISSING__,__ENVHARMONIZER_MISSING__,__ENVHARMONIZER_MISSING__
ENVO:01000770,ENVO:01000451,is_a,ENVO,upstream,__ENVHARMONIZER_MISSING__,__ENVHARMONIZER_MISSING__,__ENVHARMONIZER_MISSING__
ENVO:01000789,ENVO:01000797,is_a,ENVO,upstream,__ENVHARMONIZER_MISSING__,__ENVHARMONIZER_MISSING__,__ENVHARMONIZER_MISSING__
ENVO:01000790,ENVO:01000789,is_a,ENVO,upstream,__ENVHARMONIZER_MISSING__,__ENVHARMONIZER_MISSING__,__ENVHARMONIZER_MISSING__
ENVO:01000797,ENVO:02000140,is_a,ENVO,upstream,__ENVHARMONIZER_MISSING__,__ENVHARMONIZER_MISSING__,__ENVHARMONIZER_MISSING__
ENVO:01000798,ENVO:02000140,is_a,ENVO,upstream,__ENVHARMONIZER_MISSING__,__ENVHARMONIZER_MISSING__,__ENVHARMONIZER_MISSING__
ENVO:01000814,ENVO:00010483,is_a,ENVO,upstream,__ENVHARMONIZER_MISSING__,__ENVHARMONIZER_MISSING__,__ENVHARMONIZER_MISSING__
ENVO:01000815,ENVO:02000140,is_a,ENVO,upstream,__ENVHARMONIZER_MISSING__,__ENVHARMONIZER_MISSING__,__ENVHARMONIZER_MISSING__
ENVO:01000828,ENVO:00002005,is_a,ENVO,upstream,__ENVHARMONIZER_MISSING__,__ENVHARMONIZER_MISSING__,__ENVHARMONIZER_MISSING__
ENVO:01000829,ENVO:01000828,is_a,ENVO,upstream,__ENVHARMONIZER_MISSING__,__ENVHARMONIZER_MISSING__,__ENVHARMONIZER_MISSING__
ENVO:01000838,ENVO:00010505,is_a,ENVO,upstream,__ENVHARMONIZER_MISSING__,__ENVHARMONIZER_MISSING__,__ENVHARMONIZER_MISSING__
ENVO:01000842,ENVO:01000844,is_a,ENVO,upstream,__ENVHARMONIZER_MISSING__,__ENVHARMONIZER_MISSING__,__ENVHARMONIZER_MISSING__
ENVO:01000844,ENVO:01001088,is_a,ENVO,upstream,__ENVHARMONIZER_MISSING__,__ENVHARMONIZER_MISSING__,__ENVHARMONIZER_MISSING__
ENVO:01000844,ENVO:01001652,is_a,ENVO,upstream,__ENVHARMONIZER_MISSING__,__ENVHARMONIZER_MISSING__,__ENVHARMONIZER_MISSING__
ENVO:01000845,ENVO:01000814,is_a,ENVO,upstream,__ENVHARMONIZER_MISSING__,__ENVHARMONIZER_MISSING__,__ENVHARMONIZER_MISSING__
ENVO:01000846,ENVO:01000845,is_a,ENVO,upstream,__ENVHARMONIZER_MISSING__,__ENVHARMONIZER_MISSING__,__ENVHARMONIZER_MISSING__
ENVO:01000847,ENVO:01000277,is_a,ENVO,upstream,__ENVHARMONIZER_MISSING__,__ENVHARMONIZER_MISSING__,__ENVHARMONIZER_MISSING__
ENVO:01000850,ENVO:01000845,is_a,ENVO,upstream,__ENVHARMONIZER_MISSING__,__ENVHARMONIZER_MISSING__,__ENVHARMONIZER_MISSING__
ENVO:01000851,ENVO:01000850,is_a,ENVO,upstream,__ENVHARMONIZER_MISSING__,__ENVHARMONIZER_MISSING__,__ENVHARMONIZER_MISSING__
ENVO:01000853,ENVO:01000256,is_a,ENVO,upstream,__ENVHARMONIZER_MISSING__,__ENVHARMONIZER_MISSING__,__ENVHARMONIZER_MISSING__
ENVO:01000872,ENVO:00002006,is_a,ENVO,upstream,__ENVHARMONIZER_MISSING__,__ENVHARMONIZER_MISSING__,__ENVHARMONIZER_MISSING__
ENVO:01000939,ENVO:00010483,is_a,ENVO,upstream,__ENVHARMONIZER_MISSING__,__ENVHARMONIZER_MISSING__,__ENVHARMONIZER_MISSING__
ENVO:01000940,ENVO:00002006,is_a,ENVO,upstream,__ENVHARMONIZER_MISSING__,__ENVHARMONIZER_MISSING__,__ENVHARMONIZER_MISSING__
ENVO:01000962,ENVO:00002016,is_a,ENVO,upstream,__ENVHARMONIZER_MISSING__,__ENVHARMONIZER_MISSING__,__ENVHARMONIZER_MISSING__
ENVO:01000964,ENVO:00002001,is_a,ENVO,upstream,__ENVHARMONIZER_MISSING__,__ENVHARMONIZER_MISSING__,__ENVHARMONIZER_MISSING__
ENVO:01001004,ENVO:00005792,is_a,ENVO,upstream,__ENVHARMONIZER_MISSING__,__ENVHARMONIZER_MISSING__,__ENVHARMONIZER_MISSING__
ENVO:01001018,ENVO:00002224,is_a,ENVO,upstream,__ENVHARMONIZER_MISSING__,__ENVHARMONIZER_MISSING__,__ENVHARMONIZER_MISSING__
ENVO:01001028,ENVO:00002007,is_a,ENVO,upstream,__ENVHARMONIZER_MISSING__,__ENVHARMONIZER_MISSING__,__ENVHARMONIZER_MISSING__
ENVO:01001036,ENVO:00002007,is_a,ENVO,upstream,__ENVHARMONIZER_MISSING__,__ENVHARMONIZER_MISSING__,__ENVHARMONIZER_MISSING__
ENVO:01001037,ENVO:00002010,is_a,ENVO,upstream,__ENVHARMONIZER_MISSING__,__ENVHARMONIZER_MISSING__,__ENVHARMONIZER_MISSING__
ENVO:01001038,ENVO:00002010,is_a,ENVO,upstream,__ENVHARMONIZER_MISSING__,__ENVHARMONIZER_MISSING__,__ENVHARMONIZER_MISSING__
ENVO:01001039,ENVO:00002010,is_a,ENVO,upstream,__ENVHARMONIZER_MISSING__,__ENVHARMONIZER_MISSING__,__ENVHARMONIZER_MISSING__
ENVO:01001059,ENVO:02000008,is_a,ENVO,upstream,__ENVHARMONIZER_MISSING__,__ENVHARMONIZER_MISSING__,__ENVHARMONIZER_MISSING__
ENVO:01001060,ENVO:02000008,is_a,ENVO,upstream,__ENVHARMONIZER_MISSING__,__ENVHARMONIZER_MISSING__,__ENVHARMONIZER_MISSING__
ENVO:01001063,ENVO:00002006,is_a,ENVO,upstream,__ENVHARMONIZER_MISSING__,__ENVHARMONIZER_MISSING__,__ENVHARMONIZER_MISSING__
ENVO:01001064,ENVO:00002006,is_a,ENVO,upstream,__ENVHARMONIZER_MISSING__,__ENVHARMONIZER_MISSING__,__ENVHARMONIZER_MISSING__
ENVO:01001069,ENVO:00010483,is_a,ENVO,upstream,__ENVHARMONIZER_MISSING__,__ENVHARMONIZER_MISSING__,__ENVHARMONIZER_MISSING__
ENVO:01001088,ENVO:00010505,is_a,ENVO,upstream,__ENVHARMONIZER_MISSING__,__ENVHARMONIZER_MISSING__,__ENVHARMONIZER_MISSING__
ENVO:01001088,ENVO:02000140,is_a,ENVO,upstream,__ENVHARMONIZER_MISSING__,__ENVHARMONIZER_MISSING__,__ENVHARMONIZER_MISSING__
ENVO:01001089,ENVO:00010505,is_a,ENVO,upstream,__ENVHARMONIZER_MISSING__,__ENVHARMONIZER_MISSING__,__ENVHARMONIZER_MISSING__
ENVO:01001103,ENVO:01000155,is_a,ENVO,upstream,__ENVHARMONIZER_MISSING__,__ENVHARMONIZER_MISSING__,__ENVHARMONIZER_MISSING__
ENVO:01001113,ENVO:0010003,is_a,ENVO,upstream,__ENVHARMONIZER_MISSING__,__ENVHARMONIZER_MISSING__,__ENVHARMONIZER_MISSING__
ENVO:01001116,ENVO:00003031,is_a,ENVO,upstream,__ENVHARMONIZER_MISSING__,__ENVHARMONIZER_MISSING__,__ENVHARMONIZER_MISSING__
ENVO:01001117,ENVO:00003031,is_a,ENVO,upstream,__ENVHARMONIZER_MISSING__,__ENVHARMONIZER_MISSING__,__ENVHARMONIZER_MISSING__
ENVO:01001118,ENVO:00003031,is_a,ENVO,upstream,__ENVHARMONIZER_MISSING__,__ENVHARMONIZER_MISSING__,__ENVHARMONIZER_MISSING__
ENVO:01001119,ENVO:00003031,is_a,ENVO,upstream,__ENVHARMONIZER_MISSING__,__ENVHARMONIZER_MISSING__,__ENVHARMONIZER_MISSING__
ENVO:01001121,ENVO:01000155,is_a,ENVO,upstream,__ENVHARMONIZER_MISSING__,__ENVHARMONIZER_MISSING__,__ENVHARMONIZER_MISSING__
ENVO:01001121,ENVO:01000814,is_a,ENVO,upstream,__ENVHARMONIZER_MISSING__,__ENVHARMONIZER_MISSING__,__ENVHARMONIZER_MISSING__
ENVO:01001125,ENVO:01000814,is_a,ENVO,upstream,__ENVHARMONIZER_MISSING__,__ENVHARMONIZER_MISSING__,__ENVHARMONIZER_MISSING__
ENVO:01001126,ENVO:01001154,is_a,ENVO,upstream,__ENVHARMONIZER_MISSING__,__ENVHARMONIZER_MISSING__,__ENVHARMONIZER_MISSING__
ENVO:01001138,ENVO:01001125,is_a,ENVO,upstream,__ENVHARMONIZER_MISSING__,__ENVHARMONIZER_MISSING__,__ENVHARMONIZER_MISSING__
ENVO:01001139,ENVO:01001125,is_a,ENVO,upstream,__ENVHARMONIZER_MISSING__,__ENVHARMONIZER_MISSING__,__ENVHARMONIZER_MISSING__
ENVO:01001139,ENVO:2000045,is_a,ENVO,upstream,__ENVHARMONIZER_MISSING__,__ENVHARMONIZER_MISSING__,__ENVHARMONIZER_MISSING__
ENVO:01001140,ENVO:01001125,is_a,ENVO,upstream,__ENVHARMONIZER_MISSING__,__ENVHARMONIZER_MISSING__,__ENVHARMONIZER_MISSING__
ENVO:01001141,ENVO:01001125,is_a,ENVO,upstream,__ENVHARMONIZER_MISSING__,__ENVHARMONIZER_MISSING__,__ENVHARMONIZER_MISSING__
ENVO:01001154,ENVO:00010483,is_a,ENVO,upstream,__ENVHARMONIZER_MISSING__,__ENVHARMONIZER_MISSING__,__ENVHARMONIZER_MISSING__
ENVO:01001155,ENVO:01001154,is_a,ENVO,upstream,__ENVHARMONIZER_MISSING__,__ENVHARMONIZER_MISSING__,__ENVHARMONIZER_MISSING__
ENVO:01001156,ENVO:00010483,is_a,ENVO,upstream,__ENVHARMONIZER_MISSING__,__ENVHARMONIZER_MISSING__,__ENVHARMONIZER_MISSING__
ENVO:01001185,ENVO:00001998,is_a,ENVO,upstream,__ENVHARMONIZER_MISSING__,__ENVHARMONIZER_MISSING__,__ENVHARMONIZER_MISSING__
ENVO:01001186,ENVO:01000701,is_a,ENVO,upstream,__ENVHARMONIZER_MISSING__,__ENVHARMONIZER_MISSING__,__ENVHARMONIZER_MISSING__
ENVO:01001189,ENVO:01000155,is_a,ENVO,upstream,__ENVHARMONIZER_MISSING__,__ENVHARMONIZER_MISSING__,__ENVHARMONIZER_MISSING__
ENVO:01001190,ENVO:00002200,is_a,ENVO,upstream,__ENVHARMONIZER_MISSING__,__ENVHARMONIZER_MISSING__,__ENVHARMONIZER_MISSING__
ENVO:01001202,ENVO:00010483,is_a,ENVO,upstream,__ENVHARMONIZER_MISSING__,__ENVHARMONIZER_MISSING__,__ENVHARMONIZER_MISSING__
ENVO:01001203,ENVO:00002007,is_a,ENVO,upstream,__ENVHARMONIZER_MISSING__,__ENVHARMONIZER_MISSING__,__ENVHARMONIZER_MISSING__
ENVO:01001204,ENVO:00001995,is_a,ENVO,upstream,__ENVHARMONIZER_MISSING__,__ENVHARMONIZER_MISSING__,__ENVHARMONIZER_MISSING__
ENVO:01001231,ENVO:01000155,is_a,ENVO,upstream,__ENVHARMONIZER_MISSING__,__ENVHARMONIZER_MISSING__,__ENVHARMONIZER_MISSING__
ENVO:01001231,ENVO:01000814,is_a,ENVO,upstream,__ENVHARMONIZER_MISSING__,__ENVHARMONIZER_MISSING__,__ENVHARMONIZER_MISSING__
ENVO:01001232,ENVO:01001231,is_a,ENVO,upstream,__ENVHARMONIZER_MISSING__,__ENVHARMONIZER_MISSING__,__ENVHARMONIZER_MISSING__
ENVO:01001233,ENVO:01001231,is_a,ENVO,upstream,__ENVHARMONIZER_MISSING__,__ENVHARMONIZER_MISSING__,__ENVHARMONIZER_MISSING__
ENVO:01001234,ENVO:01001231,is_a,ENVO,upstream,__ENVHARMONIZER_MISSING__,__ENVHARMONIZER_MISSING__,__ENVHARMONIZER_MISSING__
ENVO:01001235,ENVO:01001231,is_a,ENVO,upstream,__ENVHARMONIZER_MISSING__,__ENVHARMONIZER_MISSING__,__ENVHARMONIZER_MISSING__
ENVO:01001236,ENVO:01001235,is_a,ENVO,upstream,__ENVHARMONIZER_MISSING__,__ENVHARMONIZER_MISSING__,__ENVHARMONIZER_MISSING__
ENVO:01001237,ENVO:01001231,is_a,ENVO,upstream,__ENVHARMONIZER_MISSING__,__ENVHARMONIZER_MISSING__,__ENVHARMONIZER_MISSING__
ENVO:01001238,ENVO:01001231,is_a,ENVO,upstream,__ENVHARMONIZER_MISSING__,__ENVHARMONIZER_MISSING__,__ENVHARMONIZER_MISSING__
ENVO:01001238,ENVO:2000045,is_a,ENVO,upstream,__ENVHARMONIZER_MISSING__,__ENVHARMONIZER_MISSING__,__ENVHARMONIZER_MISSING__
ENVO:01001257,ENVO:00002010,is_a,ENVO,upstream,__ENVHARMONIZER_MISSING__,__ENVHARMONIZER_MISSING__,__ENVHARMONIZER_MISSING__
ENVO:01001257,ENVO:01000813,is_a,ENVO,upstream,__ENVHARMONIZER_MISSING__,__ENVHARMONIZER_MISSING__,__ENVHARMONIZER_MISSING__
ENVO:01001258,ENVO:01000844,is_a,ENVO,upstream,__ENVHARMONIZER_MISSING__,__ENVHARMONIZER_MISSING__,__ENVHARMONIZER_MISSING__
ENVO:01001267,ENVO:00002006,is_a,ENVO,upstream,__ENVHARMONIZER_MISSING__,__ENVHARMONIZER_MISSING__,__ENVHARMONIZER_MISSING__
ENVO:01001268,ENVO:01001267,is_a,ENVO,upstream,__ENVHARMONIZER_MISSING__,__ENVHARMONIZER_MISSING__,__ENVHARMONIZER_MISSING__
ENVO:01001270,ENVO:01001267,is_a,ENVO,upstream,__ENVHARMONIZER_MISSING__,__ENVHARMONIZER_MISSING__,__ENVHARMONIZER_MISSING__
ENVO:01001282,ENVO:00002008,is_a,ENVO,upstream,__ENVHARMONIZER_MISSING__,__ENVHARMONIZER_MISSING__,__ENVHARMONIZER_MISSING__
ENVO:01001283,ENVO:00002008,is_a,ENVO,upstream,__ENVHARMONIZER_MISSING__,__ENVHARMONIZER_MISSING__,__ENVHARMONIZER_MISSING__
ENVO:01001284,ENVO:00002008,is_a,ENVO,upstream,__ENVHARMONIZER_MISSING__,__ENVHARMONIZER_MISSING__,__ENVHARMONIZER_MISSING__
ENVO:01001285,ENVO:00002008,is_a,ENVO,upstream,__ENVHARMONIZER_MISSING__,__ENVHARMONIZER_MISSING__,__ENVHARMONIZER_MISSING__
ENVO:01001286,ENVO:00002008,is_a,ENVO,upstream,__ENVHARMONIZER_MISSING__,__ENVHARMONIZER_MISSING__,__ENVHARMONIZER_MISSING__
ENVO:01001288,ENVO:02000100,is_a,ENVO,upstream,__ENVHARMONIZER_MISSING__,__ENVHARMONIZER_MISSING__,__ENVHARMONIZER_MISSING__
ENVO:01001391,ENVO:01000155,is_a,ENVO,upstream,__ENVHARMONIZER_MISSING__,__ENVHARMONIZER_MISSING__,__ENVHARMONIZER_MISSING__
ENVO:01001392,ENVO:01001391,is_a,ENVO,upstream,__ENVHARMONIZER_MISSING__,__ENVHARMONIZER_MISSING__,__ENVHARMONIZER_MISSING__
ENVO:01001393,ENVO:01001392,is_a,ENVO,upstream,__ENVHARMONIZER_MISSING__,__ENVHARMONIZER_MISSING__,__ENVHARMONIZER_MISSING__
ENVO:01001395,ENVO:01000155,is_a,ENVO,upstream,__ENVHARMONIZER_MISSING__,__ENVHARMONIZER_MISSING__,__ENVHARMONIZER_MISSING__
ENVO:01001396,ENVO:00002982,is_a,ENVO,upstream,__ENVHARMONIZER_MISSING__,__ENVHARMONIZER_MISSING__,__ENVHARMONIZER_MISSING__
ENVO:01001396,ENVO:01000813,is_a,ENVO,upstream,__ENVHARMONIZER_MISSING__,__ENVHARMONIZER_MISSING__,__ENVHARMONIZER_MISSING__
ENVO:01001397,ENVO:00001998,is_a,ENVO,upstream,__ENVHARMONIZER_MISSING__,__ENVHARMONIZER_MISSING__,__ENVHARMONIZER_MISSING__
ENVO:01001402,ENVO:01001089,is_a,ENVO,upstream,__ENVHARMONIZER_MISSING__,__ENVHARMONIZER_MISSING__,__ENVHARMONIZER_MISSING__
ENVO:01001402,ENVO:01001652,is_a,ENVO,upstream,__ENVHARMONIZER_MISSING__,__ENVHARMONIZER_MISSING__,__ENVHARMONIZER_MISSING__
ENVO:01001458,ENVO:01001088,is_a,ENVO,upstream,__ENVHARMONIZER_MISSING__,__ENVHARMONIZER_MISSING__,__ENVHARMONIZER_MISSING__
ENVO:01001458,ENVO:01001652,is_a,ENVO,upstream,__ENVHARMONIZER_MISSING__,__ENVHARMONIZER_MISSING__,__ENVHARMONIZER_MISSING__
ENVO:01001511,ENVO:01000277,is_a,ENVO,upstream,__ENVHARMONIZER_MISSING__,__ENVHARMONIZER_MISSING__,__ENVHARMONIZER_MISSING__
ENVO:01001511,ENVO:02000140,is_a,ENVO,upstream,__ENVHARMONIZER_MISSING__,__ENVHARMONIZER_MISSING__,__ENVHARMONIZER_MISSING__
ENVO:01001512,ENVO:00002200,is_a,ENVO,upstream,__ENVHARMONIZER_MISSING__,__ENVHARMONIZER_MISSING__,__ENVHARMONIZER_MISSING__
ENVO:01001513,ENVO:01000277,is_a,ENVO,upstream,__ENVHARMONIZER_MISSING__,__ENVHARMONIZER_MISSING__,__ENVHARMONIZER_MISSING__
ENVO:01001514,ENVO:01001515,is_a,ENVO,upstream,__ENVHARMONIZER_MISSING__,__ENVHARMONIZER_MISSING__,__ENVHARMONIZER_MISSING__
ENVO:01001515,ENVO:01001511,is_a,ENVO,upstream,__ENVHARMONIZER_MISSING__,__ENVHARMONIZER_MISSING__,__ENVHARMONIZER_MISSING__
ENVO:01001516,ENVO:01001515,is_a,ENVO,upstream,__ENVHARMONIZER_MISSING__,__ENVHARMONIZER_MISSING__,__ENVHARMONIZER_MISSING__
ENVO:01001523,ENVO:03000063,is_a,ENVO,upstream,__ENVHARMONIZER_MISSING__,__ENVHARMONIZER_MISSING__,__ENVHARMONIZER_MISSING__
ENVO:01001525,ENVO:01000814,is_a,ENVO,upstream,__ENVHARMONIZER_MISSING__,__ENVHARMONIZER_MISSING__,__ENVHARMONIZER_MISSING__
ENVO:01001525,ENVO:01001526,is_a,ENVO,upstream,__ENVHARMONIZER_MISSING__,__ENVHARMONIZER_MISSING__,__ENVHARMONIZER_MISSING__
ENVO:01001526,ENVO:00001998,is_a,ENVO,upstream,__ENVHARMONIZER_MISSING__,__ENVHARMONIZER_MISSING__,__ENVHARMONIZER_MISSING__
ENVO:01001527,ENVO:01001526,is_a,ENVO,upstream,__ENVHARMONIZER_MISSING__,__ENVHARMONIZER_MISSING__,__ENVHARMONIZER_MISSING__
ENVO:01001528,ENVO:01000814,is_a,ENVO,upstream,__ENVHARMONIZER_MISSING__,__ENVHARMONIZER_MISSING__,__ENVHARMONIZER_MISSING__
ENVO:01001528,ENVO:01001526,is_a,ENVO,upstream,__ENVHARMONIZER_MISSING__,__ENVHARMONIZER_MISSING__,__ENVHARMONIZER_MISSING__
ENVO:01001557,ENVO:01000277,is_a,ENVO,upstream,__ENVHARMONIZER_MISSING__,__ENVHARMONIZER_MISSING__,__ENVHARMONIZER_MISSING__
ENVO:01001560,ENVO:00010483,is_a,ENVO,upstream,__ENVHARMONIZER_MISSING__,__ENVHARMONIZER_MISSING__,__ENVHARMONIZER_MISSING__
ENVO:01001561,ENVO:01000814,is_a,ENVO,upstream,__ENVHARMONIZER_MISSING__,__ENVHARMONIZER_MISSING__,__ENVHARMONIZER_MISSING__
ENVO:01001562,ENVO:01001561,is_a,ENVO,upstream,__ENVHARMONIZER_MISSING__,__ENVHARMONIZER_MISSING__,__ENVHARMONIZER_MISSING__
ENVO:01001563,ENVO:01000060,is_a,ENVO,upstream,__ENVHARMONIZER_MISSING__,__ENVHARMONIZER_MISSING__,__ENVHARMONIZER_MISSING__
ENVO:01001608,ENVO:00002983,is_a,ENVO,upstream,__ENVHARMONIZER_MISSING__,__ENVHARMONIZER_MISSING__,__ENVHARMONIZER_MISSING__
ENVO:01001614,ENVO:00000134,is_a,ENVO,upstream,__ENVHARMONIZER_MISSING__,__ENVHARMONIZER_MISSING__,__ENVHARMONIZER_MISSING__
ENVO:01001616,ENVO:00001998,is_a,ENVO,upstream,__ENVHARMONIZER_MISSING__,__ENVHARMONIZER_MISSING__,__ENVHARMONIZER_MISSING__
ENVO:01001638,ENVO:00001998,is_a,ENVO,upstream,__ENVHARMONIZER_MISSING__,__ENVHARMONIZER_MISSING__,__ENVHARMONIZER_MISSING__
ENVO:01001644,ENVO:00010483,is_a,ENVO,upstream,__ENVHARMONIZER_MISSING__,__ENVHARMONIZER_MISSING__,__ENVHARMONIZER_MISSING__
ENVO:01001646,ENVO:01000814,is_a,ENVO,upstream,__ENVHARMONIZER_MISSING__,__ENVHARMONIZER_MISSING__,__ENVHARMONIZER_MISSING__
ENVO:01001647,ENVO:01000813,is_a,ENVO,upstream,__ENVHARMONIZER_MISSING__,__ENVHARMONIZER_MISSING__,__ENVHARMONIZER_MISSING__
ENVO:01001647,ENVO:01001560,is_a,ENVO,upstream,__ENVHARMONIZER_MISSING__,__ENVHARMONIZER_MISSING__,__ENVHARMONIZER_MISSING__
ENVO:01001648,ENVO:01001647,is_a,ENVO,upstream,__ENVHARMONIZER_MISSING__,__ENVHARMONIZER_MISSING__,__ENVHARMONIZER_MISSING__
ENVO:01001649,ENVO:00010483,is_a,ENVO,upstream,__ENVHARMONIZER_MISSING__,__ENVHARMONIZER_MISSING__,__ENVHARMONIZER_MISSING__
ENVO:01001650,ENVO:00010483,is_a,ENVO,upstream,__ENVHARMONIZER_MISSING__,__ENVHARMONIZER_MISSING__,__ENVHARMONIZER_MISSING__
ENVO:01001651,ENVO:01000436,is_a,ENVO,upstream,__ENVHARMONIZER_MISSING__,__ENVHARMONIZER_MISSING__,__ENVHARMONIZER_MISSING__
ENVO:01001652,ENVO:00010505,is_a,ENVO,upstream,__ENVHARMONIZER_MISSING__,__ENVHARMONIZER_MISSING__,__ENVHARMONIZER_MISSING__
ENVO:01001820,ENVO:01000155,is_a,ENVO,upstream,__ENVHARMONIZER_MISSING__,__ENVHARMONIZER_MISSING__,__ENVHARMONIZER_MISSING__
ENVO:01001821,ENVO:00002007,is_a,ENVO,upstream,__ENVHARMONIZER_MISSING__,__ENVHARMONIZER_MISSING__,__ENVHARMONIZER_MISSING__
ENVO:01001841,ENVO:00002232,is_a,ENVO,upstream,__ENVHARMONIZER_MISSING__,__ENVHARMONIZER_MISSING__,__ENVHARMONIZER_MISSING__
ENVO:01001845,ENVO:01001850,is_a,ENVO,upstream,__ENVHARMONIZER_MISSING__,__ENVHARMONIZER_MISSING__,__ENVHARMONIZER_MISSING__
ENVO:01001846,ENVO:01001845,is_a,ENVO,upstream,__ENVHARMONIZER_MISSING__,__ENVHARMONIZER_MISSING__,__ENVHARMONIZER_MISSING__
ENVO:01001847,ENVO:01001845,is_a,ENVO,upstream,__ENVHARMONIZER_MISSING__,__ENVHARMONIZER_MISSING__,__ENVHARMONIZER_MISSING__
ENVO:01001848,ENVO:01001850,is_a,ENVO,upstream,__ENVHARMONIZER_MISSING__,__ENVHARMONIZER_MISSING__,__ENVHARMONIZER_MISSING__
ENVO:01001849,ENVO:01001845,is_a,ENVO,upstream,__ENVHARMONIZER_MISSING__,__ENVHARMONIZER_MISSING__,__ENVHARMONIZER_MISSING__
ENVO:01001850,ENVO:01000814,is_a,ENVO,upstream,__ENVHARMONIZER_MISSING__,__ENVHARMONIZER_MISSING__,__ENVHARMONIZER_MISSING__
ENVO:01001869,ENVO:00003074,is_a,ENVO,upstream,__ENVHARMONIZER_MISSING__,__ENVHARMONIZER_MISSING__,__ENVHARMONIZER_MISSING__
ENVO:01001869,ENVO:0010001,is_a,ENVO,upstream,__ENVHARMONIZER_MISSING__,__ENVHARMONIZER_MISSING__,__ENVHARMONIZER_MISSING__
ENVO:01001869,ENVO:01000815,is_a,ENVO,upstream,__ENVHARMONIZER_MISSING__,__ENVHARMONIZER_MISSING__,__ENVHARMONIZER_MISSING__
ENVO:01001876,ENVO:01000406,is_a,ENVO,upstream,__ENVHARMONIZER_MISSING__,__ENVHARMONIZER_MISSING__,__ENVHARMONIZER_MISSING__
ENVO:01001882,ENVO:01001845,is_a,ENVO,upstream,__ENVHARMONIZER_MISSING__,__ENVHARMONIZER_MISSING__,__ENVHARMONIZER_MISSING__
ENVO:01001883,ENVO:01000846,is_a,ENVO,upstream,__ENVHARMONIZER_MISSING__,__ENVHARMONIZER_MISSING__,__ENVHARMONIZER_MISSING__
ENVO:02000004,ENVO:00010483,is_a,ENVO,upstream,__ENVHARMONIZER_MISSING__,__ENVHARMONIZER_MISSING__,__ENVHARMONIZER_MISSING__
ENVO:02000008,ENVO:01000155,is_a,ENVO,upstream,__ENVHARMONIZER_MISSING__,__ENVHARMONIZER_MISSING__,__ENVHARMONIZER_MISSING__
ENVO:02000019,AMH:0000050,is_a,amosharmonizer,reviewed,seanthimons,2026-09-03,ENVO bodily fluid branch under body-derived material.
ENVO:02000019,ENVO:01000155,is_a,ENVO,upstream,__ENVHARMONIZER_MISSING__,__ENVHARMONIZER_MISSING__,__ENVHARMONIZER_MISSING__
ENVO:02000020,ENVO:02000019,is_a,ENVO,upstream,__ENVHARMONIZER_MISSING__,__ENVHARMONIZER_MISSING__,__ENVHARMONIZER_MISSING__
ENVO:02000021,ENVO:02000019,is_a,ENVO,upstream,__ENVHARMONIZER_MISSING__,__ENVHARMONIZER_MISSING__,__ENVHARMONIZER_MISSING__
ENVO:02000022,ENVO:00002264,is_a,ENVO,upstream,__ENVHARMONIZER_MISSING__,__ENVHARMONIZER_MISSING__,__ENVHARMONIZER_MISSING__
ENVO:02000022,ENVO:02000019,is_a,ENVO,upstream,__ENVHARMONIZER_MISSING__,__ENVHARMONIZER_MISSING__,__ENVHARMONIZER_MISSING__
ENVO:02000023,ENVO:02000019,is_a,ENVO,upstream,__ENVHARMONIZER_MISSING__,__ENVHARMONIZER_MISSING__,__ENVHARMONIZER_MISSING__
ENVO:02000024,ENVO:02000019,is_a,ENVO,upstream,__ENVHARMONIZER_MISSING__,__ENVHARMONIZER_MISSING__,__ENVHARMONIZER_MISSING__
ENVO:02000025,ENVO:02000022,is_a,ENVO,upstream,__ENVHARMONIZER_MISSING__,__ENVHARMONIZER_MISSING__,__ENVHARMONIZER_MISSING__
ENVO:02000026,ENVO:02000019,is_a,ENVO,upstream,__ENVHARMONIZER_MISSING__,__ENVHARMONIZER_MISSING__,__ENVHARMONIZER_MISSING__
ENVO:02000027,ENVO:02000019,is_a,ENVO,upstream,__ENVHARMONIZER_MISSING__,__ENVHARMONIZER_MISSING__,__ENVHARMONIZER_MISSING__
ENVO:02000028,ENVO:02000019,is_a,ENVO,upstream,__ENVHARMONIZER_MISSING__,__ENVHARMONIZER_MISSING__,__ENVHARMONIZER_MISSING__
ENVO:02000029,ENVO:02000019,is_a,ENVO,upstream,__ENVHARMONIZER_MISSING__,__ENVHARMONIZER_MISSING__,__ENVHARMONIZER_MISSING__
ENVO:02000030,ENVO:02000019,is_a,ENVO,upstream,__ENVHARMONIZER_MISSING__,__ENVHARMONIZER_MISSING__,__ENVHARMONIZER_MISSING__
ENVO:02000031,ENVO:02000019,is_a,ENVO,upstream,__ENVHARMONIZER_MISSING__,__ENVHARMONIZER_MISSING__,__ENVHARMONIZER_MISSING__
ENVO:02000032,ENVO:02000019,is_a,ENVO,upstream,__ENVHARMONIZER_MISSING__,__ENVHARMONIZER_MISSING__,__ENVHARMONIZER_MISSING__
ENVO:02000033,ENVO:02000019,is_a,ENVO,upstream,__ENVHARMONIZER_MISSING__,__ENVHARMONIZER_MISSING__,__ENVHARMONIZER_MISSING__
ENVO:02000034,ENVO:02000019,is_a,ENVO,upstream,__ENVHARMONIZER_MISSING__,__ENVHARMONIZER_MISSING__,__ENVHARMONIZER_MISSING__
ENVO:02000035,ENVO:02000019,is_a,ENVO,upstream,__ENVHARMONIZER_MISSING__,__ENVHARMONIZER_MISSING__,__ENVHARMONIZER_MISSING__
ENVO:02000036,ENVO:02000019,is_a,ENVO,upstream,__ENVHARMONIZER_MISSING__,__ENVHARMONIZER_MISSING__,__ENVHARMONIZER_MISSING__
ENVO:02000037,ENVO:02000019,is_a,ENVO,upstream,__ENVHARMONIZER_MISSING__,__ENVHARMONIZER_MISSING__,__ENVHARMONIZER_MISSING__
ENVO:02000038,ENVO:02000019,is_a,ENVO,upstream,__ENVHARMONIZER_MISSING__,__ENVHARMONIZER_MISSING__,__ENVHARMONIZER_MISSING__
ENVO:02000039,ENVO:02000019,is_a,ENVO,upstream,__ENVHARMONIZER_MISSING__,__ENVHARMONIZER_MISSING__,__ENVHARMONIZER_MISSING__
ENVO:02000040,ENVO:02000019,is_a,ENVO,upstream,__ENVHARMONIZER_MISSING__,__ENVHARMONIZER_MISSING__,__ENVHARMONIZER_MISSING__
ENVO:02000041,ENVO:02000019,is_a,ENVO,upstream,__ENVHARMONIZER_MISSING__,__ENVHARMONIZER_MISSING__,__ENVHARMONIZER_MISSING__
ENVO:02000042,ENVO:02000019,is_a,ENVO,upstream,__ENVHARMONIZER_MISSING__,__ENVHARMONIZER_MISSING__,__ENVHARMONIZER_MISSING__
ENVO:02000044,ENVO:01000082,is_a,ENVO,upstream,__ENVHARMONIZER_MISSING__,__ENVHARMONIZER_MISSING__,__ENVHARMONIZER_MISSING__
ENVO:02000045,ENVO:01000082,is_a,ENVO,upstream,__ENVHARMONIZER_MISSING__,__ENVHARMONIZER_MISSING__,__ENVHARMONIZER_MISSING__
ENVO:02000046,ENVO:01000082,is_a,ENVO,upstream,__ENVHARMONIZER_MISSING__,__ENVHARMONIZER_MISSING__,__ENVHARMONIZER_MISSING__
ENVO:02000053,ENVO:0010003,is_a,ENVO,upstream,__ENVHARMONIZER_MISSING__,__ENVHARMONIZER_MISSING__,__ENVHARMONIZER_MISSING__
ENVO:02000059,ENVO:00001998,is_a,ENVO,upstream,__ENVHARMONIZER_MISSING__,__ENVHARMONIZER_MISSING__,__ENVHARMONIZER_MISSING__
ENVO:02000084,ENVO:00003031,is_a,ENVO,upstream,__ENVHARMONIZER_MISSING__,__ENVHARMONIZER_MISSING__,__ENVHARMONIZER_MISSING__
ENVO:02000090,ENVO:01000814,is_a,ENVO,upstream,__ENVHARMONIZER_MISSING__,__ENVHARMONIZER_MISSING__,__ENVHARMONIZER_MISSING__
ENVO:02000091,ENVO:00002016,is_a,ENVO,upstream,__ENVHARMONIZER_MISSING__,__ENVHARMONIZER_MISSING__,__ENVHARMONIZER_MISSING__
ENVO:02000094,ENVO:00001995,is_a,ENVO,upstream,__ENVHARMONIZER_MISSING__,__ENVHARMONIZER_MISSING__,__ENVHARMONIZER_MISSING__
ENVO:02000095,ENVO:02000094,is_a,ENVO,upstream,__ENVHARMONIZER_MISSING__,__ENVHARMONIZER_MISSING__,__ENVHARMONIZER_MISSING__
ENVO:02000096,ENVO:02000094,is_a,ENVO,upstream,__ENVHARMONIZER_MISSING__,__ENVHARMONIZER_MISSING__,__ENVHARMONIZER_MISSING__
ENVO:02000097,ENVO:02000094,is_a,ENVO,upstream,__ENVHARMONIZER_MISSING__,__ENVHARMONIZER_MISSING__,__ENVHARMONIZER_MISSING__
ENVO:02000098,ENVO:02000094,is_a,ENVO,upstream,__ENVHARMONIZER_MISSING__,__ENVHARMONIZER_MISSING__,__ENVHARMONIZER_MISSING__
ENVO:02000099,ENVO:00002008,is_a,ENVO,upstream,__ENVHARMONIZER_MISSING__,__ENVHARMONIZER_MISSING__,__ENVHARMONIZER_MISSING__
ENVO:02000100,ENVO:00002008,is_a,ENVO,upstream,__ENVHARMONIZER_MISSING__,__ENVHARMONIZER_MISSING__,__ENVHARMONIZER_MISSING__
ENVO:02000100,ENVO:01000256,is_a,ENVO,upstream,__ENVHARMONIZER_MISSING__,__ENVHARMONIZER_MISSING__,__ENVHARMONIZER_MISSING__
ENVO:02000101,ENVO:00002008,is_a,ENVO,upstream,__ENVHARMONIZER_MISSING__,__ENVHARMONIZER_MISSING__,__ENVHARMONIZER_MISSING__
ENVO:02000102,ENVO:02000101,is_a,ENVO,upstream,__ENVHARMONIZER_MISSING__,__ENVHARMONIZER_MISSING__,__ENVHARMONIZER_MISSING__
ENVO:02000103,ENVO:00002008,is_a,ENVO,upstream,__ENVHARMONIZER_MISSING__,__ENVHARMONIZER_MISSING__,__ENVHARMONIZER_MISSING__
ENVO:02000104,ENVO:00002008,is_a,ENVO,upstream,__ENVHARMONIZER_MISSING__,__ENVHARMONIZER_MISSING__,__ENVHARMONIZER_MISSING__
ENVO:02000105,ENVO:00002008,is_a,ENVO,upstream,__ENVHARMONIZER_MISSING__,__ENVHARMONIZER_MISSING__,__ENVHARMONIZER_MISSING__
ENVO:02000106,ENVO:02000101,is_a,ENVO,upstream,__ENVHARMONIZER_MISSING__,__ENVHARMONIZER_MISSING__,__ENVHARMONIZER_MISSING__
ENVO:02000107,ENVO:02000109,is_a,ENVO,upstream,__ENVHARMONIZER_MISSING__,__ENVHARMONIZER_MISSING__,__ENVHARMONIZER_MISSING__
ENVO:02000108,ENVO:02000109,is_a,ENVO,upstream,__ENVHARMONIZER_MISSING__,__ENVHARMONIZER_MISSING__,__ENVHARMONIZER_MISSING__
ENVO:02000109,ENVO:00002008,is_a,ENVO,upstream,__ENVHARMONIZER_MISSING__,__ENVHARMONIZER_MISSING__,__ENVHARMONIZER_MISSING__
ENVO:02000111,ENVO:02000094,is_a,ENVO,upstream,__ENVHARMONIZER_MISSING__,__ENVHARMONIZER_MISSING__,__ENVHARMONIZER_MISSING__
ENVO:02000112,ENVO:01000797,is_a,ENVO,upstream,__ENVHARMONIZER_MISSING__,__ENVHARMONIZER_MISSING__,__ENVHARMONIZER_MISSING__
ENVO:02000113,ENVO:02000112,is_a,ENVO,upstream,__ENVHARMONIZER_MISSING__,__ENVHARMONIZER_MISSING__,__ENVHARMONIZER_MISSING__
ENVO:02000114,ENVO:02000112,is_a,ENVO,upstream,__ENVHARMONIZER_MISSING__,__ENVHARMONIZER_MISSING__,__ENVHARMONIZER_MISSING__
ENVO:02000115,ENVO:02000112,is_a,ENVO,upstream,__ENVHARMONIZER_MISSING__,__ENVHARMONIZER_MISSING__,__ENVHARMONIZER_MISSING__
ENVO:02000116,ENVO:02000113,is_a,ENVO,upstream,__ENVHARMONIZER_MISSING__,__ENVHARMONIZER_MISSING__,__ENVHARMONIZER_MISSING__
ENVO:02000117,ENVO:01000575,is_a,ENVO,upstream,__ENVHARMONIZER_MISSING__,__ENVHARMONIZER_MISSING__,__ENVHARMONIZER_MISSING__
ENVO:02000118,ENVO:01000575,is_a,ENVO,upstream,__ENVHARMONIZER_MISSING__,__ENVHARMONIZER_MISSING__,__ENVHARMONIZER_MISSING__
ENVO:02000119,ENVO:00002056,is_a,ENVO,upstream,__ENVHARMONIZER_MISSING__,__ENVHARMONIZER_MISSING__,__ENVHARMONIZER_MISSING__
ENVO:02000120,ENVO:02000112,is_a,ENVO,upstream,__ENVHARMONIZER_MISSING__,__ENVHARMONIZER_MISSING__,__ENVHARMONIZER_MISSING__
ENVO:02000123,ENVO:0010001,is_a,ENVO,upstream,__ENVHARMONIZER_MISSING__,__ENVHARMONIZER_MISSING__,__ENVHARMONIZER_MISSING__
ENVO:02000123,ENVO:01000815,is_a,ENVO,upstream,__ENVHARMONIZER_MISSING__,__ENVHARMONIZER_MISSING__,__ENVHARMONIZER_MISSING__
ENVO:02000124,ENVO:02000123,is_a,ENVO,upstream,__ENVHARMONIZER_MISSING__,__ENVHARMONIZER_MISSING__,__ENVHARMONIZER_MISSING__
ENVO:02000126,ENVO:02000090,is_a,ENVO,upstream,__ENVHARMONIZER_MISSING__,__ENVHARMONIZER_MISSING__,__ENVHARMONIZER_MISSING__
ENVO:02000127,ENVO:02000090,is_a,ENVO,upstream,__ENVHARMONIZER_MISSING__,__ENVHARMONIZER_MISSING__,__ENVHARMONIZER_MISSING__
ENVO:02000128,ENVO:02000127,is_a,ENVO,upstream,__ENVHARMONIZER_MISSING__,__ENVHARMONIZER_MISSING__,__ENVHARMONIZER_MISSING__
ENVO:02000129,ENVO:02000127,is_a,ENVO,upstream,__ENVHARMONIZER_MISSING__,__ENVHARMONIZER_MISSING__,__ENVHARMONIZER_MISSING__
ENVO:02000130,ENVO:02000127,is_a,ENVO,upstream,__ENVHARMONIZER_MISSING__,__ENVHARMONIZER_MISSING__,__ENVHARMONIZER_MISSING__
ENVO:02000131,ENVO:02000127,is_a,ENVO,upstream,__ENVHARMONIZER_MISSING__,__ENVHARMONIZER_MISSING__,__ENVHARMONIZER_MISSING__
ENVO:02000138,ENVO:00001998,is_a,ENVO,upstream,__ENVHARMONIZER_MISSING__,__ENVHARMONIZER_MISSING__,__ENVHARMONIZER_MISSING__
ENVO:02000140,ENVO:00010483,is_a,ENVO,upstream,__ENVHARMONIZER_MISSING__,__ENVHARMONIZER_MISSING__,__ENVHARMONIZER_MISSING__
ENVO:03000000,ENVO:01000406,is_a,ENVO,upstream,__ENVHARMONIZER_MISSING__,__ENVHARMONIZER_MISSING__,__ENVHARMONIZER_MISSING__
ENVO:03000002,ENVO:01000406,is_a,ENVO,upstream,__ENVHARMONIZER_MISSING__,__ENVHARMONIZER_MISSING__,__ENVHARMONIZER_MISSING__
ENVO:03000004,ENVO:01000277,is_a,ENVO,upstream,__ENVHARMONIZER_MISSING__,__ENVHARMONIZER_MISSING__,__ENVHARMONIZER_MISSING__
ENVO:03000005,ENVO:03000004,is_a,ENVO,upstream,__ENVHARMONIZER_MISSING__,__ENVHARMONIZER_MISSING__,__ENVHARMONIZER_MISSING__
ENVO:03000005,ENVO:03000025,is_a,ENVO,upstream,__ENVHARMONIZER_MISSING__,__ENVHARMONIZER_MISSING__,__ENVHARMONIZER_MISSING__
ENVO:03000007,ENVO:01000277,is_a,ENVO,upstream,__ENVHARMONIZER_MISSING__,__ENVHARMONIZER_MISSING__,__ENVHARMONIZER_MISSING__
ENVO:03000021,ENVO:01000060,is_a,ENVO,upstream,__ENVHARMONIZER_MISSING__,__ENVHARMONIZER_MISSING__,__ENVHARMONIZER_MISSING__
ENVO:03000025,ENVO:01000277,is_a,ENVO,upstream,__ENVHARMONIZER_MISSING__,__ENVHARMONIZER_MISSING__,__ENVHARMONIZER_MISSING__
ENVO:03000027,ENVO:01000406,is_a,ENVO,upstream,__ENVHARMONIZER_MISSING__,__ENVHARMONIZER_MISSING__,__ENVHARMONIZER_MISSING__
ENVO:03000033,ENVO:00002007,is_a,ENVO,upstream,__ENVHARMONIZER_MISSING__,__ENVHARMONIZER_MISSING__,__ENVHARMONIZER_MISSING__
ENVO:03000034,ENVO:03000033,is_a,ENVO,upstream,__ENVHARMONIZER_MISSING__,__ENVHARMONIZER_MISSING__,__ENVHARMONIZER_MISSING__
ENVO:03000038,ENVO:01000060,is_a,ENVO,upstream,__ENVHARMONIZER_MISSING__,__ENVHARMONIZER_MISSING__,__ENVHARMONIZER_MISSING__
ENVO:03000046,ENVO:03000063,is_a,ENVO,upstream,__ENVHARMONIZER_MISSING__,__ENVHARMONIZER_MISSING__,__ENVHARMONIZER_MISSING__
ENVO:03000063,ENVO:01000277,is_a,ENVO,upstream,__ENVHARMONIZER_MISSING__,__ENVHARMONIZER_MISSING__,__ENVHARMONIZER_MISSING__
ENVO:03000071,ENVO:00002200,is_a,ENVO,upstream,__ENVHARMONIZER_MISSING__,__ENVHARMONIZER_MISSING__,__ENVHARMONIZER_MISSING__
ENVO:03000072,ENVO:00002200,is_a,ENVO,upstream,__ENVHARMONIZER_MISSING__,__ENVHARMONIZER_MISSING__,__ENVHARMONIZER_MISSING__
ENVO:03000073,ENVO:00002200,is_a,ENVO,upstream,__ENVHARMONIZER_MISSING__,__ENVHARMONIZER_MISSING__,__ENVHARMONIZER_MISSING__
ENVO:03000075,ENVO:03000063,is_a,ENVO,upstream,__ENVHARMONIZER_MISSING__,__ENVHARMONIZER_MISSING__,__ENVHARMONIZER_MISSING__
ENVO:03000076,ENVO:00010483,is_a,ENVO,upstream,__ENVHARMONIZER_MISSING__,__ENVHARMONIZER_MISSING__,__ENVHARMONIZER_MISSING__
ENVO:03000088,ENVO:00000134,is_a,ENVO,upstream,__ENVHARMONIZER_MISSING__,__ENVHARMONIZER_MISSING__,__ENVHARMONIZER_MISSING__
ENVO:03000108,ENVO:01000406,is_a,ENVO,upstream,__ENVHARMONIZER_MISSING__,__ENVHARMONIZER_MISSING__,__ENVHARMONIZER_MISSING__
ENVO:03000133,ENVO:0010003,is_a,ENVO,upstream,__ENVHARMONIZER_MISSING__,__ENVHARMONIZER_MISSING__,__ENVHARMONIZER_MISSING__
ENVO:03000137,ENVO:01000844,is_a,ENVO,upstream,__ENVHARMONIZER_MISSING__,__ENVHARMONIZER_MISSING__,__ENVHARMONIZER_MISSING__
ENVO:03000139,ENVO:01000844,is_a,ENVO,upstream,__ENVHARMONIZER_MISSING__,__ENVHARMONIZER_MISSING__,__ENVHARMONIZER_MISSING__
ENVO:03000139,ENVO:01001089,is_a,ENVO,upstream,__ENVHARMONIZER_MISSING__,__ENVHARMONIZER_MISSING__,__ENVHARMONIZER_MISSING__
ENVO:03501252,ENVO:01001117,is_a,ENVO,upstream,__ENVHARMONIZER_MISSING__,__ENVHARMONIZER_MISSING__,__ENVHARMONIZER_MISSING__
ENVO:03501253,ENVO:0010001,is_a,ENVO,upstream,__ENVHARMONIZER_MISSING__,__ENVHARMONIZER_MISSING__,__ENVHARMONIZER_MISSING__
ENVO:03501259,ENVO:00010483,is_a,ENVO,upstream,__ENVHARMONIZER_MISSING__,__ENVHARMONIZER_MISSING__,__ENVHARMONIZER_MISSING__
ENVO:03501300,ENVO:00010483,is_a,ENVO,upstream,__ENVHARMONIZER_MISSING__,__ENVHARMONIZER_MISSING__,__ENVHARMONIZER_MISSING__
ENVO:03501302,ENVO:01001121,is_a,ENVO,upstream,__ENVHARMONIZER_MISSING__,__ENVHARMONIZER_MISSING__,__ENVHARMONIZER_MISSING__
ENVO:03501303,ENVO:00010483,is_a,ENVO,upstream,__ENVHARMONIZER_MISSING__,__ENVHARMONIZER_MISSING__,__ENVHARMONIZER_MISSING__
ENVO:03501304,ENVO:01000155,is_a,ENVO,upstream,__ENVHARMONIZER_MISSING__,__ENVHARMONIZER_MISSING__,__ENVHARMONIZER_MISSING__
ENVO:03501305,ENVO:06105112,is_a,ENVO,upstream,__ENVHARMONIZER_MISSING__,__ENVHARMONIZER_MISSING__,__ENVHARMONIZER_MISSING__
ENVO:03501306,ENVO:00010483,is_a,ENVO,upstream,__ENVHARMONIZER_MISSING__,__ENVHARMONIZER_MISSING__,__ENVHARMONIZER_MISSING__
ENVO:03501307,ENVO:01000814,is_a,ENVO,upstream,__ENVHARMONIZER_MISSING__,__ENVHARMONIZER_MISSING__,__ENVHARMONIZER_MISSING__
ENVO:03501324,ENVO:0010001,is_a,ENVO,upstream,__ENVHARMONIZER_MISSING__,__ENVHARMONIZER_MISSING__,__ENVHARMONIZER_MISSING__
ENVO:03501370,ENVO:00002006,is_a,ENVO,upstream,__ENVHARMONIZER_MISSING__,__ENVHARMONIZER_MISSING__,__ENVHARMONIZER_MISSING__
ENVO:03510000,ENVO:00002008,is_a,ENVO,upstream,__ENVHARMONIZER_MISSING__,__ENVHARMONIZER_MISSING__,__ENVHARMONIZER_MISSING__
ENVO:03510006,ENVO:00002984,is_a,ENVO,upstream,__ENVHARMONIZER_MISSING__,__ENVHARMONIZER_MISSING__,__ENVHARMONIZER_MISSING__
ENVO:03510007,ENVO:00002984,is_a,ENVO,upstream,__ENVHARMONIZER_MISSING__,__ENVHARMONIZER_MISSING__,__ENVHARMONIZER_MISSING__
ENVO:03510008,ENVO:01000797,is_a,ENVO,upstream,__ENVHARMONIZER_MISSING__,__ENVHARMONIZER_MISSING__,__ENVHARMONIZER_MISSING__
ENVO:03510009,ENVO:01000797,is_a,ENVO,upstream,__ENVHARMONIZER_MISSING__,__ENVHARMONIZER_MISSING__,__ENVHARMONIZER_MISSING__
ENVO:03510015,ENVO:00010483,is_a,ENVO,upstream,__ENVHARMONIZER_MISSING__,__ENVHARMONIZER_MISSING__,__ENVHARMONIZER_MISSING__
ENVO:03510016,ENVO:00010483,is_a,ENVO,upstream,__ENVHARMONIZER_MISSING__,__ENVHARMONIZER_MISSING__,__ENVHARMONIZER_MISSING__
ENVO:03510018,ENVO:00010483,is_a,ENVO,upstream,__ENVHARMONIZER_MISSING__,__ENVHARMONIZER_MISSING__,__ENVHARMONIZER_MISSING__
ENVO:03510023,ENVO:00010483,is_a,ENVO,upstream,__ENVHARMONIZER_MISSING__,__ENVHARMONIZER_MISSING__,__ENVHARMONIZER_MISSING__
ENVO:03510029,ENVO:02000123,is_a,ENVO,upstream,__ENVHARMONIZER_MISSING__,__ENVHARMONIZER_MISSING__,__ENVHARMONIZER_MISSING__
ENVO:03510031,ENVO:02000123,is_a,ENVO,upstream,__ENVHARMONIZER_MISSING__,__ENVHARMONIZER_MISSING__,__ENVHARMONIZER_MISSING__
ENVO:03510032,ENVO:02000123,is_a,ENVO,upstream,__ENVHARMONIZER_MISSING__,__ENVHARMONIZER_MISSING__,__ENVHARMONIZER_MISSING__
ENVO:03510033,ENVO:02000123,is_a,ENVO,upstream,__ENVHARMONIZER_MISSING__,__ENVHARMONIZER_MISSING__,__ENVHARMONIZER_MISSING__
ENVO:03510036,ENVO:00002008,is_a,ENVO,upstream,__ENVHARMONIZER_MISSING__,__ENVHARMONIZER_MISSING__,__ENVHARMONIZER_MISSING__
ENVO:03510037,ENVO:00010483,is_a,ENVO,upstream,__ENVHARMONIZER_MISSING__,__ENVHARMONIZER_MISSING__,__ENVHARMONIZER_MISSING__
ENVO:03510038,ENVO:00010483,is_a,ENVO,upstream,__ENVHARMONIZER_MISSING__,__ENVHARMONIZER_MISSING__,__ENVHARMONIZER_MISSING__
ENVO:03510055,ENVO:00003074,is_a,ENVO,upstream,__ENVHARMONIZER_MISSING__,__ENVHARMONIZER_MISSING__,__ENVHARMONIZER_MISSING__
ENVO:03510055,ENVO:0010001,is_a,ENVO,upstream,__ENVHARMONIZER_MISSING__,__ENVHARMONIZER_MISSING__,__ENVHARMONIZER_MISSING__
ENVO:03510055,ENVO:2000045,is_a,ENVO,upstream,__ENVHARMONIZER_MISSING__,__ENVHARMONIZER_MISSING__,__ENVHARMONIZER_MISSING__
ENVO:03510056,ENVO:00003074,is_a,ENVO,upstream,__ENVHARMONIZER_MISSING__,__ENVHARMONIZER_MISSING__,__ENVHARMONIZER_MISSING__
ENVO:03510056,ENVO:0010001,is_a,ENVO,upstream,__ENVHARMONIZER_MISSING__,__ENVHARMONIZER_MISSING__,__ENVHARMONIZER_MISSING__
ENVO:03510056,ENVO:01000155,is_a,ENVO,upstream,__ENVHARMONIZER_MISSING__,__ENVHARMONIZER_MISSING__,__ENVHARMONIZER_MISSING__
ENVO:03510057,ENVO:00003074,is_a,ENVO,upstream,__ENVHARMONIZER_MISSING__,__ENVHARMONIZER_MISSING__,__ENVHARMONIZER_MISSING__
ENVO:03510057,ENVO:0010001,is_a,ENVO,upstream,__ENVHARMONIZER_MISSING__,__ENVHARMONIZER_MISSING__,__ENVHARMONIZER_MISSING__
ENVO:03510058,ENVO:00003074,is_a,ENVO,upstream,__ENVHARMONIZER_MISSING__,__ENVHARMONIZER_MISSING__,__ENVHARMONIZER_MISSING__
ENVO:03510058,ENVO:0010001,is_a,ENVO,upstream,__ENVHARMONIZER_MISSING__,__ENVHARMONIZER_MISSING__,__ENVHARMONIZER_MISSING__
ENVO:03510058,ENVO:03510065,is_a,ENVO,upstream,__ENVHARMONIZER_MISSING__,__ENVHARMONIZER_MISSING__,__ENVHARMONIZER_MISSING__
ENVO:03510060,ENVO:00003074,is_a,ENVO,upstream,__ENVHARMONIZER_MISSING__,__ENVHARMONIZER_MISSING__,__ENVHARMONIZER_MISSING__
ENVO:03510060,ENVO:0010001,is_a,ENVO,upstream,__ENVHARMONIZER_MISSING__,__ENVHARMONIZER_MISSING__,__ENVHARMONIZER_MISSING__
ENVO:03510060,ENVO:03510065,is_a,ENVO,upstream,__ENVHARMONIZER_MISSING__,__ENVHARMONIZER_MISSING__,__ENVHARMONIZER_MISSING__
ENVO:03510061,ENVO:00003074,is_a,ENVO,upstream,__ENVHARMONIZER_MISSING__,__ENVHARMONIZER_MISSING__,__ENVHARMONIZER_MISSING__
ENVO:03510061,ENVO:0010001,is_a,ENVO,upstream,__ENVHARMONIZER_MISSING__,__ENVHARMONIZER_MISSING__,__ENVHARMONIZER_MISSING__
ENVO:03510061,ENVO:03510065,is_a,ENVO,upstream,__ENVHARMONIZER_MISSING__,__ENVHARMONIZER_MISSING__,__ENVHARMONIZER_MISSING__
ENVO:03510062,ENVO:00003074,is_a,ENVO,upstream,__ENVHARMONIZER_MISSING__,__ENVHARMONIZER_MISSING__,__ENVHARMONIZER_MISSING__
ENVO:03510062,ENVO:0010001,is_a,ENVO,upstream,__ENVHARMONIZER_MISSING__,__ENVHARMONIZER_MISSING__,__ENVHARMONIZER_MISSING__
ENVO:03510062,ENVO:03510065,is_a,ENVO,upstream,__ENVHARMONIZER_MISSING__,__ENVHARMONIZER_MISSING__,__ENVHARMONIZER_MISSING__
ENVO:03510064,ENVO:00010483,is_a,ENVO,upstream,__ENVHARMONIZER_MISSING__,__ENVHARMONIZER_MISSING__,__ENVHARMONIZER_MISSING__
ENVO:03510065,ENVO:01000815,is_a,ENVO,upstream,__ENVHARMONIZER_MISSING__,__ENVHARMONIZER_MISSING__,__ENVHARMONIZER_MISSING__
ENVO:03510070,ENVO:00002264,is_a,ENVO,upstream,__ENVHARMONIZER_MISSING__,__ENVHARMONIZER_MISSING__,__ENVHARMONIZER_MISSING__
ENVO:03520007,ENVO:01000846,is_a,ENVO,upstream,__ENVHARMONIZER_MISSING__,__ENVHARMONIZER_MISSING__,__ENVHARMONIZER_MISSING__
ENVO:03600001,ENVO:00002114,is_a,ENVO,upstream,__ENVHARMONIZER_MISSING__,__ENVHARMONIZER_MISSING__,__ENVHARMONIZER_MISSING__
ENVO:03600002,ENVO:00002006,is_a,ENVO,upstream,__ENVHARMONIZER_MISSING__,__ENVHARMONIZER_MISSING__,__ENVHARMONIZER_MISSING__
ENVO:03600006,ENVO:00002264,is_a,ENVO,upstream,__ENVHARMONIZER_MISSING__,__ENVHARMONIZER_MISSING__,__ENVHARMONIZER_MISSING__
ENVO:03600007,ENVO:02000140,is_a,ENVO,upstream,__ENVHARMONIZER_MISSING__,__ENVHARMONIZER_MISSING__,__ENVHARMONIZER_MISSING__
ENVO:03600009,ENVO:00002006,is_a,ENVO,upstream,__ENVHARMONIZER_MISSING__,__ENVHARMONIZER_MISSING__,__ENVHARMONIZER_MISSING__
ENVO:03600013,ENVO:00010483,is_a,ENVO,upstream,__ENVHARMONIZER_MISSING__,__ENVHARMONIZER_MISSING__,__ENVHARMONIZER_MISSING__
ENVO:03600016,ENVO:00001995,is_a,ENVO,upstream,__ENVHARMONIZER_MISSING__,__ENVHARMONIZER_MISSING__,__ENVHARMONIZER_MISSING__
ENVO:03600017,ENVO:00010483,is_a,ENVO,upstream,__ENVHARMONIZER_MISSING__,__ENVHARMONIZER_MISSING__,__ENVHARMONIZER_MISSING__
ENVO:03600036,ENVO:00001998,is_a,ENVO,upstream,__ENVHARMONIZER_MISSING__,__ENVHARMONIZER_MISSING__,__ENVHARMONIZER_MISSING__
ENVO:03600042,ENVO:00002006,is_a,ENVO,upstream,__ENVHARMONIZER_MISSING__,__ENVHARMONIZER_MISSING__,__ENVHARMONIZER_MISSING__
ENVO:03600064,ENVO:00002016,is_a,ENVO,upstream,__ENVHARMONIZER_MISSING__,__ENVHARMONIZER_MISSING__,__ENVHARMONIZER_MISSING__
ENVO:03600065,ENVO:00002006,is_a,ENVO,upstream,__ENVHARMONIZER_MISSING__,__ENVHARMONIZER_MISSING__,__ENVHARMONIZER_MISSING__
ENVO:03600081,ENVO:00002011,is_a,ENVO,upstream,__ENVHARMONIZER_MISSING__,__ENVHARMONIZER_MISSING__,__ENVHARMONIZER_MISSING__
ENVO:03600082,ENVO:02000140,is_a,ENVO,upstream,__ENVHARMONIZER_MISSING__,__ENVHARMONIZER_MISSING__,__ENVHARMONIZER_MISSING__
ENVO:03600084,ENVO:01000155,is_a,ENVO,upstream,__ENVHARMONIZER_MISSING__,__ENVHARMONIZER_MISSING__,__ENVHARMONIZER_MISSING__
ENVO:03605000,ENVO:01000156,is_a,ENVO,upstream,__ENVHARMONIZER_MISSING__,__ENVHARMONIZER_MISSING__,__ENVHARMONIZER_MISSING__
ENVO:03605001,ENVO:03605000,is_a,ENVO,upstream,__ENVHARMONIZER_MISSING__,__ENVHARMONIZER_MISSING__,__ENVHARMONIZER_MISSING__
ENVO:03605002,ENVO:03605000,is_a,ENVO,upstream,__ENVHARMONIZER_MISSING__,__ENVHARMONIZER_MISSING__,__ENVHARMONIZER_MISSING__
ENVO:03605003,ENVO:03605000,is_a,ENVO,upstream,__ENVHARMONIZER_MISSING__,__ENVHARMONIZER_MISSING__,__ENVHARMONIZER_MISSING__
ENVO:03605004,ENVO:03605000,is_a,ENVO,upstream,__ENVHARMONIZER_MISSING__,__ENVHARMONIZER_MISSING__,__ENVHARMONIZER_MISSING__
ENVO:03605005,ENVO:03605000,is_a,ENVO,upstream,__ENVHARMONIZER_MISSING__,__ENVHARMONIZER_MISSING__,__ENVHARMONIZER_MISSING__
ENVO:03605006,ENVO:00002006,is_a,ENVO,upstream,__ENVHARMONIZER_MISSING__,__ENVHARMONIZER_MISSING__,__ENVHARMONIZER_MISSING__
ENVO:03605006,ENVO:01000813,is_a,ENVO,upstream,__ENVHARMONIZER_MISSING__,__ENVHARMONIZER_MISSING__,__ENVHARMONIZER_MISSING__
ENVO:04000007,ENVO:00002006,is_a,ENVO,upstream,__ENVHARMONIZER_MISSING__,__ENVHARMONIZER_MISSING__,__ENVHARMONIZER_MISSING__
ENVO:04000007,ENVO:01000813,is_a,ENVO,upstream,__ENVHARMONIZER_MISSING__,__ENVHARMONIZER_MISSING__,__ENVHARMONIZER_MISSING__
ENVO:04000008,ENVO:01000155,is_a,ENVO,upstream,__ENVHARMONIZER_MISSING__,__ENVHARMONIZER_MISSING__,__ENVHARMONIZER_MISSING__
ENVO:04000008,ENVO:01000813,is_a,ENVO,upstream,__ENVHARMONIZER_MISSING__,__ENVHARMONIZER_MISSING__,__ENVHARMONIZER_MISSING__
ENVO:04000012,ENVO:01000060,is_a,ENVO,upstream,__ENVHARMONIZER_MISSING__,__ENVHARMONIZER_MISSING__,__ENVHARMONIZER_MISSING__
ENVO:04000013,ENVO:04000012,is_a,ENVO,upstream,__ENVHARMONIZER_MISSING__,__ENVHARMONIZER_MISSING__,__ENVHARMONIZER_MISSING__
ENVO:04000014,ENVO:04000012,is_a,ENVO,upstream,__ENVHARMONIZER_MISSING__,__ENVHARMONIZER_MISSING__,__ENVHARMONIZER_MISSING__
ENVO:06105003,ENVO:00010483,is_a,ENVO,upstream,__ENVHARMONIZER_MISSING__,__ENVHARMONIZER_MISSING__,__ENVHARMONIZER_MISSING__
ENVO:06105012,AMH:0000050,is_a,amosharmonizer,reviewed,seanthimons,2026-09-03,Whole-organism biota belongs in body-derived analytical queries.
ENVO:06105016,ENVO:06105101,is_a,ENVO,upstream,__ENVHARMONIZER_MISSING__,__ENVHARMONIZER_MISSING__,__ENVHARMONIZER_MISSING__
ENVO:06105101,ENVO:00010483,is_a,ENVO,upstream,__ENVHARMONIZER_MISSING__,__ENVHARMONIZER_MISSING__,__ENVHARMONIZER_MISSING__
ENVO:06105111,ENVO:06105101,is_a,ENVO,upstream,__ENVHARMONIZER_MISSING__,__ENVHARMONIZER_MISSING__,__ENVHARMONIZER_MISSING__
ENVO:06105112,ENVO:06105101,is_a,ENVO,upstream,__ENVHARMONIZER_MISSING__,__ENVHARMONIZER_MISSING__,__ENVHARMONIZER_MISSING__
ENVO:06105205,ENVO:00001998,is_a,ENVO,upstream,__ENVHARMONIZER_MISSING__,__ENVHARMONIZER_MISSING__,__ENVHARMONIZER_MISSING__
ENVO:06105211,ENVO:00002006,is_a,ENVO,upstream,__ENVHARMONIZER_MISSING__,__ENVHARMONIZER_MISSING__,__ENVHARMONIZER_MISSING__
ENVO:06105238,ENVO:00002006,is_a,ENVO,upstream,__ENVHARMONIZER_MISSING__,__ENVHARMONIZER_MISSING__,__ENVHARMONIZER_MISSING__
ENVO:06105268,ENVO:00002006,is_a,ENVO,upstream,__ENVHARMONIZER_MISSING__,__ENVHARMONIZER_MISSING__,__ENVHARMONIZER_MISSING__
ENVO:06105269,ENVO:00002006,is_a,ENVO,upstream,__ENVHARMONIZER_MISSING__,__ENVHARMONIZER_MISSING__,__ENVHARMONIZER_MISSING__
ENVO:06105272,ENVO:01000017,is_a,ENVO,upstream,__ENVHARMONIZER_MISSING__,__ENVHARMONIZER_MISSING__,__ENVHARMONIZER_MISSING__
ENVO:06105273,ENVO:01000017,is_a,ENVO,upstream,__ENVHARMONIZER_MISSING__,__ENVHARMONIZER_MISSING__,__ENVHARMONIZER_MISSING__
ENVO:06105274,ENVO:00002258,is_a,ENVO,upstream,__ENVHARMONIZER_MISSING__,__ENVHARMONIZER_MISSING__,__ENVHARMONIZER_MISSING__
ENVO:06105274,ENVO:00003082,is_a,ENVO,upstream,__ENVHARMONIZER_MISSING__,__ENVHARMONIZER_MISSING__,__ENVHARMONIZER_MISSING__
ENVO:06105275,ENVO:00002258,is_a,ENVO,upstream,__ENVHARMONIZER_MISSING__,__ENVHARMONIZER_MISSING__,__ENVHARMONIZER_MISSING__
ENVO:06105275,ENVO:00003082,is_a,ENVO,upstream,__ENVHARMONIZER_MISSING__,__ENVHARMONIZER_MISSING__,__ENVHARMONIZER_MISSING__
ENVO:06105276,ENVO:06105277,is_a,ENVO,upstream,__ENVHARMONIZER_MISSING__,__ENVHARMONIZER_MISSING__,__ENVHARMONIZER_MISSING__
ENVO:06105277,ENVO:00002258,is_a,ENVO,upstream,__ENVHARMONIZER_MISSING__,__ENVHARMONIZER_MISSING__,__ENVHARMONIZER_MISSING__
ENVO:06105277,ENVO:00003082,is_a,ENVO,upstream,__ENVHARMONIZER_MISSING__,__ENVHARMONIZER_MISSING__,__ENVHARMONIZER_MISSING__
ENVO:06105278,ENVO:06105277,is_a,ENVO,upstream,__ENVHARMONIZER_MISSING__,__ENVHARMONIZER_MISSING__,__ENVHARMONIZER_MISSING__
ENVO:06105279,ENVO:00002982,is_a,ENVO,upstream,__ENVHARMONIZER_MISSING__,__ENVHARMONIZER_MISSING__,__ENVHARMONIZER_MISSING__
ENVO:06105280,ENVO:00002982,is_a,ENVO,upstream,__ENVHARMONIZER_MISSING__,__ENVHARMONIZER_MISSING__,__ENVHARMONIZER_MISSING__
ENVO:1000746,ENVO:01000155,is_a,ENVO,upstream,__ENVHARMONIZER_MISSING__,__ENVHARMONIZER_MISSING__,__ENVHARMONIZER_MISSING__
ENVO:2000007,ENVO:01000560,is_a,ENVO,upstream,__ENVHARMONIZER_MISSING__,__ENVHARMONIZER_MISSING__,__ENVHARMONIZER_MISSING__
ENVO:2000008,ENVO:02000091,is_a,ENVO,upstream,__ENVHARMONIZER_MISSING__,__ENVHARMONIZER_MISSING__,__ENVHARMONIZER_MISSING__
ENVO:2000009,ENVO:02000091,is_a,ENVO,upstream,__ENVHARMONIZER_MISSING__,__ENVHARMONIZER_MISSING__,__ENVHARMONIZER_MISSING__
ENVO:2000010,ENVO:02000091,is_a,ENVO,upstream,__ENVHARMONIZER_MISSING__,__ENVHARMONIZER_MISSING__,__ENVHARMONIZER_MISSING__
ENVO:2000011,ENVO:02000091,is_a,ENVO,upstream,__ENVHARMONIZER_MISSING__,__ENVHARMONIZER_MISSING__,__ENVHARMONIZER_MISSING__
ENVO:2000044,ENVO:02000091,is_a,ENVO,upstream,__ENVHARMONIZER_MISSING__,__ENVHARMONIZER_MISSING__,__ENVHARMONIZER_MISSING__
ENVO:2000045,ENVO:00010483,is_a,ENVO,upstream,__ENVHARMONIZER_MISSING__,__ENVHARMONIZER_MISSING__,__ENVHARMONIZER_MISSING__
FOODON:00001002,AMH:0000032,is_a,amosharmonizer,reviewed,seanthimons,2026-09-03,FoodOn food product branch under the reviewed food query root.
FOODON:00001002,FOODON:00002403,is_a,FOODON,upstream,__ENVHARMONIZER_MISSING__,__ENVHARMONIZER_MISSING__,__ENVHARMONIZER_MISSING__
FOODON:00001006,FOODON:00001092,is_a,FOODON,upstream,__ENVHARMONIZER_MISSING__,__ENVHARMONIZER_MISSING__,__ENVHARMONIZER_MISSING__
FOODON:00001006,FOODON:00005501,is_a,FOODON,upstream,__ENVHARMONIZER_MISSING__,__ENVHARMONIZER_MISSING__,__ENVHARMONIZER_MISSING__
FOODON:00001007,FOODON:00001010,is_a,FOODON,upstream,__ENVHARMONIZER_MISSING__,__ENVHARMONIZER_MISSING__,__ENVHARMONIZER_MISSING__
FOODON:00001010,FOODON:00001006,is_a,FOODON,upstream,__ENVHARMONIZER_MISSING__,__ENVHARMONIZER_MISSING__,__ENVHARMONIZER_MISSING__
FOODON:00001010,FOODON:03311737,is_a,FOODON,upstream,__ENVHARMONIZER_MISSING__,__ENVHARMONIZER_MISSING__,__ENVHARMONIZER_MISSING__
FOODON:00001013,FOODON:00001256,is_a,FOODON,upstream,__ENVHARMONIZER_MISSING__,__ENVHARMONIZER_MISSING__,__ENVHARMONIZER_MISSING__
FOODON:00001014,FOODON:00001053,is_a,FOODON,upstream,__ENVHARMONIZER_MISSING__,__ENVHARMONIZER_MISSING__,__ENVHARMONIZER_MISSING__
FOODON:00001015,FOODON:00001002,is_a,FOODON,upstream,__ENVHARMONIZER_MISSING__,__ENVHARMONIZER_MISSING__,__ENVHARMONIZER_MISSING__
FOODON:00001015,FOODON:00004331,is_a,FOODON,upstream,__ENVHARMONIZER_MISSING__,__ENVHARMONIZER_MISSING__,__ENVHARMONIZER_MISSING__
FOODON:00001016,FOODON:00001171,is_a,FOODON,upstream,__ENVHARMONIZER_MISSING__,__ENVHARMONIZER_MISSING__,__ENVHARMONIZER_MISSING__
FOODON:00001016,FOODON:00003341,is_a,FOODON,upstream,__ENVHARMONIZER_MISSING__,__ENVHARMONIZER_MISSING__,__ENVHARMONIZER_MISSING__
FOODON:00001024,FOODON:00001016,is_a,FOODON,upstream,__ENVHARMONIZER_MISSING__,__ENVHARMONIZER_MISSING__,__ENVHARMONIZER_MISSING__
FOODON:00001024,FOODON:00001182,is_a,FOODON,upstream,__ENVHARMONIZER_MISSING__,__ENVHARMONIZER_MISSING__,__ENVHARMONIZER_MISSING__
FOODON:00001038,FOODON:00002663,is_a,FOODON,upstream,__ENVHARMONIZER_MISSING__,__ENVHARMONIZER_MISSING__,__ENVHARMONIZER_MISSING__
FOODON:00001046,FOODON:00004242,is_a,FOODON,upstream,__ENVHARMONIZER_MISSING__,__ENVHARMONIZER_MISSING__,__ENVHARMONIZER_MISSING__
FOODON:00001053,FOODON:00001256,is_a,FOODON,upstream,__ENVHARMONIZER_MISSING__,__ENVHARMONIZER_MISSING__,__ENVHARMONIZER_MISSING__
FOODON:00001053,FOODON:00001258,is_a,FOODON,upstream,__ENVHARMONIZER_MISSING__,__ENVHARMONIZER_MISSING__,__ENVHARMONIZER_MISSING__
FOODON:00001056,FOODON:00004509,is_a,FOODON,upstream,__ENVHARMONIZER_MISSING__,__ENVHARMONIZER_MISSING__,__ENVHARMONIZER_MISSING__
FOODON:00001057,FOODON:00001261,is_a,FOODON,upstream,__ENVHARMONIZER_MISSING__,__ENVHARMONIZER_MISSING__,__ENVHARMONIZER_MISSING__
FOODON:00001070,FOODON:00001078,is_a,FOODON,upstream,__ENVHARMONIZER_MISSING__,__ENVHARMONIZER_MISSING__,__ENVHARMONIZER_MISSING__
FOODON:00001078,FOODON:00002266,is_a,FOODON,upstream,__ENVHARMONIZER_MISSING__,__ENVHARMONIZER_MISSING__,__ENVHARMONIZER_MISSING__
FOODON:00001078,FOODON:03310006,is_a,FOODON,upstream,__ENVHARMONIZER_MISSING__,__ENVHARMONIZER_MISSING__,__ENVHARMONIZER_MISSING__
FOODON:00001079,FOODON:00002158,is_a,FOODON,upstream,__ENVHARMONIZER_MISSING__,__ENVHARMONIZER_MISSING__,__ENVHARMONIZER_MISSING__
FOODON:00001083,FOODON:00001133,is_a,FOODON,upstream,__ENVHARMONIZER_MISSING__,__ENVHARMONIZER_MISSING__,__ENVHARMONIZER_MISSING__
FOODON:00001087,FOODON:03310387,is_a,FOODON,upstream,__ENVHARMONIZER_MISSING__,__ENVHARMONIZER_MISSING__,__ENVHARMONIZER_MISSING__
FOODON:00001087,FOODON:03460263,is_a,FOODON,upstream,__ENVHARMONIZER_MISSING__,__ENVHARMONIZER_MISSING__,__ENVHARMONIZER_MISSING__
FOODON:00001089,FOODON:00001142,is_a,FOODON,upstream,__ENVHARMONIZER_MISSING__,__ENVHARMONIZER_MISSING__,__ENVHARMONIZER_MISSING__
FOODON:00001089,FOODON:00004509,is_a,FOODON,upstream,__ENVHARMONIZER_MISSING__,__ENVHARMONIZER_MISSING__,__ENVHARMONIZER_MISSING__
FOODON:00001091,FOODON:00001257,is_a,FOODON,upstream,__ENVHARMONIZER_MISSING__,__ENVHARMONIZER_MISSING__,__ENVHARMONIZER_MISSING__
FOODON:00001091,FOODON:03307539,is_a,FOODON,upstream,__ENVHARMONIZER_MISSING__,__ENVHARMONIZER_MISSING__,__ENVHARMONIZER_MISSING__
FOODON:00001092,FOODON:00004242,is_a,FOODON,upstream,__ENVHARMONIZER_MISSING__,__ENVHARMONIZER_MISSING__,__ENVHARMONIZER_MISSING__
FOODON:00001092,FOODON:00005502,is_a,FOODON,upstream,__ENVHARMONIZER_MISSING__,__ENVHARMONIZER_MISSING__,__ENVHARMONIZER_MISSING__
FOODON:00001093,FOODON:00001173,is_a,FOODON,upstream,__ENVHARMONIZER_MISSING__,__ENVHARMONIZER_MISSING__,__ENVHARMONIZER_MISSING__
FOODON:00001094,FOODON:00001258,is_a,FOODON,upstream,__ENVHARMONIZER_MISSING__,__ENVHARMONIZER_MISSING__,__ENVHARMONIZER_MISSING__
FOODON:00001094,FOODON:03301977,is_a,FOODON,upstream,__ENVHARMONIZER_MISSING__,__ENVHARMONIZER_MISSING__,__ENVHARMONIZER_MISSING__
FOODON:00001095,FOODON:00001101,is_a,FOODON,upstream,__ENVHARMONIZER_MISSING__,__ENVHARMONIZER_MISSING__,__ENVHARMONIZER_MISSING__
FOODON:00001095,FOODON:00001254,is_a,FOODON,upstream,__ENVHARMONIZER_MISSING__,__ENVHARMONIZER_MISSING__,__ENVHARMONIZER_MISSING__
FOODON:00001095,FOODON:03301444,is_a,FOODON,upstream,__ENVHARMONIZER_MISSING__,__ENVHARMONIZER_MISSING__,__ENVHARMONIZER_MISSING__
FOODON:00001101,FOODON:00001170,is_a,FOODON,upstream,__ENVHARMONIZER_MISSING__,__ENVHARMONIZER_MISSING__,__ENVHARMONIZER_MISSING__
FOODON:00001102,FOODON:00001254,is_a,FOODON,upstream,__ENVHARMONIZER_MISSING__,__ENVHARMONIZER_MISSING__,__ENVHARMONIZER_MISSING__
FOODON:00001103,FOODON:00001254,is_a,FOODON,upstream,__ENVHARMONIZER_MISSING__,__ENVHARMONIZER_MISSING__,__ENVHARMONIZER_MISSING__
FOODON:00001103,FOODON:00002423,is_a,FOODON,upstream,__ENVHARMONIZER_MISSING__,__ENVHARMONIZER_MISSING__,__ENVHARMONIZER_MISSING__
FOODON:00001107,FOODON:00001256,is_a,FOODON,upstream,__ENVHARMONIZER_MISSING__,__ENVHARMONIZER_MISSING__,__ENVHARMONIZER_MISSING__
FOODON:00001118,FOODON:00001107,is_a,FOODON,upstream,__ENVHARMONIZER_MISSING__,__ENVHARMONIZER_MISSING__,__ENVHARMONIZER_MISSING__
FOODON:00001131,FOODON:00001283,is_a,FOODON,upstream,__ENVHARMONIZER_MISSING__,__ENVHARMONIZER_MISSING__,__ENVHARMONIZER_MISSING__
FOODON:00001132,FOODON:00001006,is_a,FOODON,upstream,__ENVHARMONIZER_MISSING__,__ENVHARMONIZER_MISSING__,__ENVHARMONIZER_MISSING__
FOODON:00001132,FOODON:00005689,is_a,FOODON,upstream,__ENVHARMONIZER_MISSING__,__ENVHARMONIZER_MISSING__,__ENVHARMONIZER_MISSING__
FOODON:00001133,FOODON:00001002,is_a,FOODON,upstream,__ENVHARMONIZER_MISSING__,__ENVHARMONIZER_MISSING__,__ENVHARMONIZER_MISSING__
FOODON:00001138,FOODON:00001255,is_a,FOODON,upstream,__ENVHARMONIZER_MISSING__,__ENVHARMONIZER_MISSING__,__ENVHARMONIZER_MISSING__
FOODON:00001138,FOODON:00002275,is_a,FOODON,upstream,__ENVHARMONIZER_MISSING__,__ENVHARMONIZER_MISSING__,__ENVHARMONIZER_MISSING__
FOODON:00001139,FOODON:00001255,is_a,FOODON,upstream,__ENVHARMONIZER_MISSING__,__ENVHARMONIZER_MISSING__,__ENVHARMONIZER_MISSING__
FOODON:00001139,FOODON:00002275,is_a,FOODON,upstream,__ENVHARMONIZER_MISSING__,__ENVHARMONIZER_MISSING__,__ENVHARMONIZER_MISSING__
FOODON:00001140,FOODON:00001057,is_a,FOODON,upstream,__ENVHARMONIZER_MISSING__,__ENVHARMONIZER_MISSING__,__ENVHARMONIZER_MISSING__
FOODON:00001140,FOODON:00001255,is_a,FOODON,upstream,__ENVHARMONIZER_MISSING__,__ENVHARMONIZER_MISSING__,__ENVHARMONIZER_MISSING__
FOODON:00001140,FOODON:03301444,is_a,FOODON,upstream,__ENVHARMONIZER_MISSING__,__ENVHARMONIZER_MISSING__,__ENVHARMONIZER_MISSING__
FOODON:00001140,FOODON:03315552,is_a,FOODON,upstream,__ENVHARMONIZER_MISSING__,__ENVHARMONIZER_MISSING__,__ENVHARMONIZER_MISSING__
FOODON:00001141,FOODON:00001093,is_a,FOODON,upstream,__ENVHARMONIZER_MISSING__,__ENVHARMONIZER_MISSING__,__ENVHARMONIZER_MISSING__
FOODON:00001142,FOODON:00001015,is_a,FOODON,upstream,__ENVHARMONIZER_MISSING__,__ENVHARMONIZER_MISSING__,__ENVHARMONIZER_MISSING__
FOODON:00001143,FOODON:00001002,is_a,FOODON,upstream,__ENVHARMONIZER_MISSING__,__ENVHARMONIZER_MISSING__,__ENVHARMONIZER_MISSING__
FOODON:00001143,FOODON:00004336,is_a,FOODON,upstream,__ENVHARMONIZER_MISSING__,__ENVHARMONIZER_MISSING__,__ENVHARMONIZER_MISSING__
FOODON:00001146,FOODON:00001147,is_a,FOODON,upstream,__ENVHARMONIZER_MISSING__,__ENVHARMONIZER_MISSING__,__ENVHARMONIZER_MISSING__
FOODON:00001146,FOODON:00001165,is_a,FOODON,upstream,__ENVHARMONIZER_MISSING__,__ENVHARMONIZER_MISSING__,__ENVHARMONIZER_MISSING__
FOODON:00001147,FOODON:00001015,is_a,FOODON,upstream,__ENVHARMONIZER_MISSING__,__ENVHARMONIZER_MISSING__,__ENVHARMONIZER_MISSING__
FOODON:00001148,FOODON:00001146,is_a,FOODON,upstream,__ENVHARMONIZER_MISSING__,__ENVHARMONIZER_MISSING__,__ENVHARMONIZER_MISSING__
FOODON:00001149,FOODON:00002373,is_a,FOODON,upstream,__ENVHARMONIZER_MISSING__,__ENVHARMONIZER_MISSING__,__ENVHARMONIZER_MISSING__
FOODON:00001151,FOODON:00001057,is_a,FOODON,upstream,__ENVHARMONIZER_MISSING__,__ENVHARMONIZER_MISSING__,__ENVHARMONIZER_MISSING__
FOODON:00001158,FOODON:00001057,is_a,FOODON,upstream,__ENVHARMONIZER_MISSING__,__ENVHARMONIZER_MISSING__,__ENVHARMONIZER_MISSING__
FOODON:00001163,FOODON:00001057,is_a,FOODON,upstream,__ENVHARMONIZER_MISSING__,__ENVHARMONIZER_MISSING__,__ENVHARMONIZER_MISSING__
FOODON:00001163,FOODON:00001165,is_a,FOODON,upstream,__ENVHARMONIZER_MISSING__,__ENVHARMONIZER_MISSING__,__ENVHARMONIZER_MISSING__
FOODON:00001164,FOODON:00001163,is_a,FOODON,upstream,__ENVHARMONIZER_MISSING__,__ENVHARMONIZER_MISSING__,__ENVHARMONIZER_MISSING__
FOODON:00001164,FOODON:00002141,is_a,FOODON,upstream,__ENVHARMONIZER_MISSING__,__ENVHARMONIZER_MISSING__,__ENVHARMONIZER_MISSING__
FOODON:00001165,FOODON:00001015,is_a,FOODON,upstream,__ENVHARMONIZER_MISSING__,__ENVHARMONIZER_MISSING__,__ENVHARMONIZER_MISSING__
FOODON:00001166,FOODON:00001015,is_a,FOODON,upstream,__ENVHARMONIZER_MISSING__,__ENVHARMONIZER_MISSING__,__ENVHARMONIZER_MISSING__
FOODON:00001169,FOODON:00001015,is_a,FOODON,upstream,__ENVHARMONIZER_MISSING__,__ENVHARMONIZER_MISSING__,__ENVHARMONIZER_MISSING__
FOODON:00001170,FOODON:00001640,is_a,FOODON,upstream,__ENVHARMONIZER_MISSING__,__ENVHARMONIZER_MISSING__,__ENVHARMONIZER_MISSING__
FOODON:00001171,FOODON:00001166,is_a,FOODON,upstream,__ENVHARMONIZER_MISSING__,__ENVHARMONIZER_MISSING__,__ENVHARMONIZER_MISSING__
FOODON:00001171,FOODON:00001169,is_a,FOODON,upstream,__ENVHARMONIZER_MISSING__,__ENVHARMONIZER_MISSING__,__ENVHARMONIZER_MISSING__
FOODON:00001172,FOODON:00001262,is_a,FOODON,upstream,__ENVHARMONIZER_MISSING__,__ENVHARMONIZER_MISSING__,__ENVHARMONIZER_MISSING__
FOODON:00001172,FOODON:03460177,is_a,FOODON,upstream,__ENVHARMONIZER_MISSING__,__ENVHARMONIZER_MISSING__,__ENVHARMONIZER_MISSING__
FOODON:00001173,FOODON:03460177,is_a,FOODON,upstream,__ENVHARMONIZER_MISSING__,__ENVHARMONIZER_MISSING__,__ENVHARMONIZER_MISSING__
FOODON:00001174,FOODON:00001015,is_a,FOODON,upstream,__ENVHARMONIZER_MISSING__,__ENVHARMONIZER_MISSING__,__ENVHARMONIZER_MISSING__
FOODON:00001174,FOODON:00002664,is_a,FOODON,upstream,__ENVHARMONIZER_MISSING__,__ENVHARMONIZER_MISSING__,__ENVHARMONIZER_MISSING__
FOODON:00001175,FOODON:00001015,is_a,FOODON,upstream,__ENVHARMONIZER_MISSING__,__ENVHARMONIZER_MISSING__,__ENVHARMONIZER_MISSING__
FOODON:00001176,FOODON:00004242,is_a,FOODON,upstream,__ENVHARMONIZER_MISSING__,__ENVHARMONIZER_MISSING__,__ENVHARMONIZER_MISSING__
FOODON:00001176,FOODON:00005522,is_a,FOODON,upstream,__ENVHARMONIZER_MISSING__,__ENVHARMONIZER_MISSING__,__ENVHARMONIZER_MISSING__
FOODON:00001177,FOODON:00001176,is_a,FOODON,upstream,__ENVHARMONIZER_MISSING__,__ENVHARMONIZER_MISSING__,__ENVHARMONIZER_MISSING__
FOODON:00001178,FOODON:00001218,is_a,FOODON,upstream,__ENVHARMONIZER_MISSING__,__ENVHARMONIZER_MISSING__,__ENVHARMONIZER_MISSING__
FOODON:00001178,FOODON:00002300,is_a,FOODON,upstream,__ENVHARMONIZER_MISSING__,__ENVHARMONIZER_MISSING__,__ENVHARMONIZER_MISSING__
FOODON:00001181,FOODON:00002645,is_a,FOODON,upstream,__ENVHARMONIZER_MISSING__,__ENVHARMONIZER_MISSING__,__ENVHARMONIZER_MISSING__
FOODON:00001182,FOODON:00001169,is_a,FOODON,upstream,__ENVHARMONIZER_MISSING__,__ENVHARMONIZER_MISSING__,__ENVHARMONIZER_MISSING__
FOODON:00001182,FOODON:00002333,is_a,FOODON,upstream,__ENVHARMONIZER_MISSING__,__ENVHARMONIZER_MISSING__,__ENVHARMONIZER_MISSING__
FOODON:00001183,FOODON:00002456,is_a,FOODON,upstream,__ENVHARMONIZER_MISSING__,__ENVHARMONIZER_MISSING__,__ENVHARMONIZER_MISSING__
FOODON:00001185,FOODON:00001093,is_a,FOODON,upstream,__ENVHARMONIZER_MISSING__,__ENVHARMONIZER_MISSING__,__ENVHARMONIZER_MISSING__
FOODON:00001189,FOODON:00001093,is_a,FOODON,upstream,__ENVHARMONIZER_MISSING__,__ENVHARMONIZER_MISSING__,__ENVHARMONIZER_MISSING__
FOODON:00001191,FOODON:00001093,is_a,FOODON,upstream,__ENVHARMONIZER_MISSING__,__ENVHARMONIZER_MISSING__,__ENVHARMONIZER_MISSING__
FOODON:00001199,FOODON:00001209,is_a,FOODON,upstream,__ENVHARMONIZER_MISSING__,__ENVHARMONIZER_MISSING__,__ENVHARMONIZER_MISSING__
FOODON:00001199,FOODON:03301467,is_a,FOODON,upstream,__ENVHARMONIZER_MISSING__,__ENVHARMONIZER_MISSING__,__ENVHARMONIZER_MISSING__
FOODON:00001209,FOODON:00001264,is_a,FOODON,upstream,__ENVHARMONIZER_MISSING__,__ENVHARMONIZER_MISSING__,__ENVHARMONIZER_MISSING__
FOODON:00001210,FOODON:00001056,is_a,FOODON,upstream,__ENVHARMONIZER_MISSING__,__ENVHARMONIZER_MISSING__,__ENVHARMONIZER_MISSING__
FOODON:00001210,FOODON:00001141,is_a,FOODON,upstream,__ENVHARMONIZER_MISSING__,__ENVHARMONIZER_MISSING__,__ENVHARMONIZER_MISSING__
FOODON:00001214,FOODON:00001149,is_a,FOODON,upstream,__ENVHARMONIZER_MISSING__,__ENVHARMONIZER_MISSING__,__ENVHARMONIZER_MISSING__
FOODON:00001215,FOODON:00001173,is_a,FOODON,upstream,__ENVHARMONIZER_MISSING__,__ENVHARMONIZER_MISSING__,__ENVHARMONIZER_MISSING__
FOODON:00001218,FOODON:00001177,is_a,FOODON,upstream,__ENVHARMONIZER_MISSING__,__ENVHARMONIZER_MISSING__,__ENVHARMONIZER_MISSING__
FOODON:00001235,FOODON:00001078,is_a,FOODON,upstream,__ENVHARMONIZER_MISSING__,__ENVHARMONIZER_MISSING__,__ENVHARMONIZER_MISSING__
FOODON:00001235,FOODON:00002262,is_a,FOODON,upstream,__ENVHARMONIZER_MISSING__,__ENVHARMONIZER_MISSING__,__ENVHARMONIZER_MISSING__
FOODON:00001242,FOODON:00001015,is_a,FOODON,upstream,__ENVHARMONIZER_MISSING__,__ENVHARMONIZER_MISSING__,__ENVHARMONIZER_MISSING__
FOODON:00001243,FOODON:00002664,is_a,FOODON,upstream,__ENVHARMONIZER_MISSING__,__ENVHARMONIZER_MISSING__,__ENVHARMONIZER_MISSING__
FOODON:00001243,FOODON:00004242,is_a,FOODON,upstream,__ENVHARMONIZER_MISSING__,__ENVHARMONIZER_MISSING__,__ENVHARMONIZER_MISSING__
FOODON:00001244,FOODON:00001139,is_a,FOODON,upstream,__ENVHARMONIZER_MISSING__,__ENVHARMONIZER_MISSING__,__ENVHARMONIZER_MISSING__
FOODON:00001248,FOODON:00001092,is_a,FOODON,upstream,__ENVHARMONIZER_MISSING__,__ENVHARMONIZER_MISSING__,__ENVHARMONIZER_MISSING__
FOODON:00001251,FOODON:00001092,is_a,FOODON,upstream,__ENVHARMONIZER_MISSING__,__ENVHARMONIZER_MISSING__,__ENVHARMONIZER_MISSING__
FOODON:00001251,FOODON:02020050,is_a,FOODON,upstream,__ENVHARMONIZER_MISSING__,__ENVHARMONIZER_MISSING__,__ENVHARMONIZER_MISSING__
FOODON:00001253,FOODON:00001015,is_a,FOODON,upstream,__ENVHARMONIZER_MISSING__,__ENVHARMONIZER_MISSING__,__ENVHARMONIZER_MISSING__
FOODON:00001253,FOODON:03301977,is_a,FOODON,upstream,__ENVHARMONIZER_MISSING__,__ENVHARMONIZER_MISSING__,__ENVHARMONIZER_MISSING__
FOODON:00001254,FOODON:00001094,is_a,FOODON,upstream,__ENVHARMONIZER_MISSING__,__ENVHARMONIZER_MISSING__,__ENVHARMONIZER_MISSING__
FOODON:00001254,FOODON:00001253,is_a,FOODON,upstream,__ENVHARMONIZER_MISSING__,__ENVHARMONIZER_MISSING__,__ENVHARMONIZER_MISSING__
FOODON:00001255,FOODON:00001253,is_a,FOODON,upstream,__ENVHARMONIZER_MISSING__,__ENVHARMONIZER_MISSING__,__ENVHARMONIZER_MISSING__
FOODON:00001256,FOODON:00001092,is_a,FOODON,upstream,__ENVHARMONIZER_MISSING__,__ENVHARMONIZER_MISSING__,__ENVHARMONIZER_MISSING__
FOODON:00001256,FOODON:00005501,is_a,FOODON,upstream,__ENVHARMONIZER_MISSING__,__ENVHARMONIZER_MISSING__,__ENVHARMONIZER_MISSING__
FOODON:00001257,FOODON:00001256,is_a,FOODON,upstream,__ENVHARMONIZER_MISSING__,__ENVHARMONIZER_MISSING__,__ENVHARMONIZER_MISSING__
FOODON:00001258,FOODON:00002501,is_a,FOODON,upstream,__ENVHARMONIZER_MISSING__,__ENVHARMONIZER_MISSING__,__ENVHARMONIZER_MISSING__
FOODON:00001258,FOODON:00002645,is_a,FOODON,upstream,__ENVHARMONIZER_MISSING__,__ENVHARMONIZER_MISSING__,__ENVHARMONIZER_MISSING__
FOODON:00001260,FOODON:00001102,is_a,FOODON,upstream,__ENVHARMONIZER_MISSING__,__ENVHARMONIZER_MISSING__,__ENVHARMONIZER_MISSING__
FOODON:00001261,FOODON:00001015,is_a,FOODON,upstream,__ENVHARMONIZER_MISSING__,__ENVHARMONIZER_MISSING__,__ENVHARMONIZER_MISSING__
FOODON:00001262,FOODON:00001015,is_a,FOODON,upstream,__ENVHARMONIZER_MISSING__,__ENVHARMONIZER_MISSING__,__ENVHARMONIZER_MISSING__
FOODON:00001264,FOODON:00001262,is_a,FOODON,upstream,__ENVHARMONIZER_MISSING__,__ENVHARMONIZER_MISSING__,__ENVHARMONIZER_MISSING__
FOODON:00001280,FOODON:00001149,is_a,FOODON,upstream,__ENVHARMONIZER_MISSING__,__ENVHARMONIZER_MISSING__,__ENVHARMONIZER_MISSING__
FOODON:00001280,FOODON:03460231,is_a,FOODON,upstream,__ENVHARMONIZER_MISSING__,__ENVHARMONIZER_MISSING__,__ENVHARMONIZER_MISSING__
FOODON:00001281,FOODON:00001181,is_a,FOODON,upstream,__ENVHARMONIZER_MISSING__,__ENVHARMONIZER_MISSING__,__ENVHARMONIZER_MISSING__
FOODON:00001281,FOODON:00001777,is_a,FOODON,upstream,__ENVHARMONIZER_MISSING__,__ENVHARMONIZER_MISSING__,__ENVHARMONIZER_MISSING__
FOODON:00001283,FOODON:00001251,is_a,FOODON,upstream,__ENVHARMONIZER_MISSING__,__ENVHARMONIZER_MISSING__,__ENVHARMONIZER_MISSING__
FOODON:00001283,FOODON:02020686,is_a,FOODON,upstream,__ENVHARMONIZER_MISSING__,__ENVHARMONIZER_MISSING__,__ENVHARMONIZER_MISSING__
FOODON:00001286,FOODON:00001131,is_a,FOODON,upstream,__ENVHARMONIZER_MISSING__,__ENVHARMONIZER_MISSING__,__ENVHARMONIZER_MISSING__
FOODON:00001293,FOODON:00001046,is_a,FOODON,upstream,__ENVHARMONIZER_MISSING__,__ENVHARMONIZER_MISSING__,__ENVHARMONIZER_MISSING__
FOODON:00001293,FOODON:00001176,is_a,FOODON,upstream,__ENVHARMONIZER_MISSING__,__ENVHARMONIZER_MISSING__,__ENVHARMONIZER_MISSING__
FOODON:00001579,FOODON:00001094,is_a,FOODON,upstream,__ENVHARMONIZER_MISSING__,__ENVHARMONIZER_MISSING__,__ENVHARMONIZER_MISSING__
FOODON:00001595,FOODON:00002196,is_a,FOODON,upstream,__ENVHARMONIZER_MISSING__,__ENVHARMONIZER_MISSING__,__ENVHARMONIZER_MISSING__
FOODON:00001595,FOODON:00004242,is_a,FOODON,upstream,__ENVHARMONIZER_MISSING__,__ENVHARMONIZER_MISSING__,__ENVHARMONIZER_MISSING__
FOODON:00001599,FOODON:00001243,is_a,FOODON,upstream,__ENVHARMONIZER_MISSING__,__ENVHARMONIZER_MISSING__,__ENVHARMONIZER_MISSING__
FOODON:00001599,FOODON:00001595,is_a,FOODON,upstream,__ENVHARMONIZER_MISSING__,__ENVHARMONIZER_MISSING__,__ENVHARMONIZER_MISSING__
FOODON:00001599,FOODON:03420190,is_a,FOODON,upstream,__ENVHARMONIZER_MISSING__,__ENVHARMONIZER_MISSING__,__ENVHARMONIZER_MISSING__
FOODON:00001611,FOODON:00001158,is_a,FOODON,upstream,__ENVHARMONIZER_MISSING__,__ENVHARMONIZER_MISSING__,__ENVHARMONIZER_MISSING__
FOODON:00001625,FOODON:00002141,is_a,FOODON,upstream,__ENVHARMONIZER_MISSING__,__ENVHARMONIZER_MISSING__,__ENVHARMONIZER_MISSING__
FOODON:00001625,FOODON:00002277,is_a,FOODON,upstream,__ENVHARMONIZER_MISSING__,__ENVHARMONIZER_MISSING__,__ENVHARMONIZER_MISSING__
FOODON:00001635,FOODON:00001264,is_a,FOODON,upstream,__ENVHARMONIZER_MISSING__,__ENVHARMONIZER_MISSING__,__ENVHARMONIZER_MISSING__
FOODON:00001635,FOODON:00002153,is_a,FOODON,upstream,__ENVHARMONIZER_MISSING__,__ENVHARMONIZER_MISSING__,__ENVHARMONIZER_MISSING__
FOODON:00001640,FOODON:00001057,is_a,FOODON,upstream,__ENVHARMONIZER_MISSING__,__ENVHARMONIZER_MISSING__,__ENVHARMONIZER_MISSING__
FOODON:00001650,FOODON:03310070,is_a,FOODON,upstream,__ENVHARMONIZER_MISSING__,__ENVHARMONIZER_MISSING__,__ENVHARMONIZER_MISSING__
FOODON:00001666,FOODON:00002142,is_a,FOODON,upstream,__ENVHARMONIZER_MISSING__,__ENVHARMONIZER_MISSING__,__ENVHARMONIZER_MISSING__
FOODON:00001666,FOODON:00002156,is_a,FOODON,upstream,__ENVHARMONIZER_MISSING__,__ENVHARMONIZER_MISSING__,__ENVHARMONIZER_MISSING__
FOODON:00001666,FOODON:00003341,is_a,FOODON,upstream,__ENVHARMONIZER_MISSING__,__ENVHARMONIZER_MISSING__,__ENVHARMONIZER_MISSING__
FOODON:00001677,FOODON:00001016,is_a,FOODON,upstream,__ENVHARMONIZER_MISSING__,__ENVHARMONIZER_MISSING__,__ENVHARMONIZER_MISSING__
FOODON:00001677,FOODON:00002142,is_a,FOODON,upstream,__ENVHARMONIZER_MISSING__,__ENVHARMONIZER_MISSING__,__ENVHARMONIZER_MISSING__
FOODON:00001687,FOODON:00002150,is_a,FOODON,upstream,__ENVHARMONIZER_MISSING__,__ENVHARMONIZER_MISSING__,__ENVHARMONIZER_MISSING__
FOODON:00001692,FOODON:00002150,is_a,FOODON,upstream,__ENVHARMONIZER_MISSING__,__ENVHARMONIZER_MISSING__,__ENVHARMONIZER_MISSING__
FOODON:00001714,FOODON:00002403,is_a,FOODON,upstream,__ENVHARMONIZER_MISSING__,__ENVHARMONIZER_MISSING__,__ENVHARMONIZER_MISSING__
FOODON:00001732,FOODON:00003042,is_a,FOODON,upstream,__ENVHARMONIZER_MISSING__,__ENVHARMONIZER_MISSING__,__ENVHARMONIZER_MISSING__
FOODON:00001758,FOODON:00002038,is_a,FOODON,upstream,__ENVHARMONIZER_MISSING__,__ENVHARMONIZER_MISSING__,__ENVHARMONIZER_MISSING__
FOODON:00001761,FOODON:00001133,is_a,FOODON,upstream,__ENVHARMONIZER_MISSING__,__ENVHARMONIZER_MISSING__,__ENVHARMONIZER_MISSING__
FOODON:00001761,FOODON:00001931,is_a,FOODON,upstream,__ENVHARMONIZER_MISSING__,__ENVHARMONIZER_MISSING__,__ENVHARMONIZER_MISSING__
FOODON:00001763,FOODON:03303380,is_a,FOODON,upstream,__ENVHARMONIZER_MISSING__,__ENVHARMONIZER_MISSING__,__ENVHARMONIZER_MISSING__
FOODON:00001765,FOODON:00001093,is_a,FOODON,upstream,__ENVHARMONIZER_MISSING__,__ENVHARMONIZER_MISSING__,__ENVHARMONIZER_MISSING__
FOODON:00001765,FOODON:00001142,is_a,FOODON,upstream,__ENVHARMONIZER_MISSING__,__ENVHARMONIZER_MISSING__,__ENVHARMONIZER_MISSING__
FOODON:00001765,FOODON:00002153,is_a,FOODON,upstream,__ENVHARMONIZER_MISSING__,__ENVHARMONIZER_MISSING__,__ENVHARMONIZER_MISSING__
FOODON:00001771,FOODON:00001118,is_a,FOODON,upstream,__ENVHARMONIZER_MISSING__,__ENVHARMONIZER_MISSING__,__ENVHARMONIZER_MISSING__
FOODON:00001771,FOODON:00001257,is_a,FOODON,upstream,__ENVHARMONIZER_MISSING__,__ENVHARMONIZER_MISSING__,__ENVHARMONIZER_MISSING__
FOODON:00001772,FOODON:00001771,is_a,FOODON,upstream,__ENVHARMONIZER_MISSING__,__ENVHARMONIZER_MISSING__,__ENVHARMONIZER_MISSING__
FOODON:00001777,FOODON:00001771,is_a,FOODON,upstream,__ENVHARMONIZER_MISSING__,__ENVHARMONIZER_MISSING__,__ENVHARMONIZER_MISSING__
FOODON:00001777,FOODON:00002035,is_a,FOODON,upstream,__ENVHARMONIZER_MISSING__,__ENVHARMONIZER_MISSING__,__ENVHARMONIZER_MISSING__
FOODON:00001795,FOODON:00002141,is_a,FOODON,upstream,__ENVHARMONIZER_MISSING__,__ENVHARMONIZER_MISSING__,__ENVHARMONIZER_MISSING__
FOODON:00001800,FOODON:00001256,is_a,FOODON,upstream,__ENVHARMONIZER_MISSING__,__ENVHARMONIZER_MISSING__,__ENVHARMONIZER_MISSING__
FOODON:00001800,FOODON:03303220,is_a,FOODON,upstream,__ENVHARMONIZER_MISSING__,__ENVHARMONIZER_MISSING__,__ENVHARMONIZER_MISSING__
FOODON:00001811,FOODON:00003042,is_a,FOODON,upstream,__ENVHARMONIZER_MISSING__,__ENVHARMONIZER_MISSING__,__ENVHARMONIZER_MISSING__
FOODON:00001817,FOODON:00001579,is_a,FOODON,upstream,__ENVHARMONIZER_MISSING__,__ENVHARMONIZER_MISSING__,__ENVHARMONIZER_MISSING__
FOODON:00001823,FOODON:00001825,is_a,FOODON,upstream,__ENVHARMONIZER_MISSING__,__ENVHARMONIZER_MISSING__,__ENVHARMONIZER_MISSING__
FOODON:00001823,FOODON:00004509,is_a,FOODON,upstream,__ENVHARMONIZER_MISSING__,__ENVHARMONIZER_MISSING__,__ENVHARMONIZER_MISSING__
FOODON:00001825,FOODON:00001947,is_a,FOODON,upstream,__ENVHARMONIZER_MISSING__,__ENVHARMONIZER_MISSING__,__ENVHARMONIZER_MISSING__
FOODON:00001845,FOODON:00001765,is_a,FOODON,upstream,__ENVHARMONIZER_MISSING__,__ENVHARMONIZER_MISSING__,__ENVHARMONIZER_MISSING__
FOODON:00001848,FOODON:00001083,is_a,FOODON,upstream,__ENVHARMONIZER_MISSING__,__ENVHARMONIZER_MISSING__,__ENVHARMONIZER_MISSING__
FOODON:00001848,FOODON:00002157,is_a,FOODON,upstream,__ENVHARMONIZER_MISSING__,__ENVHARMONIZER_MISSING__,__ENVHARMONIZER_MISSING__
FOODON:00001849,FOODON:00001845,is_a,FOODON,upstream,__ENVHARMONIZER_MISSING__,__ENVHARMONIZER_MISSING__,__ENVHARMONIZER_MISSING__
FOODON:00001857,FOODON:00001714,is_a,FOODON,upstream,__ENVHARMONIZER_MISSING__,__ENVHARMONIZER_MISSING__,__ENVHARMONIZER_MISSING__
FOODON:00001882,FOODON:00001579,is_a,FOODON,upstream,__ENVHARMONIZER_MISSING__,__ENVHARMONIZER_MISSING__,__ENVHARMONIZER_MISSING__
FOODON:00001888,FOODON:00001057,is_a,FOODON,upstream,__ENVHARMONIZER_MISSING__,__ENVHARMONIZER_MISSING__,__ENVHARMONIZER_MISSING__
FOODON:00001901,FOODON:03303380,is_a,FOODON,upstream,__ENVHARMONIZER_MISSING__,__ENVHARMONIZER_MISSING__,__ENVHARMONIZER_MISSING__
FOODON:00001905,FOODON:00001015,is_a,FOODON,upstream,__ENVHARMONIZER_MISSING__,__ENVHARMONIZER_MISSING__,__ENVHARMONIZER_MISSING__
FOODON:00001907,FOODON:00002131,is_a,FOODON,upstream,__ENVHARMONIZER_MISSING__,__ENVHARMONIZER_MISSING__,__ENVHARMONIZER_MISSING__
FOODON:00001916,FOODON:00001882,is_a,FOODON,upstream,__ENVHARMONIZER_MISSING__,__ENVHARMONIZER_MISSING__,__ENVHARMONIZER_MISSING__
FOODON:00001918,FOODON:00001817,is_a,FOODON,upstream,__ENVHARMONIZER_MISSING__,__ENVHARMONIZER_MISSING__,__ENVHARMONIZER_MISSING__
FOODON:00001918,FOODON:00001916,is_a,FOODON,upstream,__ENVHARMONIZER_MISSING__,__ENVHARMONIZER_MISSING__,__ENVHARMONIZER_MISSING__
FOODON:00001922,FOODON:00001882,is_a,FOODON,upstream,__ENVHARMONIZER_MISSING__,__ENVHARMONIZER_MISSING__,__ENVHARMONIZER_MISSING__
FOODON:00001925,FOODON:00001922,is_a,FOODON,upstream,__ENVHARMONIZER_MISSING__,__ENVHARMONIZER_MISSING__,__ENVHARMONIZER_MISSING__
FOODON:00001925,FOODON:00002364,is_a,FOODON,upstream,__ENVHARMONIZER_MISSING__,__ENVHARMONIZER_MISSING__,__ENVHARMONIZER_MISSING__
FOODON:00001926,FOODON:00001101,is_a,FOODON,upstream,__ENVHARMONIZER_MISSING__,__ENVHARMONIZER_MISSING__,__ENVHARMONIZER_MISSING__
FOODON:00001931,FOODON:00001714,is_a,FOODON,upstream,__ENVHARMONIZER_MISSING__,__ENVHARMONIZER_MISSING__,__ENVHARMONIZER_MISSING__
FOODON:00001947,FOODON:00001141,is_a,FOODON,upstream,__ENVHARMONIZER_MISSING__,__ENVHARMONIZER_MISSING__,__ENVHARMONIZER_MISSING__
FOODON:00001948,FOODON:00002365,is_a,FOODON,upstream,__ENVHARMONIZER_MISSING__,__ENVHARMONIZER_MISSING__,__ENVHARMONIZER_MISSING__
FOODON:00001955,FOODON:00001956,is_a,FOODON,upstream,__ENVHARMONIZER_MISSING__,__ENVHARMONIZER_MISSING__,__ENVHARMONIZER_MISSING__
FOODON:00001955,FOODON:03317238,is_a,FOODON,upstream,__ENVHARMONIZER_MISSING__,__ENVHARMONIZER_MISSING__,__ENVHARMONIZER_MISSING__
FOODON:00001956,FOODON:00002111,is_a,FOODON,upstream,__ENVHARMONIZER_MISSING__,__ENVHARMONIZER_MISSING__,__ENVHARMONIZER_MISSING__
FOODON:00001958,FOODON:00001257,is_a,FOODON,upstream,__ENVHARMONIZER_MISSING__,__ENVHARMONIZER_MISSING__,__ENVHARMONIZER_MISSING__
FOODON:00001974,FOODON:00001595,is_a,FOODON,upstream,__ENVHARMONIZER_MISSING__,__ENVHARMONIZER_MISSING__,__ENVHARMONIZER_MISSING__
FOODON:00001998,FOODON:00002142,is_a,FOODON,upstream,__ENVHARMONIZER_MISSING__,__ENVHARMONIZER_MISSING__,__ENVHARMONIZER_MISSING__
FOODON:00001999,FOODON:00001925,is_a,FOODON,upstream,__ENVHARMONIZER_MISSING__,__ENVHARMONIZER_MISSING__,__ENVHARMONIZER_MISSING__
FOODON:00002035,FOODON:00001800,is_a,FOODON,upstream,__ENVHARMONIZER_MISSING__,__ENVHARMONIZER_MISSING__,__ENVHARMONIZER_MISSING__
FOODON:00002038,FOODON:00001093,is_a,FOODON,upstream,__ENVHARMONIZER_MISSING__,__ENVHARMONIZER_MISSING__,__ENVHARMONIZER_MISSING__
FOODON:00002044,FOODON:00001293,is_a,FOODON,upstream,__ENVHARMONIZER_MISSING__,__ENVHARMONIZER_MISSING__,__ENVHARMONIZER_MISSING__
FOODON:00002051,FOODON:00002044,is_a,FOODON,upstream,__ENVHARMONIZER_MISSING__,__ENVHARMONIZER_MISSING__,__ENVHARMONIZER_MISSING__
FOODON:00002051,FOODON:02020797,is_a,FOODON,upstream,__ENVHARMONIZER_MISSING__,__ENVHARMONIZER_MISSING__,__ENVHARMONIZER_MISSING__
FOODON:00002065,FOODON:00002139,is_a,FOODON,upstream,__ENVHARMONIZER_MISSING__,__ENVHARMONIZER_MISSING__,__ENVHARMONIZER_MISSING__
FOODON:00002069,FOODON:00002150,is_a,FOODON,upstream,__ENVHARMONIZER_MISSING__,__ENVHARMONIZER_MISSING__,__ENVHARMONIZER_MISSING__
FOODON:00002071,FOODON:00001151,is_a,FOODON,upstream,__ENVHARMONIZER_MISSING__,__ENVHARMONIZER_MISSING__,__ENVHARMONIZER_MISSING__
FOODON:00002084,FOODON:00003042,is_a,FOODON,upstream,__ENVHARMONIZER_MISSING__,__ENVHARMONIZER_MISSING__,__ENVHARMONIZER_MISSING__
FOODON:00002098,FOODON:00002139,is_a,FOODON,upstream,__ENVHARMONIZER_MISSING__,__ENVHARMONIZER_MISSING__,__ENVHARMONIZER_MISSING__
FOODON:00002098,FOODON:03420190,is_a,FOODON,upstream,__ENVHARMONIZER_MISSING__,__ENVHARMONIZER_MISSING__,__ENVHARMONIZER_MISSING__
FOODON:00002099,FOODON:00001172,is_a,FOODON,upstream,__ENVHARMONIZER_MISSING__,__ENVHARMONIZER_MISSING__,__ENVHARMONIZER_MISSING__
FOODON:00002099,FOODON:00001264,is_a,FOODON,upstream,__ENVHARMONIZER_MISSING__,__ENVHARMONIZER_MISSING__,__ENVHARMONIZER_MISSING__
FOODON:00002101,FOODON:00001158,is_a,FOODON,upstream,__ENVHARMONIZER_MISSING__,__ENVHARMONIZER_MISSING__,__ENVHARMONIZER_MISSING__
FOODON:00002111,FOODON:00002141,is_a,FOODON,upstream,__ENVHARMONIZER_MISSING__,__ENVHARMONIZER_MISSING__,__ENVHARMONIZER_MISSING__
FOODON:00002127,FOODON:03309997,is_a,FOODON,upstream,__ENVHARMONIZER_MISSING__,__ENVHARMONIZER_MISSING__,__ENVHARMONIZER_MISSING__
FOODON:00002131,FOODON:00002196,is_a,FOODON,upstream,__ENVHARMONIZER_MISSING__,__ENVHARMONIZER_MISSING__,__ENVHARMONIZER_MISSING__
FOODON:00002139,FOODON:00001174,is_a,FOODON,upstream,__ENVHARMONIZER_MISSING__,__ENVHARMONIZER_MISSING__,__ENVHARMONIZER_MISSING__
FOODON:00002139,FOODON:00002131,is_a,FOODON,upstream,__ENVHARMONIZER_MISSING__,__ENVHARMONIZER_MISSING__,__ENVHARMONIZER_MISSING__
FOODON:00002141,FOODON:00001057,is_a,FOODON,upstream,__ENVHARMONIZER_MISSING__,__ENVHARMONIZER_MISSING__,__ENVHARMONIZER_MISSING__
FOODON:00002142,FOODON:00001261,is_a,FOODON,upstream,__ENVHARMONIZER_MISSING__,__ENVHARMONIZER_MISSING__,__ENVHARMONIZER_MISSING__
FOODON:00002143,FOODON:00001261,is_a,FOODON,upstream,__ENVHARMONIZER_MISSING__,__ENVHARMONIZER_MISSING__,__ENVHARMONIZER_MISSING__
FOODON:00002145,FOODON:00001857,is_a,FOODON,upstream,__ENVHARMONIZER_MISSING__,__ENVHARMONIZER_MISSING__,__ENVHARMONIZER_MISSING__
FOODON:00002145,FOODON:03316579,is_a,FOODON,upstream,__ENVHARMONIZER_MISSING__,__ENVHARMONIZER_MISSING__,__ENVHARMONIZER_MISSING__
FOODON:00002147,FOODON:00002403,is_a,FOODON,upstream,__ENVHARMONIZER_MISSING__,__ENVHARMONIZER_MISSING__,__ENVHARMONIZER_MISSING__
FOODON:00002148,FOODON:00001857,is_a,FOODON,upstream,__ENVHARMONIZER_MISSING__,__ENVHARMONIZER_MISSING__,__ENVHARMONIZER_MISSING__
FOODON:00002150,FOODON:00001147,is_a,FOODON,upstream,__ENVHARMONIZER_MISSING__,__ENVHARMONIZER_MISSING__,__ENVHARMONIZER_MISSING__
FOODON:00002150,FOODON:00001261,is_a,FOODON,upstream,__ENVHARMONIZER_MISSING__,__ENVHARMONIZER_MISSING__,__ENVHARMONIZER_MISSING__
FOODON:00002153,FOODON:00001173,is_a,FOODON,upstream,__ENVHARMONIZER_MISSING__,__ENVHARMONIZER_MISSING__,__ENVHARMONIZER_MISSING__
FOODON:00002153,FOODON:00001261,is_a,FOODON,upstream,__ENVHARMONIZER_MISSING__,__ENVHARMONIZER_MISSING__,__ENVHARMONIZER_MISSING__
FOODON:00002156,FOODON:00001175,is_a,FOODON,upstream,__ENVHARMONIZER_MISSING__,__ENVHARMONIZER_MISSING__,__ENVHARMONIZER_MISSING__
FOODON:00002156,FOODON:00001261,is_a,FOODON,upstream,__ENVHARMONIZER_MISSING__,__ENVHARMONIZER_MISSING__,__ENVHARMONIZER_MISSING__
FOODON:00002157,FOODON:00002300,is_a,FOODON,upstream,__ENVHARMONIZER_MISSING__,__ENVHARMONIZER_MISSING__,__ENVHARMONIZER_MISSING__
FOODON:00002158,FOODON:00002645,is_a,FOODON,upstream,__ENVHARMONIZER_MISSING__,__ENVHARMONIZER_MISSING__,__ENVHARMONIZER_MISSING__
FOODON:00002174,FOODON:00001091,is_a,FOODON,upstream,__ENVHARMONIZER_MISSING__,__ENVHARMONIZER_MISSING__,__ENVHARMONIZER_MISSING__
FOODON:00002180,FOODON:00002141,is_a,FOODON,upstream,__ENVHARMONIZER_MISSING__,__ENVHARMONIZER_MISSING__,__ENVHARMONIZER_MISSING__
FOODON:00002196,FOODON:03311737,is_a,FOODON,upstream,__ENVHARMONIZER_MISSING__,__ENVHARMONIZER_MISSING__,__ENVHARMONIZER_MISSING__
FOODON:00002203,FOODON:00001916,is_a,FOODON,upstream,__ENVHARMONIZER_MISSING__,__ENVHARMONIZER_MISSING__,__ENVHARMONIZER_MISSING__
FOODON:00002207,FOODON:00001056,is_a,FOODON,upstream,__ENVHARMONIZER_MISSING__,__ENVHARMONIZER_MISSING__,__ENVHARMONIZER_MISSING__
FOODON:00002207,FOODON:00001185,is_a,FOODON,upstream,__ENVHARMONIZER_MISSING__,__ENVHARMONIZER_MISSING__,__ENVHARMONIZER_MISSING__
FOODON:00002220,FOODON:00001248,is_a,FOODON,upstream,__ENVHARMONIZER_MISSING__,__ENVHARMONIZER_MISSING__,__ENVHARMONIZER_MISSING__
FOODON:00002232,FOODON:00001093,is_a,FOODON,upstream,__ENVHARMONIZER_MISSING__,__ENVHARMONIZER_MISSING__,__ENVHARMONIZER_MISSING__
FOODON:00002232,FOODON:03304497,is_a,FOODON,upstream,__ENVHARMONIZER_MISSING__,__ENVHARMONIZER_MISSING__,__ENVHARMONIZER_MISSING__
FOODON:00002253,FOODON:03301977,is_a,FOODON,upstream,__ENVHARMONIZER_MISSING__,__ENVHARMONIZER_MISSING__,__ENVHARMONIZER_MISSING__
FOODON:00002262,FOODON:00001761,is_a,FOODON,upstream,__ENVHARMONIZER_MISSING__,__ENVHARMONIZER_MISSING__,__ENVHARMONIZER_MISSING__
FOODON:00002264,FOODON:00001907,is_a,FOODON,upstream,__ENVHARMONIZER_MISSING__,__ENVHARMONIZER_MISSING__,__ENVHARMONIZER_MISSING__
FOODON:00002265,FOODON:00001173,is_a,FOODON,upstream,__ENVHARMONIZER_MISSING__,__ENVHARMONIZER_MISSING__,__ENVHARMONIZER_MISSING__
FOODON:00002266,FOODON:00001635,is_a,FOODON,upstream,__ENVHARMONIZER_MISSING__,__ENVHARMONIZER_MISSING__,__ENVHARMONIZER_MISSING__
FOODON:00002266,FOODON:00002265,is_a,FOODON,upstream,__ENVHARMONIZER_MISSING__,__ENVHARMONIZER_MISSING__,__ENVHARMONIZER_MISSING__
FOODON:00002268,FOODON:00002145,is_a,FOODON,upstream,__ENVHARMONIZER_MISSING__,__ENVHARMONIZER_MISSING__,__ENVHARMONIZER_MISSING__
FOODON:00002269,FOODON:00002143,is_a,FOODON,upstream,__ENVHARMONIZER_MISSING__,__ENVHARMONIZER_MISSING__,__ENVHARMONIZER_MISSING__
FOODON:00002271,FOODON:00002141,is_a,FOODON,upstream,__ENVHARMONIZER_MISSING__,__ENVHARMONIZER_MISSING__,__ENVHARMONIZER_MISSING__
FOODON:00002275,FOODON:00001253,is_a,FOODON,upstream,__ENVHARMONIZER_MISSING__,__ENVHARMONIZER_MISSING__,__ENVHARMONIZER_MISSING__
FOODON:00002277,FOODON:00001057,is_a,FOODON,upstream,__ENVHARMONIZER_MISSING__,__ENVHARMONIZER_MISSING__,__ENVHARMONIZER_MISSING__
FOODON:00002282,FOODON:00001640,is_a,FOODON,upstream,__ENVHARMONIZER_MISSING__,__ENVHARMONIZER_MISSING__,__ENVHARMONIZER_MISSING__
FOODON:00002300,FOODON:00001133,is_a,FOODON,upstream,__ENVHARMONIZER_MISSING__,__ENVHARMONIZER_MISSING__,__ENVHARMONIZER_MISSING__
FOODON:00002300,FOODON:00001857,is_a,FOODON,upstream,__ENVHARMONIZER_MISSING__,__ENVHARMONIZER_MISSING__,__ENVHARMONIZER_MISSING__
FOODON:00002312,FOODON:00003042,is_a,FOODON,upstream,__ENVHARMONIZER_MISSING__,__ENVHARMONIZER_MISSING__,__ENVHARMONIZER_MISSING__
FOODON:00002323,FOODON:03303380,is_a,FOODON,upstream,__ENVHARMONIZER_MISSING__,__ENVHARMONIZER_MISSING__,__ENVHARMONIZER_MISSING__
FOODON:00002333,FOODON:00001079,is_a,FOODON,upstream,__ENVHARMONIZER_MISSING__,__ENVHARMONIZER_MISSING__,__ENVHARMONIZER_MISSING__
FOODON:00002333,FOODON:00001261,is_a,FOODON,upstream,__ENVHARMONIZER_MISSING__,__ENVHARMONIZER_MISSING__,__ENVHARMONIZER_MISSING__
FOODON:00002339,FOODON:00002253,is_a,FOODON,upstream,__ENVHARMONIZER_MISSING__,__ENVHARMONIZER_MISSING__,__ENVHARMONIZER_MISSING__
FOODON:00002351,FOODON:00001183,is_a,FOODON,upstream,__ENVHARMONIZER_MISSING__,__ENVHARMONIZER_MISSING__,__ENVHARMONIZER_MISSING__
FOODON:00002351,FOODON:00003395,is_a,FOODON,upstream,__ENVHARMONIZER_MISSING__,__ENVHARMONIZER_MISSING__,__ENVHARMONIZER_MISSING__
FOODON:00002364,FOODON:00001094,is_a,FOODON,upstream,__ENVHARMONIZER_MISSING__,__ENVHARMONIZER_MISSING__,__ENVHARMONIZER_MISSING__
FOODON:00002365,FOODON:00001925,is_a,FOODON,upstream,__ENVHARMONIZER_MISSING__,__ENVHARMONIZER_MISSING__,__ENVHARMONIZER_MISSING__
FOODON:00002373,FOODON:00002403,is_a,FOODON,upstream,__ENVHARMONIZER_MISSING__,__ENVHARMONIZER_MISSING__,__ENVHARMONIZER_MISSING__
FOODON:00002403,AMH:0000032,is_a,amosharmonizer,reviewed,seanthimons,2026-09-03,FoodOn food material branch under the reviewed food query root.
FOODON:00002423,FOODON:00001015,is_a,FOODON,upstream,__ENVHARMONIZER_MISSING__,__ENVHARMONIZER_MISSING__,__ENVHARMONIZER_MISSING__
FOODON:00002434,FOODON:00001143,is_a,FOODON,upstream,__ENVHARMONIZER_MISSING__,__ENVHARMONIZER_MISSING__,__ENVHARMONIZER_MISSING__
FOODON:00002434,FOODON:00001261,is_a,FOODON,upstream,__ENVHARMONIZER_MISSING__,__ENVHARMONIZER_MISSING__,__ENVHARMONIZER_MISSING__
FOODON:00002452,FOODON:00003004,is_a,FOODON,upstream,__ENVHARMONIZER_MISSING__,__ENVHARMONIZER_MISSING__,__ENVHARMONIZER_MISSING__
FOODON:00002452,FOODON:00005522,is_a,FOODON,upstream,__ENVHARMONIZER_MISSING__,__ENVHARMONIZER_MISSING__,__ENVHARMONIZER_MISSING__
FOODON:00002454,FOODON:00002403,is_a,FOODON,upstream,__ENVHARMONIZER_MISSING__,__ENVHARMONIZER_MISSING__,__ENVHARMONIZER_MISSING__
FOODON:00002456,FOODON:00001181,is_a,FOODON,upstream,__ENVHARMONIZER_MISSING__,__ENVHARMONIZER_MISSING__,__ENVHARMONIZER_MISSING__
FOODON:00002457,FOODON:03311126,is_a,FOODON,upstream,__ENVHARMONIZER_MISSING__,__ENVHARMONIZER_MISSING__,__ENVHARMONIZER_MISSING__
FOODON:00002472,FOODON:00002457,is_a,FOODON,upstream,__ENVHARMONIZER_MISSING__,__ENVHARMONIZER_MISSING__,__ENVHARMONIZER_MISSING__
FOODON:00002472,FOODON:03302008,is_a,FOODON,upstream,__ENVHARMONIZER_MISSING__,__ENVHARMONIZER_MISSING__,__ENVHARMONIZER_MISSING__
FOODON:00002472,FOODON:03315615,is_a,FOODON,upstream,__ENVHARMONIZER_MISSING__,__ENVHARMONIZER_MISSING__,__ENVHARMONIZER_MISSING__
FOODON:00002473,FOODON:03310788,is_a,FOODON,upstream,__ENVHARMONIZER_MISSING__,__ENVHARMONIZER_MISSING__,__ENVHARMONIZER_MISSING__
FOODON:00002477,FOODON:00001092,is_a,FOODON,upstream,__ENVHARMONIZER_MISSING__,__ENVHARMONIZER_MISSING__,__ENVHARMONIZER_MISSING__
FOODON:00002488,FOODON:00002101,is_a,FOODON,upstream,__ENVHARMONIZER_MISSING__,__ENVHARMONIZER_MISSING__,__ENVHARMONIZER_MISSING__
FOODON:00002501,FOODON:00001002,is_a,FOODON,upstream,__ENVHARMONIZER_MISSING__,__ENVHARMONIZER_MISSING__,__ENVHARMONIZER_MISSING__
FOODON:00002581,FOODON:00002452,is_a,FOODON,upstream,__ENVHARMONIZER_MISSING__,__ENVHARMONIZER_MISSING__,__ENVHARMONIZER_MISSING__
FOODON:00002581,FOODON:00005683,is_a,FOODON,upstream,__ENVHARMONIZER_MISSING__,__ENVHARMONIZER_MISSING__,__ENVHARMONIZER_MISSING__
FOODON:00002645,FOODON:00002403,is_a,FOODON,upstream,__ENVHARMONIZER_MISSING__,__ENVHARMONIZER_MISSING__,__ENVHARMONIZER_MISSING__
FOODON:00002663,FOODON:00001132,is_a,FOODON,upstream,__ENVHARMONIZER_MISSING__,__ENVHARMONIZER_MISSING__,__ENVHARMONIZER_MISSING__
FOODON:00002663,FOODON:02021649,is_a,FOODON,upstream,__ENVHARMONIZER_MISSING__,__ENVHARMONIZER_MISSING__,__ENVHARMONIZER_MISSING__
FOODON:00002664,FOODON:03420228,is_a,FOODON,upstream,__ENVHARMONIZER_MISSING__,__ENVHARMONIZER_MISSING__,__ENVHARMONIZER_MISSING__
FOODON:00002695,FOODON:00002150,is_a,FOODON,upstream,__ENVHARMONIZER_MISSING__,__ENVHARMONIZER_MISSING__,__ENVHARMONIZER_MISSING__
FOODON:00002700,FOODON:00001173,is_a,FOODON,upstream,__ENVHARMONIZER_MISSING__,__ENVHARMONIZER_MISSING__,__ENVHARMONIZER_MISSING__
FOODON:00002730,FOODON:00001286,is_a,FOODON,upstream,__ENVHARMONIZER_MISSING__,__ENVHARMONIZER_MISSING__,__ENVHARMONIZER_MISSING__
FOODON:00002730,FOODON:02010045,is_a,FOODON,upstream,__ENVHARMONIZER_MISSING__,__ENVHARMONIZER_MISSING__,__ENVHARMONIZER_MISSING__
FOODON:00002730,FOODON:02020436,is_a,FOODON,upstream,__ENVHARMONIZER_MISSING__,__ENVHARMONIZER_MISSING__,__ENVHARMONIZER_MISSING__
FOODON:00002753,FOODON:00001635,is_a,FOODON,upstream,__ENVHARMONIZER_MISSING__,__ENVHARMONIZER_MISSING__,__ENVHARMONIZER_MISSING__
FOODON:00002753,FOODON:03310646,is_a,FOODON,upstream,__ENVHARMONIZER_MISSING__,__ENVHARMONIZER_MISSING__,__ENVHARMONIZER_MISSING__
FOODON:00002796,FOODON:00001148,is_a,FOODON,upstream,__ENVHARMONIZER_MISSING__,__ENVHARMONIZER_MISSING__,__ENVHARMONIZER_MISSING__
FOODON:00002797,FOODON:00001148,is_a,FOODON,upstream,__ENVHARMONIZER_MISSING__,__ENVHARMONIZER_MISSING__,__ENVHARMONIZER_MISSING__
FOODON:00002808,FOODON:03306633,is_a,FOODON,upstream,__ENVHARMONIZER_MISSING__,__ENVHARMONIZER_MISSING__,__ENVHARMONIZER_MISSING__
FOODON:00002922,FOODON:00003406,is_a,FOODON,upstream,__ENVHARMONIZER_MISSING__,__ENVHARMONIZER_MISSING__,__ENVHARMONIZER_MISSING__
FOODON:00002932,FOODON:00001172,is_a,FOODON,upstream,__ENVHARMONIZER_MISSING__,__ENVHARMONIZER_MISSING__,__ENVHARMONIZER_MISSING__
FOODON:00002933,FOODON:00002932,is_a,FOODON,upstream,__ENVHARMONIZER_MISSING__,__ENVHARMONIZER_MISSING__,__ENVHARMONIZER_MISSING__
FOODON:00002956,FOODON:00002477,is_a,FOODON,upstream,__ENVHARMONIZER_MISSING__,__ENVHARMONIZER_MISSING__,__ENVHARMONIZER_MISSING__
FOODON:00003004,FOODON:03420164,is_a,FOODON,upstream,__ENVHARMONIZER_MISSING__,__ENVHARMONIZER_MISSING__,__ENVHARMONIZER_MISSING__
FOODON:00003022,FOODON:03303380,is_a,FOODON,upstream,__ENVHARMONIZER_MISSING__,__ENVHARMONIZER_MISSING__,__ENVHARMONIZER_MISSING__
FOODON:00003041,FOODON:00002488,is_a,FOODON,upstream,__ENVHARMONIZER_MISSING__,__ENVHARMONIZER_MISSING__,__ENVHARMONIZER_MISSING__
FOODON:00003042,FOODON:00001242,is_a,FOODON,upstream,__ENVHARMONIZER_MISSING__,__ENVHARMONIZER_MISSING__,__ENVHARMONIZER_MISSING__
FOODON:00003108,FOODON:00003394,is_a,FOODON,upstream,__ENVHARMONIZER_MISSING__,__ENVHARMONIZER_MISSING__,__ENVHARMONIZER_MISSING__
FOODON:00003205,FOODON:00002099,is_a,FOODON,upstream,__ENVHARMONIZER_MISSING__,__ENVHARMONIZER_MISSING__,__ENVHARMONIZER_MISSING__
FOODON:00003206,FOODON:00002099,is_a,FOODON,upstream,__ENVHARMONIZER_MISSING__,__ENVHARMONIZER_MISSING__,__ENVHARMONIZER_MISSING__
FOODON:00003206,FOODON:03310646,is_a,FOODON,upstream,__ENVHARMONIZER_MISSING__,__ENVHARMONIZER_MISSING__,__ENVHARMONIZER_MISSING__
FOODON:00003208,FOODON:00001070,is_a,FOODON,upstream,__ENVHARMONIZER_MISSING__,__ENVHARMONIZER_MISSING__,__ENVHARMONIZER_MISSING__
FOODON:00003229,FOODON:00001817,is_a,FOODON,upstream,__ENVHARMONIZER_MISSING__,__ENVHARMONIZER_MISSING__,__ENVHARMONIZER_MISSING__
FOODON:00003287,FOODON:03303380,is_a,FOODON,upstream,__ENVHARMONIZER_MISSING__,__ENVHARMONIZER_MISSING__,__ENVHARMONIZER_MISSING__
FOODON:00003324,FOODON:00001151,is_a,FOODON,upstream,__ENVHARMONIZER_MISSING__,__ENVHARMONIZER_MISSING__,__ENVHARMONIZER_MISSING__
FOODON:00003341,FOODON:00001169,is_a,FOODON,upstream,__ENVHARMONIZER_MISSING__,__ENVHARMONIZER_MISSING__,__ENVHARMONIZER_MISSING__
FOODON:00003341,FOODON:00001261,is_a,FOODON,upstream,__ENVHARMONIZER_MISSING__,__ENVHARMONIZER_MISSING__,__ENVHARMONIZER_MISSING__
FOODON:00003394,FOODON:00001191,is_a,FOODON,upstream,__ENVHARMONIZER_MISSING__,__ENVHARMONIZER_MISSING__,__ENVHARMONIZER_MISSING__
FOODON:00003395,FOODON:03316579,is_a,FOODON,upstream,__ENVHARMONIZER_MISSING__,__ENVHARMONIZER_MISSING__,__ENVHARMONIZER_MISSING__
FOODON:00003405,FOODON:00001666,is_a,FOODON,upstream,__ENVHARMONIZER_MISSING__,__ENVHARMONIZER_MISSING__,__ENVHARMONIZER_MISSING__
FOODON:00003406,FOODON:00001677,is_a,FOODON,upstream,__ENVHARMONIZER_MISSING__,__ENVHARMONIZER_MISSING__,__ENVHARMONIZER_MISSING__
FOODON:00003408,FOODON:00001687,is_a,FOODON,upstream,__ENVHARMONIZER_MISSING__,__ENVHARMONIZER_MISSING__,__ENVHARMONIZER_MISSING__
FOODON:00003415,FOODON:00001795,is_a,FOODON,upstream,__ENVHARMONIZER_MISSING__,__ENVHARMONIZER_MISSING__,__ENVHARMONIZER_MISSING__
FOODON:00003416,FOODON:00001825,is_a,FOODON,upstream,__ENVHARMONIZER_MISSING__,__ENVHARMONIZER_MISSING__,__ENVHARMONIZER_MISSING__
FOODON:00003416,FOODON:03315184,is_a,FOODON,upstream,__ENVHARMONIZER_MISSING__,__ENVHARMONIZER_MISSING__,__ENVHARMONIZER_MISSING__
FOODON:00003417,FOODON:00001170,is_a,FOODON,upstream,__ENVHARMONIZER_MISSING__,__ENVHARMONIZER_MISSING__,__ENVHARMONIZER_MISSING__
FOODON:00003417,FOODON:00003521,is_a,FOODON,upstream,__ENVHARMONIZER_MISSING__,__ENVHARMONIZER_MISSING__,__ENVHARMONIZER_MISSING__
FOODON:00003423,FOODON:00001998,is_a,FOODON,upstream,__ENVHARMONIZER_MISSING__,__ENVHARMONIZER_MISSING__,__ENVHARMONIZER_MISSING__
FOODON:00003423,FOODON:00003650,is_a,FOODON,upstream,__ENVHARMONIZER_MISSING__,__ENVHARMONIZER_MISSING__,__ENVHARMONIZER_MISSING__
FOODON:00003427,FOODON:00001142,is_a,FOODON,upstream,__ENVHARMONIZER_MISSING__,__ENVHARMONIZER_MISSING__,__ENVHARMONIZER_MISSING__
FOODON:00003429,FOODON:00001189,is_a,FOODON,upstream,__ENVHARMONIZER_MISSING__,__ENVHARMONIZER_MISSING__,__ENVHARMONIZER_MISSING__
FOODON:00003443,FOODON:00002282,is_a,FOODON,upstream,__ENVHARMONIZER_MISSING__,__ENVHARMONIZER_MISSING__,__ENVHARMONIZER_MISSING__
FOODON:00003443,FOODON:00003592,is_a,FOODON,upstream,__ENVHARMONIZER_MISSING__,__ENVHARMONIZER_MISSING__,__ENVHARMONIZER_MISSING__
FOODON:00003473,FOODON:00002220,is_a,FOODON,upstream,__ENVHARMONIZER_MISSING__,__ENVHARMONIZER_MISSING__,__ENVHARMONIZER_MISSING__
FOODON:00003486,FOODON:00002180,is_a,FOODON,upstream,__ENVHARMONIZER_MISSING__,__ENVHARMONIZER_MISSING__,__ENVHARMONIZER_MISSING__
FOODON:00003486,FOODON:00003946,is_a,FOODON,upstream,__ENVHARMONIZER_MISSING__,__ENVHARMONIZER_MISSING__,__ENVHARMONIZER_MISSING__
FOODON:00003520,FOODON:00002111,is_a,FOODON,upstream,__ENVHARMONIZER_MISSING__,__ENVHARMONIZER_MISSING__,__ENVHARMONIZER_MISSING__
FOODON:00003521,FOODON:03315614,is_a,FOODON,upstream,__ENVHARMONIZER_MISSING__,__ENVHARMONIZER_MISSING__,__ENVHARMONIZER_MISSING__
FOODON:00003528,FOODON:00002434,is_a,FOODON,upstream,__ENVHARMONIZER_MISSING__,__ENVHARMONIZER_MISSING__,__ENVHARMONIZER_MISSING__
FOODON:00003528,FOODON:02010348,is_a,FOODON,upstream,__ENVHARMONIZER_MISSING__,__ENVHARMONIZER_MISSING__,__ENVHARMONIZER_MISSING__
FOODON:00003539,FOODON:00002271,is_a,FOODON,upstream,__ENVHARMONIZER_MISSING__,__ENVHARMONIZER_MISSING__,__ENVHARMONIZER_MISSING__
FOODON:00003562,FOODON:00001849,is_a,FOODON,upstream,__ENVHARMONIZER_MISSING__,__ENVHARMONIZER_MISSING__,__ENVHARMONIZER_MISSING__
FOODON:00003562,FOODON:00003427,is_a,FOODON,upstream,__ENVHARMONIZER_MISSING__,__ENVHARMONIZER_MISSING__,__ENVHARMONIZER_MISSING__
FOODON:00003600,FOODON:00001625,is_a,FOODON,upstream,__ENVHARMONIZER_MISSING__,__ENVHARMONIZER_MISSING__,__ENVHARMONIZER_MISSING__
FOODON:00003650,FOODON:03315308,is_a,FOODON,upstream,__ENVHARMONIZER_MISSING__,__ENVHARMONIZER_MISSING__,__ENVHARMONIZER_MISSING__
FOODON:00003697,FOODON:03302008,is_a,FOODON,upstream,__ENVHARMONIZER_MISSING__,__ENVHARMONIZER_MISSING__,__ENVHARMONIZER_MISSING__
FOODON:00003697,FOODON:03411478,is_a,FOODON,upstream,__ENVHARMONIZER_MISSING__,__ENVHARMONIZER_MISSING__,__ENVHARMONIZER_MISSING__
FOODON:00003744,FOODON:00001956,is_a,FOODON,upstream,__ENVHARMONIZER_MISSING__,__ENVHARMONIZER_MISSING__,__ENVHARMONIZER_MISSING__
FOODON:00003744,FOODON:00003520,is_a,FOODON,upstream,__ENVHARMONIZER_MISSING__,__ENVHARMONIZER_MISSING__,__ENVHARMONIZER_MISSING__
FOODON:00003753,FOODON:00002323,is_a,FOODON,upstream,__ENVHARMONIZER_MISSING__,__ENVHARMONIZER_MISSING__,__ENVHARMONIZER_MISSING__
FOODON:00003787,FOODON:03420102,is_a,FOODON,upstream,__ENVHARMONIZER_MISSING__,__ENVHARMONIZER_MISSING__,__ENVHARMONIZER_MISSING__
FOODON:00003787,FOODON:03420208,is_a,FOODON,upstream,__ENVHARMONIZER_MISSING__,__ENVHARMONIZER_MISSING__,__ENVHARMONIZER_MISSING__
FOODON:00003788,FOODON:00001732,is_a,FOODON,upstream,__ENVHARMONIZER_MISSING__,__ENVHARMONIZER_MISSING__,__ENVHARMONIZER_MISSING__
FOODON:00003798,FOODON:00001955,is_a,FOODON,upstream,__ENVHARMONIZER_MISSING__,__ENVHARMONIZER_MISSING__,__ENVHARMONIZER_MISSING__
FOODON:00003798,FOODON:03000128,is_a,FOODON,upstream,__ENVHARMONIZER_MISSING__,__ENVHARMONIZER_MISSING__,__ENVHARMONIZER_MISSING__
FOODON:00003816,FOODON:03315308,is_a,FOODON,upstream,__ENVHARMONIZER_MISSING__,__ENVHARMONIZER_MISSING__,__ENVHARMONIZER_MISSING__
FOODON:00003946,FOODON:00003539,is_a,FOODON,upstream,__ENVHARMONIZER_MISSING__,__ENVHARMONIZER_MISSING__,__ENVHARMONIZER_MISSING__
FOODON:00004242,FOODON:00001002,is_a,FOODON,upstream,__ENVHARMONIZER_MISSING__,__ENVHARMONIZER_MISSING__,__ENVHARMONIZER_MISSING__
FOODON:00004242,FOODON:03420164,is_a,FOODON,upstream,__ENVHARMONIZER_MISSING__,__ENVHARMONIZER_MISSING__,__ENVHARMONIZER_MISSING__
FOODON:00004327,FOODON:03301641,is_a,FOODON,upstream,__ENVHARMONIZER_MISSING__,__ENVHARMONIZER_MISSING__,__ENVHARMONIZER_MISSING__
FOODON:00004328,FOODON:03420116,is_a,FOODON,upstream,__ENVHARMONIZER_MISSING__,__ENVHARMONIZER_MISSING__,__ENVHARMONIZER_MISSING__
FOODON:00004330,FOODON:00001185,is_a,FOODON,upstream,__ENVHARMONIZER_MISSING__,__ENVHARMONIZER_MISSING__,__ENVHARMONIZER_MISSING__
FOODON:00004331,FOODON:03420116,is_a,FOODON,upstream,__ENVHARMONIZER_MISSING__,__ENVHARMONIZER_MISSING__,__ENVHARMONIZER_MISSING__
FOODON:00004332,FOODON:00004328,is_a,FOODON,upstream,__ENVHARMONIZER_MISSING__,__ENVHARMONIZER_MISSING__,__ENVHARMONIZER_MISSING__
FOODON:00004332,FOODON:03420164,is_a,FOODON,upstream,__ENVHARMONIZER_MISSING__,__ENVHARMONIZER_MISSING__,__ENVHARMONIZER_MISSING__
FOODON:00004336,FOODON:03420116,is_a,FOODON,upstream,__ENVHARMONIZER_MISSING__,__ENVHARMONIZER_MISSING__,__ENVHARMONIZER_MISSING__
FOODON:00004340,FOODON:00001015,is_a,FOODON,upstream,__ENVHARMONIZER_MISSING__,__ENVHARMONIZER_MISSING__,__ENVHARMONIZER_MISSING__
FOODON:00004436,FOODON:00004332,is_a,FOODON,upstream,__ENVHARMONIZER_MISSING__,__ENVHARMONIZER_MISSING__,__ENVHARMONIZER_MISSING__
FOODON:00004509,FOODON:00001015,is_a,FOODON,upstream,__ENVHARMONIZER_MISSING__,__ENVHARMONIZER_MISSING__,__ENVHARMONIZER_MISSING__
FOODON:00004510,FOODON:00001056,is_a,FOODON,upstream,__ENVHARMONIZER_MISSING__,__ENVHARMONIZER_MISSING__,__ENVHARMONIZER_MISSING__
FOODON:00004515,FOODON:00001189,is_a,FOODON,upstream,__ENVHARMONIZER_MISSING__,__ENVHARMONIZER_MISSING__,__ENVHARMONIZER_MISSING__
FOODON:00004515,FOODON:00001253,is_a,FOODON,upstream,__ENVHARMONIZER_MISSING__,__ENVHARMONIZER_MISSING__,__ENVHARMONIZER_MISSING__
FOODON:00004525,FOODON:00002232,is_a,FOODON,upstream,__ENVHARMONIZER_MISSING__,__ENVHARMONIZER_MISSING__,__ENVHARMONIZER_MISSING__
FOODON:00004697,FOODON:03309664,is_a,FOODON,upstream,__ENVHARMONIZER_MISSING__,__ENVHARMONIZER_MISSING__,__ENVHARMONIZER_MISSING__
FOODON:00005495,FOODON:03310351,is_a,FOODON,upstream,__ENVHARMONIZER_MISSING__,__ENVHARMONIZER_MISSING__,__ENVHARMONIZER_MISSING__
FOODON:00005501,FOODON:00005502,is_a,FOODON,upstream,__ENVHARMONIZER_MISSING__,__ENVHARMONIZER_MISSING__,__ENVHARMONIZER_MISSING__
FOODON:00005502,FOODON:03420164,is_a,FOODON,upstream,__ENVHARMONIZER_MISSING__,__ENVHARMONIZER_MISSING__,__ENVHARMONIZER_MISSING__
FOODON:00005522,FOODON:03420164,is_a,FOODON,upstream,__ENVHARMONIZER_MISSING__,__ENVHARMONIZER_MISSING__,__ENVHARMONIZER_MISSING__
FOODON:00005532,FOODON:00001823,is_a,FOODON,upstream,__ENVHARMONIZER_MISSING__,__ENVHARMONIZER_MISSING__,__ENVHARMONIZER_MISSING__
FOODON:00005586,FOODON:00002099,is_a,FOODON,upstream,__ENVHARMONIZER_MISSING__,__ENVHARMONIZER_MISSING__,__ENVHARMONIZER_MISSING__
FOODON:00005586,FOODON:00004510,is_a,FOODON,upstream,__ENVHARMONIZER_MISSING__,__ENVHARMONIZER_MISSING__,__ENVHARMONIZER_MISSING__
FOODON:00005680,FOODON:00005501,is_a,FOODON,upstream,__ENVHARMONIZER_MISSING__,__ENVHARMONIZER_MISSING__,__ENVHARMONIZER_MISSING__
FOODON:00005683,FOODON:00005522,is_a,FOODON,upstream,__ENVHARMONIZER_MISSING__,__ENVHARMONIZER_MISSING__,__ENVHARMONIZER_MISSING__
FOODON:00005689,FOODON:00005501,is_a,FOODON,upstream,__ENVHARMONIZER_MISSING__,__ENVHARMONIZER_MISSING__,__ENVHARMONIZER_MISSING__
FOODON:00005702,FOODON:00005683,is_a,FOODON,upstream,__ENVHARMONIZER_MISSING__,__ENVHARMONIZER_MISSING__,__ENVHARMONIZER_MISSING__
FOODON:00005704,FOODON:00005683,is_a,FOODON,upstream,__ENVHARMONIZER_MISSING__,__ENVHARMONIZER_MISSING__,__ENVHARMONIZER_MISSING__
FOODON:00005705,FOODON:00005702,is_a,FOODON,upstream,__ENVHARMONIZER_MISSING__,__ENVHARMONIZER_MISSING__,__ENVHARMONIZER_MISSING__
FOODON:00005708,FOODON:00005704,is_a,FOODON,upstream,__ENVHARMONIZER_MISSING__,__ENVHARMONIZER_MISSING__,__ENVHARMONIZER_MISSING__
FOODON:02010001,FOODON:03420164,is_a,FOODON,upstream,__ENVHARMONIZER_MISSING__,__ENVHARMONIZER_MISSING__,__ENVHARMONIZER_MISSING__
FOODON:02010004,FOODON:02010002,is_a,FOODON,upstream,__ENVHARMONIZER_MISSING__,__ENVHARMONIZER_MISSING__,__ENVHARMONIZER_MISSING__
FOODON:02010013,FOODON:02010012,is_a,FOODON,upstream,__ENVHARMONIZER_MISSING__,__ENVHARMONIZER_MISSING__,__ENVHARMONIZER_MISSING__
FOODON:02010033,FOODON:00004332,is_a,FOODON,upstream,__ENVHARMONIZER_MISSING__,__ENVHARMONIZER_MISSING__,__ENVHARMONIZER_MISSING__
FOODON:02010033,FOODON:03310719,is_a,FOODON,upstream,__ENVHARMONIZER_MISSING__,__ENVHARMONIZER_MISSING__,__ENVHARMONIZER_MISSING__
FOODON:02010045,FOODON:03420106,is_a,FOODON,upstream,__ENVHARMONIZER_MISSING__,__ENVHARMONIZER_MISSING__,__ENVHARMONIZER_MISSING__
FOODON:02010348,FOODON:00004336,is_a,FOODON,upstream,__ENVHARMONIZER_MISSING__,__ENVHARMONIZER_MISSING__,__ENVHARMONIZER_MISSING__
FOODON:02020050,FOODON:00005502,is_a,FOODON,upstream,__ENVHARMONIZER_MISSING__,__ENVHARMONIZER_MISSING__,__ENVHARMONIZER_MISSING__
FOODON:02020060,FOODON:00004332,is_a,FOODON,upstream,__ENVHARMONIZER_MISSING__,__ENVHARMONIZER_MISSING__,__ENVHARMONIZER_MISSING__
FOODON:02020060,FOODON:02020050,is_a,FOODON,upstream,__ENVHARMONIZER_MISSING__,__ENVHARMONIZER_MISSING__,__ENVHARMONIZER_MISSING__
FOODON:02020150,FOODON:02020686,is_a,FOODON,upstream,__ENVHARMONIZER_MISSING__,__ENVHARMONIZER_MISSING__,__ENVHARMONIZER_MISSING__
FOODON:02020152,AMH:0000032,is_a,amosharmonizer,reviewed,seanthimons,2026-09-03,Raw chicken egg is food despite its organism-material-only FoodOn path.
FOODON:02020152,FOODON:02010004,is_a,FOODON,upstream,__ENVHARMONIZER_MISSING__,__ENVHARMONIZER_MISSING__,__ENVHARMONIZER_MISSING__
FOODON:02020152,FOODON:03316061,is_a,FOODON,upstream,__ENVHARMONIZER_MISSING__,__ENVHARMONIZER_MISSING__,__ENVHARMONIZER_MISSING__
FOODON:02020171,FOODON:02020150,is_a,FOODON,upstream,__ENVHARMONIZER_MISSING__,__ENVHARMONIZER_MISSING__,__ENVHARMONIZER_MISSING__
FOODON:02020171,FOODON:02020694,is_a,FOODON,upstream,__ENVHARMONIZER_MISSING__,__ENVHARMONIZER_MISSING__,__ENVHARMONIZER_MISSING__
FOODON:02020404,FOODON:02020686,is_a,FOODON,upstream,__ENVHARMONIZER_MISSING__,__ENVHARMONIZER_MISSING__,__ENVHARMONIZER_MISSING__
FOODON:02020428,FOODON:02020404,is_a,FOODON,upstream,__ENVHARMONIZER_MISSING__,__ENVHARMONIZER_MISSING__,__ENVHARMONIZER_MISSING__
FOODON:02020428,FOODON:02020694,is_a,FOODON,upstream,__ENVHARMONIZER_MISSING__,__ENVHARMONIZER_MISSING__,__ENVHARMONIZER_MISSING__
FOODON:02020436,FOODON:00004436,is_a,FOODON,upstream,__ENVHARMONIZER_MISSING__,__ENVHARMONIZER_MISSING__,__ENVHARMONIZER_MISSING__
FOODON:02020436,FOODON:02020428,is_a,FOODON,upstream,__ENVHARMONIZER_MISSING__,__ENVHARMONIZER_MISSING__,__ENVHARMONIZER_MISSING__
FOODON:02020686,FOODON:02020050,is_a,FOODON,upstream,__ENVHARMONIZER_MISSING__,__ENVHARMONIZER_MISSING__,__ENVHARMONIZER_MISSING__
FOODON:02020694,FOODON:02020060,is_a,FOODON,upstream,__ENVHARMONIZER_MISSING__,__ENVHARMONIZER_MISSING__,__ENVHARMONIZER_MISSING__
FOODON:02020694,FOODON:02020686,is_a,FOODON,upstream,__ENVHARMONIZER_MISSING__,__ENVHARMONIZER_MISSING__,__ENVHARMONIZER_MISSING__
FOODON:02020797,FOODON:00005705,is_a,FOODON,upstream,__ENVHARMONIZER_MISSING__,__ENVHARMONIZER_MISSING__,__ENVHARMONIZER_MISSING__
FOODON:02020889,FOODON:00005680,is_a,FOODON,upstream,__ENVHARMONIZER_MISSING__,__ENVHARMONIZER_MISSING__,__ENVHARMONIZER_MISSING__
FOODON:02020890,FOODON:02010001,is_a,FOODON,upstream,__ENVHARMONIZER_MISSING__,__ENVHARMONIZER_MISSING__,__ENVHARMONIZER_MISSING__
FOODON:02020890,FOODON:02020889,is_a,FOODON,upstream,__ENVHARMONIZER_MISSING__,__ENVHARMONIZER_MISSING__,__ENVHARMONIZER_MISSING__
FOODON:02020891,FOODON:02010012,is_a,FOODON,upstream,__ENVHARMONIZER_MISSING__,__ENVHARMONIZER_MISSING__,__ENVHARMONIZER_MISSING__
FOODON:02020891,FOODON:02020890,is_a,FOODON,upstream,__ENVHARMONIZER_MISSING__,__ENVHARMONIZER_MISSING__,__ENVHARMONIZER_MISSING__
FOODON:02021462,FOODON:00005708,is_a,FOODON,upstream,__ENVHARMONIZER_MISSING__,__ENVHARMONIZER_MISSING__,__ENVHARMONIZER_MISSING__
FOODON:02021649,FOODON:00005689,is_a,FOODON,upstream,__ENVHARMONIZER_MISSING__,__ENVHARMONIZER_MISSING__,__ENVHARMONIZER_MISSING__
FOODON:03000128,FOODON:00003744,is_a,FOODON,upstream,__ENVHARMONIZER_MISSING__,__ENVHARMONIZER_MISSING__,__ENVHARMONIZER_MISSING__
FOODON:03000221,FOODON:00002269,is_a,FOODON,upstream,__ENVHARMONIZER_MISSING__,__ENVHARMONIZER_MISSING__,__ENVHARMONIZER_MISSING__
FOODON:03000230,FOODON:00002084,is_a,FOODON,upstream,__ENVHARMONIZER_MISSING__,__ENVHARMONIZER_MISSING__,__ENVHARMONIZER_MISSING__
FOODON:03000242,FOODON:00001650,is_a,FOODON,upstream,__ENVHARMONIZER_MISSING__,__ENVHARMONIZER_MISSING__,__ENVHARMONIZER_MISSING__
FOODON:03000287,FOODON:00001013,is_a,FOODON,upstream,__ENVHARMONIZER_MISSING__,__ENVHARMONIZER_MISSING__,__ENVHARMONIZER_MISSING__
FOODON:03000288,FOODON:00001183,is_a,FOODON,upstream,__ENVHARMONIZER_MISSING__,__ENVHARMONIZER_MISSING__,__ENVHARMONIZER_MISSING__
FOODON:03301014,FOODON:00001095,is_a,FOODON,upstream,__ENVHARMONIZER_MISSING__,__ENVHARMONIZER_MISSING__,__ENVHARMONIZER_MISSING__
FOODON:03301014,FOODON:00001925,is_a,FOODON,upstream,__ENVHARMONIZER_MISSING__,__ENVHARMONIZER_MISSING__,__ENVHARMONIZER_MISSING__
FOODON:03301024,FOODON:00001178,is_a,FOODON,upstream,__ENVHARMONIZER_MISSING__,__ENVHARMONIZER_MISSING__,__ENVHARMONIZER_MISSING__
FOODON:03301036,FOODON:00001244,is_a,FOODON,upstream,__ENVHARMONIZER_MISSING__,__ENVHARMONIZER_MISSING__,__ENVHARMONIZER_MISSING__
FOODON:03301051,FOODON:00001214,is_a,FOODON,upstream,__ENVHARMONIZER_MISSING__,__ENVHARMONIZER_MISSING__,__ENVHARMONIZER_MISSING__
FOODON:03301061,FOODON:00001848,is_a,FOODON,upstream,__ENVHARMONIZER_MISSING__,__ENVHARMONIZER_MISSING__,__ENVHARMONIZER_MISSING__
FOODON:03301073,FOODON:03307345,is_a,FOODON,upstream,__ENVHARMONIZER_MISSING__,__ENVHARMONIZER_MISSING__,__ENVHARMONIZER_MISSING__
FOODON:03301127,FOODON:00001926,is_a,FOODON,upstream,__ENVHARMONIZER_MISSING__,__ENVHARMONIZER_MISSING__,__ENVHARMONIZER_MISSING__
FOODON:03301127,FOODON:03301296,is_a,FOODON,upstream,__ENVHARMONIZER_MISSING__,__ENVHARMONIZER_MISSING__,__ENVHARMONIZER_MISSING__
FOODON:03301296,FOODON:00001140,is_a,FOODON,upstream,__ENVHARMONIZER_MISSING__,__ENVHARMONIZER_MISSING__,__ENVHARMONIZER_MISSING__
FOODON:03301326,FOODON:00003406,is_a,FOODON,upstream,__ENVHARMONIZER_MISSING__,__ENVHARMONIZER_MISSING__,__ENVHARMONIZER_MISSING__
FOODON:03301326,FOODON:03302008,is_a,FOODON,upstream,__ENVHARMONIZER_MISSING__,__ENVHARMONIZER_MISSING__,__ENVHARMONIZER_MISSING__
FOODON:03301397,FOODON:00001024,is_a,FOODON,upstream,__ENVHARMONIZER_MISSING__,__ENVHARMONIZER_MISSING__,__ENVHARMONIZER_MISSING__
FOODON:03301402,FOODON:00001905,is_a,FOODON,upstream,__ENVHARMONIZER_MISSING__,__ENVHARMONIZER_MISSING__,__ENVHARMONIZER_MISSING__
FOODON:03301424,FOODON:00001218,is_a,FOODON,upstream,__ENVHARMONIZER_MISSING__,__ENVHARMONIZER_MISSING__,__ENVHARMONIZER_MISSING__
FOODON:03301424,FOODON:00002127,is_a,FOODON,upstream,__ENVHARMONIZER_MISSING__,__ENVHARMONIZER_MISSING__,__ENVHARMONIZER_MISSING__
FOODON:03301444,FOODON:00001253,is_a,FOODON,upstream,__ENVHARMONIZER_MISSING__,__ENVHARMONIZER_MISSING__,__ENVHARMONIZER_MISSING__
FOODON:03301453,FOODON:00001164,is_a,FOODON,upstream,__ENVHARMONIZER_MISSING__,__ENVHARMONIZER_MISSING__,__ENVHARMONIZER_MISSING__
FOODON:03301467,FOODON:00001635,is_a,FOODON,upstream,__ENVHARMONIZER_MISSING__,__ENVHARMONIZER_MISSING__,__ENVHARMONIZER_MISSING__
FOODON:03301484,FOODON:00001771,is_a,FOODON,upstream,__ENVHARMONIZER_MISSING__,__ENVHARMONIZER_MISSING__,__ENVHARMONIZER_MISSING__
FOODON:03301502,FOODON:00001014,is_a,FOODON,upstream,__ENVHARMONIZER_MISSING__,__ENVHARMONIZER_MISSING__,__ENVHARMONIZER_MISSING__
FOODON:03301641,FOODON:00001185,is_a,FOODON,upstream,__ENVHARMONIZER_MISSING__,__ENVHARMONIZER_MISSING__,__ENVHARMONIZER_MISSING__
FOODON:03301670,FOODON:00001918,is_a,FOODON,upstream,__ENVHARMONIZER_MISSING__,__ENVHARMONIZER_MISSING__,__ENVHARMONIZER_MISSING__
FOODON:03301670,FOODON:00002203,is_a,FOODON,upstream,__ENVHARMONIZER_MISSING__,__ENVHARMONIZER_MISSING__,__ENVHARMONIZER_MISSING__
FOODON:03301706,FOODON:00002051,is_a,FOODON,upstream,__ENVHARMONIZER_MISSING__,__ENVHARMONIZER_MISSING__,__ENVHARMONIZER_MISSING__
FOODON:03301826,FOODON:00002065,is_a,FOODON,upstream,__ENVHARMONIZER_MISSING__,__ENVHARMONIZER_MISSING__,__ENVHARMONIZER_MISSING__
FOODON:03301833,FOODON:03316034,is_a,FOODON,upstream,__ENVHARMONIZER_MISSING__,__ENVHARMONIZER_MISSING__,__ENVHARMONIZER_MISSING__
FOODON:03301941,FOODON:00001093,is_a,FOODON,upstream,__ENVHARMONIZER_MISSING__,__ENVHARMONIZER_MISSING__,__ENVHARMONIZER_MISSING__
FOODON:03301977,FOODON:00002373,is_a,FOODON,upstream,__ENVHARMONIZER_MISSING__,__ENVHARMONIZER_MISSING__,__ENVHARMONIZER_MISSING__
FOODON:03302008,FOODON:03311126,is_a,FOODON,upstream,__ENVHARMONIZER_MISSING__,__ENVHARMONIZER_MISSING__,__ENVHARMONIZER_MISSING__
FOODON:03302008,FOODON:03315308,is_a,FOODON,upstream,__ENVHARMONIZER_MISSING__,__ENVHARMONIZER_MISSING__,__ENVHARMONIZER_MISSING__
FOODON:03302072,FOODON:00001177,is_a,FOODON,upstream,__ENVHARMONIZER_MISSING__,__ENVHARMONIZER_MISSING__,__ENVHARMONIZER_MISSING__
FOODON:03302072,FOODON:00001974,is_a,FOODON,upstream,__ENVHARMONIZER_MISSING__,__ENVHARMONIZER_MISSING__,__ENVHARMONIZER_MISSING__
FOODON:03302116,FOODON:00001771,is_a,FOODON,upstream,__ENVHARMONIZER_MISSING__,__ENVHARMONIZER_MISSING__,__ENVHARMONIZER_MISSING__
FOODON:03302116,FOODON:03430130,is_a,FOODON,upstream,__ENVHARMONIZER_MISSING__,__ENVHARMONIZER_MISSING__,__ENVHARMONIZER_MISSING__
FOODON:03302142,FOODON:00002265,is_a,FOODON,upstream,__ENVHARMONIZER_MISSING__,__ENVHARMONIZER_MISSING__,__ENVHARMONIZER_MISSING__
FOODON:03302340,FOODON:00001210,is_a,FOODON,upstream,__ENVHARMONIZER_MISSING__,__ENVHARMONIZER_MISSING__,__ENVHARMONIZER_MISSING__
FOODON:03302340,FOODON:03307448,is_a,FOODON,upstream,__ENVHARMONIZER_MISSING__,__ENVHARMONIZER_MISSING__,__ENVHARMONIZER_MISSING__
FOODON:03302378,FOODON:00002796,is_a,FOODON,upstream,__ENVHARMONIZER_MISSING__,__ENVHARMONIZER_MISSING__,__ENVHARMONIZER_MISSING__
FOODON:03302389,FOODON:00001253,is_a,FOODON,upstream,__ENVHARMONIZER_MISSING__,__ENVHARMONIZER_MISSING__,__ENVHARMONIZER_MISSING__
FOODON:03302500,FOODON:00001056,is_a,FOODON,upstream,__ENVHARMONIZER_MISSING__,__ENVHARMONIZER_MISSING__,__ENVHARMONIZER_MISSING__
FOODON:03302500,FOODON:00001089,is_a,FOODON,upstream,__ENVHARMONIZER_MISSING__,__ENVHARMONIZER_MISSING__,__ENVHARMONIZER_MISSING__
FOODON:03302500,FOODON:00001845,is_a,FOODON,upstream,__ENVHARMONIZER_MISSING__,__ENVHARMONIZER_MISSING__,__ENVHARMONIZER_MISSING__
FOODON:03302578,FOODON:00002139,is_a,FOODON,upstream,__ENVHARMONIZER_MISSING__,__ENVHARMONIZER_MISSING__,__ENVHARMONIZER_MISSING__
FOODON:03302578,FOODON:00002700,is_a,FOODON,upstream,__ENVHARMONIZER_MISSING__,__ENVHARMONIZER_MISSING__,__ENVHARMONIZER_MISSING__
FOODON:03302775,FOODON:00001918,is_a,FOODON,upstream,__ENVHARMONIZER_MISSING__,__ENVHARMONIZER_MISSING__,__ENVHARMONIZER_MISSING__
FOODON:03302776,FOODON:00001173,is_a,FOODON,upstream,__ENVHARMONIZER_MISSING__,__ENVHARMONIZER_MISSING__,__ENVHARMONIZER_MISSING__
FOODON:03302776,FOODON:00002264,is_a,FOODON,upstream,__ENVHARMONIZER_MISSING__,__ENVHARMONIZER_MISSING__,__ENVHARMONIZER_MISSING__
FOODON:03302776,FOODON:03420307,is_a,FOODON,upstream,__ENVHARMONIZER_MISSING__,__ENVHARMONIZER_MISSING__,__ENVHARMONIZER_MISSING__
FOODON:03302920,FOODON:00002268,is_a,FOODON,upstream,__ENVHARMONIZER_MISSING__,__ENVHARMONIZER_MISSING__,__ENVHARMONIZER_MISSING__
FOODON:03302946,FOODON:00001281,is_a,FOODON,upstream,__ENVHARMONIZER_MISSING__,__ENVHARMONIZER_MISSING__,__ENVHARMONIZER_MISSING__
FOODON:03303130,FOODON:03306448,is_a,FOODON,upstream,__ENVHARMONIZER_MISSING__,__ENVHARMONIZER_MISSING__,__ENVHARMONIZER_MISSING__
FOODON:03303171,FOODON:03306632,is_a,FOODON,upstream,__ENVHARMONIZER_MISSING__,__ENVHARMONIZER_MISSING__,__ENVHARMONIZER_MISSING__
FOODON:03303220,FOODON:00002373,is_a,FOODON,upstream,__ENVHARMONIZER_MISSING__,__ENVHARMONIZER_MISSING__,__ENVHARMONIZER_MISSING__
FOODON:03303380,FOODON:00001242,is_a,FOODON,upstream,__ENVHARMONIZER_MISSING__,__ENVHARMONIZER_MISSING__,__ENVHARMONIZER_MISSING__
FOODON:03303918,FOODON:00001958,is_a,FOODON,upstream,__ENVHARMONIZER_MISSING__,__ENVHARMONIZER_MISSING__,__ENVHARMONIZER_MISSING__
FOODON:03303918,FOODON:02010013,is_a,FOODON,upstream,__ENVHARMONIZER_MISSING__,__ENVHARMONIZER_MISSING__,__ENVHARMONIZER_MISSING__
FOODON:03304313,FOODON:00002153,is_a,FOODON,upstream,__ENVHARMONIZER_MISSING__,__ENVHARMONIZER_MISSING__,__ENVHARMONIZER_MISSING__
FOODON:03304497,FOODON:00001173,is_a,FOODON,upstream,__ENVHARMONIZER_MISSING__,__ENVHARMONIZER_MISSING__,__ENVHARMONIZER_MISSING__
FOODON:03304685,FOODON:00002922,is_a,FOODON,upstream,__ENVHARMONIZER_MISSING__,__ENVHARMONIZER_MISSING__,__ENVHARMONIZER_MISSING__
FOODON:03304685,FOODON:03301326,is_a,FOODON,upstream,__ENVHARMONIZER_MISSING__,__ENVHARMONIZER_MISSING__,__ENVHARMONIZER_MISSING__
FOODON:03304704,FOODON:00001103,is_a,FOODON,upstream,__ENVHARMONIZER_MISSING__,__ENVHARMONIZER_MISSING__,__ENVHARMONIZER_MISSING__
FOODON:03304996,FOODON:00002266,is_a,FOODON,upstream,__ENVHARMONIZER_MISSING__,__ENVHARMONIZER_MISSING__,__ENVHARMONIZER_MISSING__
FOODON:03304996,FOODON:03301467,is_a,FOODON,upstream,__ENVHARMONIZER_MISSING__,__ENVHARMONIZER_MISSING__,__ENVHARMONIZER_MISSING__
FOODON:03305091,FOODON:02020171,is_a,FOODON,upstream,__ENVHARMONIZER_MISSING__,__ENVHARMONIZER_MISSING__,__ENVHARMONIZER_MISSING__
FOODON:03305091,FOODON:03316046,is_a,FOODON,upstream,__ENVHARMONIZER_MISSING__,__ENVHARMONIZER_MISSING__,__ENVHARMONIZER_MISSING__
FOODON:03305263,FOODON:00001087,is_a,FOODON,upstream,__ENVHARMONIZER_MISSING__,__ENVHARMONIZER_MISSING__,__ENVHARMONIZER_MISSING__
FOODON:03305263,FOODON:00002139,is_a,FOODON,upstream,__ENVHARMONIZER_MISSING__,__ENVHARMONIZER_MISSING__,__ENVHARMONIZER_MISSING__
FOODON:03305289,FOODON:03302389,is_a,FOODON,upstream,__ENVHARMONIZER_MISSING__,__ENVHARMONIZER_MISSING__,__ENVHARMONIZER_MISSING__
FOODON:03305367,FOODON:00001093,is_a,FOODON,upstream,__ENVHARMONIZER_MISSING__,__ENVHARMONIZER_MISSING__,__ENVHARMONIZER_MISSING__
FOODON:03305954,FOODON:00001888,is_a,FOODON,upstream,__ENVHARMONIZER_MISSING__,__ENVHARMONIZER_MISSING__,__ENVHARMONIZER_MISSING__
FOODON:03306052,FOODON:03303380,is_a,FOODON,upstream,__ENVHARMONIZER_MISSING__,__ENVHARMONIZER_MISSING__,__ENVHARMONIZER_MISSING__
FOODON:03306185,FOODON:00001185,is_a,FOODON,upstream,__ENVHARMONIZER_MISSING__,__ENVHARMONIZER_MISSING__,__ENVHARMONIZER_MISSING__
FOODON:03306255,FOODON:00002351,is_a,FOODON,upstream,__ENVHARMONIZER_MISSING__,__ENVHARMONIZER_MISSING__,__ENVHARMONIZER_MISSING__
FOODON:03306429,FOODON:03311126,is_a,FOODON,upstream,__ENVHARMONIZER_MISSING__,__ENVHARMONIZER_MISSING__,__ENVHARMONIZER_MISSING__
FOODON:03306429,FOODON:03317170,is_a,FOODON,upstream,__ENVHARMONIZER_MISSING__,__ENVHARMONIZER_MISSING__,__ENVHARMONIZER_MISSING__
FOODON:03306448,FOODON:03317423,is_a,FOODON,upstream,__ENVHARMONIZER_MISSING__,__ENVHARMONIZER_MISSING__,__ENVHARMONIZER_MISSING__
FOODON:03306632,FOODON:00001172,is_a,FOODON,upstream,__ENVHARMONIZER_MISSING__,__ENVHARMONIZER_MISSING__,__ENVHARMONIZER_MISSING__
FOODON:03306633,FOODON:03301826,is_a,FOODON,upstream,__ENVHARMONIZER_MISSING__,__ENVHARMONIZER_MISSING__,__ENVHARMONIZER_MISSING__
FOODON:03306811,FOODON:00001199,is_a,FOODON,upstream,__ENVHARMONIZER_MISSING__,__ENVHARMONIZER_MISSING__,__ENVHARMONIZER_MISSING__
FOODON:03306811,FOODON:00002753,is_a,FOODON,upstream,__ENVHARMONIZER_MISSING__,__ENVHARMONIZER_MISSING__,__ENVHARMONIZER_MISSING__
FOODON:03306867,FOODON:00003205,is_a,FOODON,upstream,__ENVHARMONIZER_MISSING__,__ENVHARMONIZER_MISSING__,__ENVHARMONIZER_MISSING__
FOODON:03307240,FOODON:00001280,is_a,FOODON,upstream,__ENVHARMONIZER_MISSING__,__ENVHARMONIZER_MISSING__,__ENVHARMONIZER_MISSING__
FOODON:03307312,FOODON:00002203,is_a,FOODON,upstream,__ENVHARMONIZER_MISSING__,__ENVHARMONIZER_MISSING__,__ENVHARMONIZER_MISSING__
FOODON:03307345,FOODON:03316271,is_a,FOODON,upstream,__ENVHARMONIZER_MISSING__,__ENVHARMONIZER_MISSING__,__ENVHARMONIZER_MISSING__
FOODON:03307448,FOODON:00001141,is_a,FOODON,upstream,__ENVHARMONIZER_MISSING__,__ENVHARMONIZER_MISSING__,__ENVHARMONIZER_MISSING__
FOODON:03307455,FOODON:02020891,is_a,FOODON,upstream,__ENVHARMONIZER_MISSING__,__ENVHARMONIZER_MISSING__,__ENVHARMONIZER_MISSING__
FOODON:03307455,FOODON:03302116,is_a,FOODON,upstream,__ENVHARMONIZER_MISSING__,__ENVHARMONIZER_MISSING__,__ENVHARMONIZER_MISSING__
FOODON:03307455,FOODON:03311126,is_a,FOODON,upstream,__ENVHARMONIZER_MISSING__,__ENVHARMONIZER_MISSING__,__ENVHARMONIZER_MISSING__
FOODON:03307539,FOODON:00002158,is_a,FOODON,upstream,__ENVHARMONIZER_MISSING__,__ENVHARMONIZER_MISSING__,__ENVHARMONIZER_MISSING__
FOODON:03307867,FOODON:03315081,is_a,FOODON,upstream,__ENVHARMONIZER_MISSING__,__ENVHARMONIZER_MISSING__,__ENVHARMONIZER_MISSING__
FOODON:03308628,FOODON:03315468,is_a,FOODON,upstream,__ENVHARMONIZER_MISSING__,__ENVHARMONIZER_MISSING__,__ENVHARMONIZER_MISSING__
FOODON:03309491,FOODON:00001918,is_a,FOODON,upstream,__ENVHARMONIZER_MISSING__,__ENVHARMONIZER_MISSING__,__ENVHARMONIZER_MISSING__
FOODON:03309664,FOODON:03304996,is_a,FOODON,upstream,__ENVHARMONIZER_MISSING__,__ENVHARMONIZER_MISSING__,__ENVHARMONIZER_MISSING__
FOODON:03309702,FOODON:00001758,is_a,FOODON,upstream,__ENVHARMONIZER_MISSING__,__ENVHARMONIZER_MISSING__,__ENVHARMONIZER_MISSING__
FOODON:03309857,FOODON:00002098,is_a,FOODON,upstream,__ENVHARMONIZER_MISSING__,__ENVHARMONIZER_MISSING__,__ENVHARMONIZER_MISSING__
FOODON:03309857,FOODON:03420307,is_a,FOODON,upstream,__ENVHARMONIZER_MISSING__,__ENVHARMONIZER_MISSING__,__ENVHARMONIZER_MISSING__
FOODON:03309871,FOODON:00002207,is_a,FOODON,upstream,__ENVHARMONIZER_MISSING__,__ENVHARMONIZER_MISSING__,__ENVHARMONIZER_MISSING__
FOODON:03309980,FOODON:03305367,is_a,FOODON,upstream,__ENVHARMONIZER_MISSING__,__ENVHARMONIZER_MISSING__,__ENVHARMONIZER_MISSING__
FOODON:03309997,FOODON:00002147,is_a,FOODON,upstream,__ENVHARMONIZER_MISSING__,__ENVHARMONIZER_MISSING__,__ENVHARMONIZER_MISSING__
FOODON:03310002,FOODON:03304996,is_a,FOODON,upstream,__ENVHARMONIZER_MISSING__,__ENVHARMONIZER_MISSING__,__ENVHARMONIZER_MISSING__
FOODON:03310006,FOODON:00001258,is_a,FOODON,upstream,__ENVHARMONIZER_MISSING__,__ENVHARMONIZER_MISSING__,__ENVHARMONIZER_MISSING__
FOODON:03310006,FOODON:00001635,is_a,FOODON,upstream,__ENVHARMONIZER_MISSING__,__ENVHARMONIZER_MISSING__,__ENVHARMONIZER_MISSING__
FOODON:03310070,FOODON:00003287,is_a,FOODON,upstream,__ENVHARMONIZER_MISSING__,__ENVHARMONIZER_MISSING__,__ENVHARMONIZER_MISSING__
FOODON:03310185,FOODON:00005495,is_a,FOODON,upstream,__ENVHARMONIZER_MISSING__,__ENVHARMONIZER_MISSING__,__ENVHARMONIZER_MISSING__
FOODON:03310272,FOODON:03301014,is_a,FOODON,upstream,__ENVHARMONIZER_MISSING__,__ENVHARMONIZER_MISSING__,__ENVHARMONIZER_MISSING__
FOODON:03310273,FOODON:03301014,is_a,FOODON,upstream,__ENVHARMONIZER_MISSING__,__ENVHARMONIZER_MISSING__,__ENVHARMONIZER_MISSING__
FOODON:03310351,FOODON:00001772,is_a,FOODON,upstream,__ENVHARMONIZER_MISSING__,__ENVHARMONIZER_MISSING__,__ENVHARMONIZER_MISSING__
FOODON:03310370,FOODON:00001763,is_a,FOODON,upstream,__ENVHARMONIZER_MISSING__,__ENVHARMONIZER_MISSING__,__ENVHARMONIZER_MISSING__
FOODON:03310387,FOODON:00002664,is_a,FOODON,upstream,__ENVHARMONIZER_MISSING__,__ENVHARMONIZER_MISSING__,__ENVHARMONIZER_MISSING__
FOODON:03310646,FOODON:00001264,is_a,FOODON,upstream,__ENVHARMONIZER_MISSING__,__ENVHARMONIZER_MISSING__,__ENVHARMONIZER_MISSING__
FOODON:03310646,FOODON:00002153,is_a,FOODON,upstream,__ENVHARMONIZER_MISSING__,__ENVHARMONIZER_MISSING__,__ENVHARMONIZER_MISSING__
FOODON:03310681,FOODON:00001692,is_a,FOODON,upstream,__ENVHARMONIZER_MISSING__,__ENVHARMONIZER_MISSING__,__ENVHARMONIZER_MISSING__
FOODON:03310719,FOODON:00001599,is_a,FOODON,upstream,__ENVHARMONIZER_MISSING__,__ENVHARMONIZER_MISSING__,__ENVHARMONIZER_MISSING__
FOODON:03310759,FOODON:00001999,is_a,FOODON,upstream,__ENVHARMONIZER_MISSING__,__ENVHARMONIZER_MISSING__,__ENVHARMONIZER_MISSING__
FOODON:03310760,FOODON:00001948,is_a,FOODON,upstream,__ENVHARMONIZER_MISSING__,__ENVHARMONIZER_MISSING__,__ENVHARMONIZER_MISSING__
FOODON:03310788,FOODON:00001611,is_a,FOODON,upstream,__ENVHARMONIZER_MISSING__,__ENVHARMONIZER_MISSING__,__ENVHARMONIZER_MISSING__
FOODON:03310815,FOODON:00002339,is_a,FOODON,upstream,__ENVHARMONIZER_MISSING__,__ENVHARMONIZER_MISSING__,__ENVHARMONIZER_MISSING__
FOODON:03310833,FOODON:03302500,is_a,FOODON,upstream,__ENVHARMONIZER_MISSING__,__ENVHARMONIZER_MISSING__,__ENVHARMONIZER_MISSING__
FOODON:03311126,FOODON:00002454,is_a,FOODON,upstream,__ENVHARMONIZER_MISSING__,__ENVHARMONIZER_MISSING__,__ENVHARMONIZER_MISSING__
FOODON:03311167,FOODON:00003788,is_a,FOODON,upstream,__ENVHARMONIZER_MISSING__,__ENVHARMONIZER_MISSING__,__ENVHARMONIZER_MISSING__
FOODON:03311585,FOODON:03315081,is_a,FOODON,upstream,__ENVHARMONIZER_MISSING__,__ENVHARMONIZER_MISSING__,__ENVHARMONIZER_MISSING__
FOODON:03311585,FOODON:03316079,is_a,FOODON,upstream,__ENVHARMONIZER_MISSING__,__ENVHARMONIZER_MISSING__,__ENVHARMONIZER_MISSING__
FOODON:03311737,FOODON:00002645,is_a,FOODON,upstream,__ENVHARMONIZER_MISSING__,__ENVHARMONIZER_MISSING__,__ENVHARMONIZER_MISSING__
FOODON:03315013,FOODON:00002373,is_a,FOODON,upstream,__ENVHARMONIZER_MISSING__,__ENVHARMONIZER_MISSING__,__ENVHARMONIZER_MISSING__
FOODON:03315026,FOODON:00002148,is_a,FOODON,upstream,__ENVHARMONIZER_MISSING__,__ENVHARMONIZER_MISSING__,__ENVHARMONIZER_MISSING__
FOODON:03315081,FOODON:00001138,is_a,FOODON,upstream,__ENVHARMONIZER_MISSING__,__ENVHARMONIZER_MISSING__,__ENVHARMONIZER_MISSING__
FOODON:03315106,FOODON:00002071,is_a,FOODON,upstream,__ENVHARMONIZER_MISSING__,__ENVHARMONIZER_MISSING__,__ENVHARMONIZER_MISSING__
FOODON:03315106,FOODON:00003324,is_a,FOODON,upstream,__ENVHARMONIZER_MISSING__,__ENVHARMONIZER_MISSING__,__ENVHARMONIZER_MISSING__
FOODON:03315184,FOODON:03307448,is_a,FOODON,upstream,__ENVHARMONIZER_MISSING__,__ENVHARMONIZER_MISSING__,__ENVHARMONIZER_MISSING__
FOODON:03315308,FOODON:00001261,is_a,FOODON,upstream,__ENVHARMONIZER_MISSING__,__ENVHARMONIZER_MISSING__,__ENVHARMONIZER_MISSING__
FOODON:03315354,FOODON:00001148,is_a,FOODON,upstream,__ENVHARMONIZER_MISSING__,__ENVHARMONIZER_MISSING__,__ENVHARMONIZER_MISSING__
FOODON:03315468,FOODON:00001293,is_a,FOODON,upstream,__ENVHARMONIZER_MISSING__,__ENVHARMONIZER_MISSING__,__ENVHARMONIZER_MISSING__
FOODON:03315521,FOODON:03310719,is_a,FOODON,upstream,__ENVHARMONIZER_MISSING__,__ENVHARMONIZER_MISSING__,__ENVHARMONIZER_MISSING__
FOODON:03315552,FOODON:03301977,is_a,FOODON,upstream,__ENVHARMONIZER_MISSING__,__ENVHARMONIZER_MISSING__,__ENVHARMONIZER_MISSING__
FOODON:03315614,FOODON:00001640,is_a,FOODON,upstream,__ENVHARMONIZER_MISSING__,__ENVHARMONIZER_MISSING__,__ENVHARMONIZER_MISSING__
FOODON:03315615,FOODON:00001057,is_a,FOODON,upstream,__ENVHARMONIZER_MISSING__,__ENVHARMONIZER_MISSING__,__ENVHARMONIZER_MISSING__
FOODON:03315904,FOODON:00001007,is_a,FOODON,upstream,__ENVHARMONIZER_MISSING__,__ENVHARMONIZER_MISSING__,__ENVHARMONIZER_MISSING__
FOODON:03316034,FOODON:00002797,is_a,FOODON,upstream,__ENVHARMONIZER_MISSING__,__ENVHARMONIZER_MISSING__,__ENVHARMONIZER_MISSING__
FOODON:03316034,FOODON:03315013,is_a,FOODON,upstream,__ENVHARMONIZER_MISSING__,__ENVHARMONIZER_MISSING__,__ENVHARMONIZER_MISSING__
FOODON:03316046,FOODON:02010033,is_a,FOODON,upstream,__ENVHARMONIZER_MISSING__,__ENVHARMONIZER_MISSING__,__ENVHARMONIZER_MISSING__
FOODON:03316046,FOODON:02020694,is_a,FOODON,upstream,__ENVHARMONIZER_MISSING__,__ENVHARMONIZER_MISSING__,__ENVHARMONIZER_MISSING__
FOODON:03316061,FOODON:02010002,is_a,FOODON,upstream,__ENVHARMONIZER_MISSING__,__ENVHARMONIZER_MISSING__,__ENVHARMONIZER_MISSING__
FOODON:03316061,FOODON:03315102,is_a,FOODON,upstream,__ENVHARMONIZER_MISSING__,__ENVHARMONIZER_MISSING__,__ENVHARMONIZER_MISSING__
FOODON:03316079,FOODON:00002275,is_a,FOODON,upstream,__ENVHARMONIZER_MISSING__,__ENVHARMONIZER_MISSING__,__ENVHARMONIZER_MISSING__
FOODON:03316271,FOODON:00002157,is_a,FOODON,upstream,__ENVHARMONIZER_MISSING__,__ENVHARMONIZER_MISSING__,__ENVHARMONIZER_MISSING__
FOODON:03316347,FOODON:00002069,is_a,FOODON,upstream,__ENVHARMONIZER_MISSING__,__ENVHARMONIZER_MISSING__,__ENVHARMONIZER_MISSING__
FOODON:03316579,FOODON:00002501,is_a,FOODON,upstream,__ENVHARMONIZER_MISSING__,__ENVHARMONIZER_MISSING__,__ENVHARMONIZER_MISSING__
FOODON:03317170,FOODON:00001006,is_a,FOODON,upstream,__ENVHARMONIZER_MISSING__,__ENVHARMONIZER_MISSING__,__ENVHARMONIZER_MISSING__
FOODON:03317238,FOODON:03303380,is_a,FOODON,upstream,__ENVHARMONIZER_MISSING__,__ENVHARMONIZER_MISSING__,__ENVHARMONIZER_MISSING__
FOODON:03317423,FOODON:00002147,is_a,FOODON,upstream,__ENVHARMONIZER_MISSING__,__ENVHARMONIZER_MISSING__,__ENVHARMONIZER_MISSING__
FOODON:03411021,FOODON:00003004,is_a,FOODON,upstream,__ENVHARMONIZER_MISSING__,__ENVHARMONIZER_MISSING__,__ENVHARMONIZER_MISSING__
FOODON:03411041,FOODON:00001714,is_a,FOODON,upstream,__ENVHARMONIZER_MISSING__,__ENVHARMONIZER_MISSING__,__ENVHARMONIZER_MISSING__
FOODON:03411058,FOODON:03411579,is_a,FOODON,upstream,__ENVHARMONIZER_MISSING__,__ENVHARMONIZER_MISSING__,__ENVHARMONIZER_MISSING__
FOODON:03411237,AMH:0000032,is_a,amosharmonizer,reviewed,seanthimons,2026-09-03,Shrimp is food despite its organism-material-only FoodOn path.
FOODON:03411237,FOODON:02021462,is_a,FOODON,upstream,__ENVHARMONIZER_MISSING__,__ENVHARMONIZER_MISSING__,__ENVHARMONIZER_MISSING__
FOODON:03411237,FOODON:03411998,is_a,FOODON,upstream,__ENVHARMONIZER_MISSING__,__ENVHARMONIZER_MISSING__,__ENVHARMONIZER_MISSING__
FOODON:03411374,FOODON:00005704,is_a,FOODON,upstream,__ENVHARMONIZER_MISSING__,__ENVHARMONIZER_MISSING__,__ENVHARMONIZER_MISSING__
FOODON:03411374,FOODON:03411433,is_a,FOODON,upstream,__ENVHARMONIZER_MISSING__,__ENVHARMONIZER_MISSING__,__ENVHARMONIZER_MISSING__
FOODON:03411433,FOODON:00002581,is_a,FOODON,upstream,__ENVHARMONIZER_MISSING__,__ENVHARMONIZER_MISSING__,__ENVHARMONIZER_MISSING__
FOODON:03411433,FOODON:03411021,is_a,FOODON,upstream,__ENVHARMONIZER_MISSING__,__ENVHARMONIZER_MISSING__,__ENVHARMONIZER_MISSING__
FOODON:03411478,FOODON:00002695,is_a,FOODON,upstream,__ENVHARMONIZER_MISSING__,__ENVHARMONIZER_MISSING__,__ENVHARMONIZER_MISSING__
FOODON:03411478,FOODON:03411058,is_a,FOODON,upstream,__ENVHARMONIZER_MISSING__,__ENVHARMONIZER_MISSING__,__ENVHARMONIZER_MISSING__
FOODON:03411478,FOODON:03414302,is_a,FOODON,upstream,__ENVHARMONIZER_MISSING__,__ENVHARMONIZER_MISSING__,__ENVHARMONIZER_MISSING__
FOODON:03411998,FOODON:00005708,is_a,FOODON,upstream,__ENVHARMONIZER_MISSING__,__ENVHARMONIZER_MISSING__,__ENVHARMONIZER_MISSING__
FOODON:03411998,FOODON:03411374,is_a,FOODON,upstream,__ENVHARMONIZER_MISSING__,__ENVHARMONIZER_MISSING__,__ENVHARMONIZER_MISSING__
FOODON:03412972,FOODON:03411041,is_a,FOODON,upstream,__ENVHARMONIZER_MISSING__,__ENVHARMONIZER_MISSING__,__ENVHARMONIZER_MISSING__
FOODON:03413114,FOODON:00004340,is_a,FOODON,upstream,__ENVHARMONIZER_MISSING__,__ENVHARMONIZER_MISSING__,__ENVHARMONIZER_MISSING__
FOODON:03413114,FOODON:03412972,is_a,FOODON,upstream,__ENVHARMONIZER_MISSING__,__ENVHARMONIZER_MISSING__,__ENVHARMONIZER_MISSING__
FOODON:03414302,FOODON:03413357,is_a,FOODON,upstream,__ENVHARMONIZER_MISSING__,__ENVHARMONIZER_MISSING__,__ENVHARMONIZER_MISSING__
FOODON:03420102,FOODON:03304313,is_a,FOODON,upstream,__ENVHARMONIZER_MISSING__,__ENVHARMONIZER_MISSING__,__ENVHARMONIZER_MISSING__
FOODON:03420102,FOODON:03420133,is_a,FOODON,upstream,__ENVHARMONIZER_MISSING__,__ENVHARMONIZER_MISSING__,__ENVHARMONIZER_MISSING__
FOODON:03420106,FOODON:03420218,is_a,FOODON,upstream,__ENVHARMONIZER_MISSING__,__ENVHARMONIZER_MISSING__,__ENVHARMONIZER_MISSING__
FOODON:03420116,AMH:0000049,is_a,amosharmonizer,reviewed,seanthimons,2026-09-03,FoodOn organism material branch retained for reviewed plant and animal material targets.
FOODON:03420133,FOODON:03420135,is_a,FOODON,upstream,__ENVHARMONIZER_MISSING__,__ENVHARMONIZER_MISSING__,__ENVHARMONIZER_MISSING__
FOODON:03420134,FOODON:03420178,is_a,FOODON,upstream,__ENVHARMONIZER_MISSING__,__ENVHARMONIZER_MISSING__,__ENVHARMONIZER_MISSING__
FOODON:03420135,FOODON:03420178,is_a,FOODON,upstream,__ENVHARMONIZER_MISSING__,__ENVHARMONIZER_MISSING__,__ENVHARMONIZER_MISSING__
FOODON:03420157,FOODON:00001083,is_a,FOODON,upstream,__ENVHARMONIZER_MISSING__,__ENVHARMONIZER_MISSING__,__ENVHARMONIZER_MISSING__
FOODON:03420157,FOODON:03301073,is_a,FOODON,upstream,__ENVHARMONIZER_MISSING__,__ENVHARMONIZER_MISSING__,__ENVHARMONIZER_MISSING__
FOODON:03420164,FOODON:03420116,is_a,FOODON,upstream,__ENVHARMONIZER_MISSING__,__ENVHARMONIZER_MISSING__,__ENVHARMONIZER_MISSING__
FOODON:03420190,FOODON:00002196,is_a,FOODON,upstream,__ENVHARMONIZER_MISSING__,__ENVHARMONIZER_MISSING__,__ENVHARMONIZER_MISSING__
FOODON:03420190,FOODON:00002664,is_a,FOODON,upstream,__ENVHARMONIZER_MISSING__,__ENVHARMONIZER_MISSING__,__ENVHARMONIZER_MISSING__
FOODON:03420208,FOODON:03420134,is_a,FOODON,upstream,__ENVHARMONIZER_MISSING__,__ENVHARMONIZER_MISSING__,__ENVHARMONIZER_MISSING__
FOODON:03420218,FOODON:00004436,is_a,FOODON,upstream,__ENVHARMONIZER_MISSING__,__ENVHARMONIZER_MISSING__,__ENVHARMONIZER_MISSING__
FOODON:03420228,FOODON:00001714,is_a,FOODON,upstream,__ENVHARMONIZER_MISSING__,__ENVHARMONIZER_MISSING__,__ENVHARMONIZER_MISSING__
FOODON:03420307,FOODON:00001087,is_a,FOODON,upstream,__ENVHARMONIZER_MISSING__,__ENVHARMONIZER_MISSING__,__ENVHARMONIZER_MISSING__
FOODON:03430130,FOODON:00002454,is_a,FOODON,upstream,__ENVHARMONIZER_MISSING__,__ENVHARMONIZER_MISSING__,__ENVHARMONIZER_MISSING__
FOODON:03460177,FOODON:00001015,is_a,FOODON,upstream,__ENVHARMONIZER_MISSING__,__ENVHARMONIZER_MISSING__,__ENVHARMONIZER_MISSING__
FOODON:03460231,FOODON:00001215,is_a,FOODON,upstream,__ENVHARMONIZER_MISSING__,__ENVHARMONIZER_MISSING__,__ENVHARMONIZER_MISSING__
FOODON:03460263,FOODON:00001174,is_a,FOODON,upstream,__ENVHARMONIZER_MISSING__,__ENVHARMONIZER_MISSING__,__ENVHARMONIZER_MISSING__
